date,pm25,pm10,o3,no2,so2,co,location,temperature_2m_max,temperature_2m_min,temperature_2m_mean,relative_humidity_2m_mean,wind_speed_10m_max,wind_speed_10m_mean,wind_direction_10m_dominant,pressure_msl_mean,precipitation_sum
27-12-2021,163,97,2,5,7,15,"Bandra Kurla Complex, Mumbai",29.4,17.9,23,73,13.8,9,357,1014.2,0
28-12-2021,105,6,2,4,7,8,"Bandra Kurla Complex, Mumbai",28,18.4,22.8,75,21.5,11.1,343,1013.6,0
29-12-2021,4,4,4,7,15,9,"Bandra Kurla Complex, Mumbai",27.5,19.5,22.8,66,20.8,13.9,352,1013.9,0
30-12-2021,4,45.5,2.5,8,11,20.5,"Bandra Kurla Complex, Mumbai",30,18.8,23.2,66,20.8,11.5,15,1014.6,0
31-12-2021,79,87,1,9,7,32,"Bandra Kurla Complex, Mumbai",31.4,20.9,24.8,66,16.3,12,37,1015.4,0
01-01-2022,154,96,4,20,15,14,"Bandra Kurla Complex, Mumbai",31.3,20.4,24.8,64,13.9,10.7,28,1015.8,0
02-01-2022,157,99,4,10,8,10.5,"Bandra Kurla Complex, Mumbai",30.6,20.5,24.8,65,14.1,9.2,10,1014.6,0
03-01-2022,154,105,10,4,9,7,"Bandra Kurla Complex, Mumbai",30.9,21.4,25,68,13.8,9,9,1014,0
04-01-2022,163,106,13,10,12,7,"Bandra Kurla Complex, Mumbai",31.2,20.4,24.7,73,15.1,8.6,3,1013.9,0
05-01-2022,164,92,3,7,13,4,"Bandra Kurla Complex, Mumbai",28.5,20.4,24.1,80,17.3,8,328,1013.5,0
06-01-2022,154,100,5,1,8,3,"Bandra Kurla Complex, Mumbai",27.9,20.5,23.5,80,16.5,9.3,344,1013.1,0
07-01-2022,157,93,3,2,7,2,"Bandra Kurla Complex, Mumbai",27.4,19.6,23.2,79,15.5,7,301,1012.5,0
08-01-2022,153,71,8,5,11,1.666666667,"Bandra Kurla Complex, Mumbai",24.5,21,22.5,85,12.1,7.3,357,1013.8,2.3
09-01-2022,122,71,8,1,7,1.333333333,"Bandra Kurla Complex, Mumbai",25.4,18.8,21.7,58,22,14.9,347,1013.9,0
10-01-2022,122,101,9,3,12,1,"Bandra Kurla Complex, Mumbai",24.2,16,19.6,57,23.1,13.6,348,1014,0
11-01-2022,161,89,13,2,14,16,"Bandra Kurla Complex, Mumbai",24.5,14.8,19.6,72,15.2,8.7,348,1013.6,0
12-01-2022,152,109,20,1,16,15,"Bandra Kurla Complex, Mumbai",25,16.4,20.7,68,18.4,12.1,345,1013.2,0
13-01-2022,166,57,5,3,6,14,"Bandra Kurla Complex, Mumbai",25.9,15.6,20.6,72,15.4,7.5,341,1012.3,0
14-01-2022,91,32,9,1,16,11,"Bandra Kurla Complex, Mumbai",25.8,17.2,21.4,76,16.1,9.3,345,1012.3,0
15-01-2022,57,74.5,6.5,1,14.5,17.5,"Bandra Kurla Complex, Mumbai",28.8,18,22.5,67,20.5,11.3,8,1012.9,0
16-01-2022,113.5,117,4,1,13,24,"Bandra Kurla Complex, Mumbai",31.4,19,24,59,18.7,11.7,38,1013.2,0
17-01-2022,170,106,11,1,17,14,"Bandra Kurla Complex, Mumbai",30.7,20.3,24.5,65,14.8,10.2,8,1015.1,0
18-01-2022,164,112,14,2,17,13,"Bandra Kurla Complex, Mumbai",29,20,24.1,67,19,11,351,1014.9,0
19-01-2022,168,96,5,3,28,20,"Bandra Kurla Complex, Mumbai",29.2,18.8,23.6,69,17.2,9.9,343,1013.5,0
20-01-2022,151,83,4.5,2,16.5,15.33333333,"Bandra Kurla Complex, Mumbai",27.5,19,22.7,70,16.1,10.1,332,1012,0
21-01-2022,139.5,70,4,1,5,10.66666667,"Bandra Kurla Complex, Mumbai",27.1,18.8,22.4,84,14.2,8,336,1011.8,0
22-01-2022,128,111,10,2,4,6,"Bandra Kurla Complex, Mumbai",26.6,20.2,23.5,81,22.7,11.8,279,1010.3,1
23-01-2022,268,170,15,4,7,37,"Bandra Kurla Complex, Mumbai",23.3,17.6,21.5,60,22.4,16.8,316,1011.6,0.4
24-01-2022,195,149,9,4.666666667,13,34.5,"Bandra Kurla Complex, Mumbai",24.2,14.3,19.1,57,25.5,12.8,1,1012.5,0
25-01-2022,186,133,11,5.333333333,18,32,"Bandra Kurla Complex, Mumbai",25.4,14.2,19.7,56,18.8,11.5,353,1012.1,0
26-01-2022,178,112,10,6,18,1,"Bandra Kurla Complex, Mumbai",27.2,15.8,21,55,19.9,12.2,355,1011.9,0
27-01-2022,167,93,8,1,3,2,"Bandra Kurla Complex, Mumbai",29.2,16.9,22.1,53,20.5,10.6,3,1012.2,0
28-01-2022,157,83,16,4,4,6,"Bandra Kurla Complex, Mumbai",30.6,18.5,23.6,45,17.8,13.6,26,1013.1,0
29-01-2022,152,83,11,3,4,5,"Bandra Kurla Complex, Mumbai",31,17.1,23,49,17.2,11,11,1014,0
30-01-2022,152,82,13,2,5,5,"Bandra Kurla Complex, Mumbai",29.9,16.2,22.3,56,15.2,9.9,352,1012.9,0
31-01-2022,152,82,15,3,7,5,"Bandra Kurla Complex, Mumbai",29.2,16.8,22.4,56,17.3,10.7,341,1012.1,0
01-02-2022,152,82,16,2,4,5,"Bandra Kurla Complex, Mumbai",29.4,16,21.8,65,20.1,12.1,344,1011.3,0
02-02-2022,151,82,15,3,4,5,"Bandra Kurla Complex, Mumbai",27.9,16.5,21.8,78,18.1,10.3,330,1011.4,0
03-02-2022,152,83,16,4,4,5,"Bandra Kurla Complex, Mumbai",26.2,17,21.8,85,13.1,7.5,265,1011.4,0
04-02-2022,153,83,15,3,4,5,"Bandra Kurla Complex, Mumbai",26,18.6,22.2,75,12.7,7.7,299,1011,0
05-02-2022,152,82,8,3,4,5,"Bandra Kurla Complex, Mumbai",27.6,15.6,21.3,70,19.2,10.3,347,1011.5,0
06-02-2022,152,83,16,3,9,5,"Bandra Kurla Complex, Mumbai",27.5,17.5,21.9,69,19.4,10.3,325,1013.1,0
07-02-2022,152,83,16,3,9,5,"Bandra Kurla Complex, Mumbai",26,18.2,21.6,81,21.9,11.4,332,1014.4,0
08-02-2022,152,82,8,2,3,5,"Bandra Kurla Complex, Mumbai",25.6,18.2,21.6,80,17.3,10,325,1013.7,0
09-02-2022,152,98,15,2,4,8,"Bandra Kurla Complex, Mumbai",26.4,17.7,21.7,79,19.3,11.6,345,1013.2,0
10-02-2022,160,102,5,2.5,5,16,"Bandra Kurla Complex, Mumbai",30.2,18.5,23.6,56,24,13.5,346,1012.5,0
11-02-2022,161,102,13,3,13,18,"Bandra Kurla Complex, Mumbai",32.2,20.9,25.4,45,21.7,14.5,9,1011.9,0
12-02-2022,161,108,9,3.5,7,18,"Bandra Kurla Complex, Mumbai",30.8,20,24.5,50,21,11.9,347,1011.7,0
13-02-2022,165,90,7,4,3,14,"Bandra Kurla Complex, Mumbai",30.2,18.5,23.7,59,19.5,10.7,337,1010.2,0
14-02-2022,151,118,10,8,12,8,"Bandra Kurla Complex, Mumbai",29,18.6,23.6,53,19.5,11.9,345,1010.7,0
15-02-2022,170,87.5,15,5.5,7,6.5,"Bandra Kurla Complex, Mumbai",27.2,19,22.9,65,17.3,11.3,332,1010.9,0
16-02-2022,135.5,57,20,3,2,5,"Bandra Kurla Complex, Mumbai",26.5,18.7,22.1,80,16.5,9.4,332,1009.4,0
17-02-2022,101,85,16,7,10,8,"Bandra Kurla Complex, Mumbai",26.9,17.6,21.9,81,14,6.8,323,1008.2,0
18-02-2022,144,103,19,7,10,10,"Bandra Kurla Complex, Mumbai",28.1,18.4,23.1,78,14.6,6.8,284,1009.1,0
19-02-2022,162,90,23,7,13,5,"Bandra Kurla Complex, Mumbai",29.6,18.9,23.7,75,17.9,9.9,327,1011.1,0
20-02-2022,154,111,20,7,5,8,"Bandra Kurla Complex, Mumbai",31,19.4,24.4,63,20.2,11.7,339,1010.8,0
21-02-2022,166,100,15,7,11,6,"Bandra Kurla Complex, Mumbai",31.2,17.9,23.9,55,22.9,12.8,338,1010.1,0
22-02-2022,159,72,4,3,3,7,"Bandra Kurla Complex, Mumbai",30.4,18.4,23.5,65,21.8,10.6,334,1010.9,0
23-02-2022,124,112,17,6,12,5,"Bandra Kurla Complex, Mumbai",29.9,18.5,24.1,65,18.9,11.2,338,1012.3,0
24-02-2022,167,141,8,4,6,7,"Bandra Kurla Complex, Mumbai",30.2,20.1,25.2,61,20.1,11.5,328,1013.6,0
25-02-2022,184,117,13,7,10,4,"Bandra Kurla Complex, Mumbai",30.7,20.6,25.3,56,22.9,12.5,325,1013,0
26-02-2022,171,105,11,4,4,2,"Bandra Kurla Complex, Mumbai",30.5,20,24.7,62,21.8,12.6,334,1012.9,0
27-02-2022,165,129,22,8,12,3,"Bandra Kurla Complex, Mumbai",31.1,19.9,25.2,54,24.2,12.3,332,1013.1,0
28-02-2022,177,118,24,4,13,2.5,"Bandra Kurla Complex, Mumbai",32.3,20,25.5,49,21.3,11.4,332,1012.6,0
01-03-2022,171,134,11,3,6,2,"Bandra Kurla Complex, Mumbai",32.5,21,25.9,51,18.9,11,337,1012.6,0
02-03-2022,180,138,11,4,6,4,"Bandra Kurla Complex, Mumbai",34.5,21.6,27,50,22.4,12,339,1011.6,0
03-03-2022,181,120,14,5,14,2,"Bandra Kurla Complex, Mumbai",35.3,21.6,27.7,43,24.7,15.4,345,1011.5,0
04-03-2022,171,118,25,5,16,7,"Bandra Kurla Complex, Mumbai",34.5,23.8,27.6,37,24.7,16.2,343,1011.9,0
05-03-2022,170,111,26,6,18,12,"Bandra Kurla Complex, Mumbai",34.2,20.8,26.6,48,23.7,11.5,337,1010.9,0
06-03-2022,166,103,10,3,7,17,"Bandra Kurla Complex, Mumbai",34.2,22.5,27.3,51,20.4,11,327,1009.8,0
07-03-2022,162,114,15,6,18,22,"Bandra Kurla Complex, Mumbai",32.2,24.2,27.7,54,16,10.6,326,1010.1,0
08-03-2022,166,117,9,3,7,14,"Bandra Kurla Complex, Mumbai",36,25.2,29,52,23.2,13.7,354,1010.1,0
09-03-2022,169,112,11,6,8,21,"Bandra Kurla Complex, Mumbai",34,24.5,28.4,54,16.9,10.1,342,1010.1,0.1
10-03-2022,168,109,11,7,10,9,"Bandra Kurla Complex, Mumbai",33.8,23.1,28.1,54,19,10.6,346,1009.9,0
11-03-2022,165,90,32,6,12,3,"Bandra Kurla Complex, Mumbai",33.2,24,28.4,51,16.5,9.7,330,1009.6,0
12-03-2022,153,106,20,6,11,5,"Bandra Kurla Complex, Mumbai",36.3,22.8,28.6,52,18,10.1,334,1009.3,0
13-03-2022,162,121,15,6,13,9,"Bandra Kurla Complex, Mumbai",36.2,22.5,29,47,23.3,12.5,342,1009.5,0
14-03-2022,171,152,26,7,16,5,"Bandra Kurla Complex, Mumbai",36,22.8,29.1,36,21.5,12.7,346,1009.9,0
15-03-2022,188,160,9,6,16,7,"Bandra Kurla Complex, Mumbai",36,23.8,29.6,43,22.2,13.5,337,1008.6,0
16-03-2022,191,121,20,6,6,3,"Bandra Kurla Complex, Mumbai",35.3,23.2,29.9,45,26,14.3,338,1007.2,0
17-03-2022,171,101,22,3,16,3,"Bandra Kurla Complex, Mumbai",35.5,24.5,29.8,44,23.5,12.8,328,1006.4,0
18-03-2022,159,67,5,3,3,6,"Bandra Kurla Complex, Mumbai",34.8,22.8,29.2,54,27.1,14.1,327,1006.1,0
19-03-2022,120,73,9,3,6,5,"Bandra Kurla Complex, Mumbai",32,23.5,27.7,71,20.8,10.1,277,1006.4,0
20-03-2022,127,103,12,5,6,9,"Bandra Kurla Complex, Mumbai",30.2,24,27,79,26.9,9.8,268,1007.2,0
21-03-2022,163,110,13,5,11,10,"Bandra Kurla Complex, Mumbai",30.5,22.5,26.8,75,24.2,11.6,321,1008,0
22-03-2022,166,122,15,6,9,15,"Bandra Kurla Complex, Mumbai",34.2,24.5,29.3,46,26.5,14.7,339,1007.3,0
23-03-2022,172,108,10,5,8,12,"Bandra Kurla Complex, Mumbai",38,26.1,30.9,31,28,16.2,345,1006.4,0
24-03-2022,165,75,38,6,9,12,"Bandra Kurla Complex, Mumbai",33.7,24.9,28.5,46,20.1,9.5,301,1006.9,0
25-03-2022,132,70,23,4,4,17,"Bandra Kurla Complex, Mumbai",32,23.8,27.4,74,21.6,8.5,287,1008.4,0
26-03-2022,128,71,22,4,5,14,"Bandra Kurla Complex, Mumbai",32.4,23.3,27.5,78,22.2,8.4,291,1010.6,0
27-03-2022,131,79,10,3,1,21,"Bandra Kurla Complex, Mumbai",32.3,23.6,27.6,77,21.2,8.9,296,1010.8,0
28-03-2022,144,89,21,2,8,17,"Bandra Kurla Complex, Mumbai",32.3,24.2,27.6,81,20.7,9.7,297,1009.9,0
29-03-2022,155,86,26,2,2,19,"Bandra Kurla Complex, Mumbai",33.5,23.2,28.4,68,20.4,11.5,318,1008.6,0
30-03-2022,146,85,11,2,1,13,"Bandra Kurla Complex, Mumbai",33.8,22.8,28.2,69,19.4,10.5,321,1008.4,0
31-03-2022,147,138,25,3,2,11,"Bandra Kurla Complex, Mumbai",31.9,22,26.6,74,17.4,8.8,318,1009.2,0
01-04-2022,181,118,13,3,1,8,"Bandra Kurla Complex, Mumbai",33,22.1,26.7,76,19.1,9.2,311,1009.1,0
02-04-2022,171,106,20,2,1,9,"Bandra Kurla Complex, Mumbai",31,23.3,27,79,19.4,7.6,273,1010.1,0
03-04-2022,165,86,13,2,1,8,"Bandra Kurla Complex, Mumbai",31.5,23,27.2,80,23.4,9.7,302,1009.4,0
04-04-2022,151,68,13,3,1,10,"Bandra Kurla Complex, Mumbai",32,25,27.9,81,23.9,9.7,276,1009.6,0
05-04-2022,124,69,12,3,1,11,"Bandra Kurla Complex, Mumbai",32.2,24.6,28.2,82,22.5,10.1,275,1011.3,0
06-04-2022,126,65,29,6,4,11,"Bandra Kurla Complex, Mumbai",32,24.9,28.2,81,19.8,10.6,265,1011.7,0
07-04-2022,114,60,25,6,4,13,"Bandra Kurla Complex, Mumbai",32.5,25.2,28.4,80,18.9,8.4,265,1010.4,0
08-04-2022,106,57,38,3,3.666666667,11,"Bandra Kurla Complex, Mumbai",33.4,24.4,28.4,80,21.3,9.9,240,1008.7,0
09-04-2022,98,52,50,3,3.333333333,6,"Bandra Kurla Complex, Mumbai",32,26,28.6,81,17.4,10.1,216,1008.6,0
10-04-2022,88,45,31,6,3,6,"Bandra Kurla Complex, Mumbai",32.6,26,28.8,74,19.6,9.9,255,1008.6,0
11-04-2022,78,5,26,6,6,14,"Bandra Kurla Complex, Mumbai",32.5,25.5,28.6,75,23.4,9.2,286,1007.6,0
12-04-2022,12,5,31.5,3,3,10,"Bandra Kurla Complex, Mumbai",33.6,24,28.7,73,22.7,11.4,321,1006.3,0
13-04-2022,12,3,37,3,1,5,"Bandra Kurla Complex, Mumbai",34.8,24.2,29.3,69,23.1,12.4,326,1005.5,0
14-04-2022,7,3,32,6,1,4,"Bandra Kurla Complex, Mumbai",32,25.2,28.5,78,18,9.9,278,1006.5,0
15-04-2022,6,24.33333333,44.66666667,5,1,5.333333333,"Bandra Kurla Complex, Mumbai",32,25.4,28.3,75,18.9,8.8,264,1007.3,0
17-04-2022,84.66666667,67,70,3,1,8,"Bandra Kurla Complex, Mumbai",32,24.7,28.1,75,19.9,10.1,259,1007.4,0
18-04-2022,124,68,50,6,4,6,"Bandra Kurla Complex, Mumbai",31.5,24.8,28.1,77,23.8,9.3,285,1009.6,0
19-04-2022,127,76,43,3,2,13,"Bandra Kurla Complex, Mumbai",32.2,24.8,28.2,78,23.4,11.4,309,1010.9,0
20-04-2022,142,121,34,6,10,24,"Bandra Kurla Complex, Mumbai",32.9,25.1,29.1,76,22.5,12.8,324,1008.6,0
21-04-2022,173,99,25,6,12,10,"Bandra Kurla Complex, Mumbai",38.3,28.1,32,47,29.8,17,338,1006.2,0
22-04-2022,159,90,16,6,10,6,"Bandra Kurla Complex, Mumbai",36.3,26.8,31.2,58,21.3,11.7,326,1006.9,0
23-04-2022,148,64,16,6,10,5,"Bandra Kurla Complex, Mumbai",37,26.3,30.9,69,17.7,9.1,285,1007.8,0
24-04-2022,116,83,15,6,9,5,"Bandra Kurla Complex, Mumbai",33.9,27,30,78,17.3,10.9,247,1008.3,0
25-04-2022,147,69,8,3,3,5,"Bandra Kurla Complex, Mumbai",36.5,25.4,30.8,60,23.7,12,330,1006.6,0
26-04-2022,126,73.5,8,3,2.5,5,"Bandra Kurla Complex, Mumbai",33.9,26.3,30.1,68,19.2,12,286,1007.4,0
27-04-2022,130,78,8,3,2,5,"Bandra Kurla Complex, Mumbai",35.4,25.9,30.9,61,24,13.5,330,1006.1,0
28-04-2022,134,63,8,3,1,4,"Bandra Kurla Complex, Mumbai",36.2,26.4,31,62,19.5,9.8,287,1006.7,0
29-04-2022,114,58,16,3,2,5,"Bandra Kurla Complex, Mumbai",33.3,27.8,30.1,77,17,14,244,1008.6,0
30-04-2022,102,43,16,6,10,6,"Bandra Kurla Complex, Mumbai",33,25.7,29.3,77,18.7,10.3,236,1007.2,0
01-05-2022,75,51,8,3,3,17,"Bandra Kurla Complex, Mumbai",33,26.2,29.5,79,16.7,9.7,246,1006.2,0
02-05-2022,89,57,16,6,8,6,"Bandra Kurla Complex, Mumbai",32.6,27.9,29.9,76,19.8,10.9,248,1006.4,0
03-05-2022,96,71,16,6,9,5,"Bandra Kurla Complex, Mumbai",32.9,27.2,29.9,76,19.6,9.8,271,1007.2,0
04-05-2022,127,74,16,6,8,6,"Bandra Kurla Complex, Mumbai",32.7,26.9,29.3,76,21.3,10.4,293,1008.2,0
05-05-2022,133,98,16,5,10,6,"Bandra Kurla Complex, Mumbai",33.1,25.6,28.9,79,23.4,12.2,318,1008.1,0
06-05-2022,159,95.33333333,8,6,9,6,"Bandra Kurla Complex, Mumbai",32.8,26.4,29.1,77,22.5,12.4,316,1007.5,0.1
07-05-2022,158,92.66666667,8,6,8,6,"Bandra Kurla Complex, Mumbai",33,26.1,29.3,79,22.9,11.7,306,1006.9,0
08-05-2022,157,90,8,6,7,6,"Bandra Kurla Complex, Mumbai",33.2,26.3,29.6,80,26.7,12,308,1005,0
10-05-2022,155,66,8,6,2,6,"Bandra Kurla Complex, Mumbai",32.7,28,29.9,75,24.5,13.5,297,1003.9,0
11-05-2022,96,82,16,5,4,5,"Bandra Kurla Complex, Mumbai",32.5,27.5,29.7,76,19.8,11.6,270,1003.8,0
12-05-2022,153,82,16,6,10,5,"Bandra Kurla Complex, Mumbai",32.6,28.5,29.9,71,18.4,14.8,251,1004.8,0
13-05-2022,153,83,16,3,3,5,"Bandra Kurla Complex, Mumbai",32.1,28.2,29.8,71,18.5,13.7,242,1004.5,0
14-05-2022,153,83,8,3,4,5,"Bandra Kurla Complex, Mumbai",32.3,28.1,29.8,71,17.1,12.4,250,1005,0
15-05-2022,152,83,8,3,4,5,"Bandra Kurla Complex, Mumbai",32.9,28.1,29.9,72,18.1,12.8,270,1006,0
16-05-2022,152,83,9.6,3.6,5.2,5,"Bandra Kurla Complex, Mumbai",32.7,27.3,29.7,74,23.3,12.2,294,1005.4,0
20-05-2022,152,83,16,6,10,5,"Bandra Kurla Complex, Mumbai",32,27.9,29.6,68,19.6,14.1,248,1006.3,0.1
21-05-2022,152,82,16,3,3,5,"Bandra Kurla Complex, Mumbai",32.5,28.5,30.2,64,21.6,16.6,239,1006.1,0.1
22-05-2022,152,82,8,3,10,5,"Bandra Kurla Complex, Mumbai",32.5,28.8,30.2,66,22.9,20.3,246,1004.3,1
23-05-2022,153,80,16,6,10,6,"Bandra Kurla Complex, Mumbai",32.8,28.6,30.2,69,22.6,19.6,244,1003.6,2.7
24-05-2022,146,66,8,3,1,6,"Bandra Kurla Complex, Mumbai",32.6,28.3,30.2,69,22,16.8,257,1006.1,0.4
25-05-2022,121,63,16,6,2,11,"Bandra Kurla Complex, Mumbai",32.4,27.6,29.7,70,18.7,12.4,282,1008.4,0.6
26-05-2022,115,56,15,6,2,10,"Bandra Kurla Complex, Mumbai",32.8,27.9,30.1,64,18.4,13,270,1008.1,0
27-05-2022,99,49,16,3,1,8,"Bandra Kurla Complex, Mumbai",33.2,28.5,30.4,61,20.1,15,257,1007.8,0
28-05-2022,86,52,16,6,3,10,"Bandra Kurla Complex, Mumbai",33,28.6,30.4,61,20.2,15.7,256,1006.9,0
29-05-2022,91,57,16,3,2,10,"Bandra Kurla Complex, Mumbai",33.1,28.9,30.5,61,20.6,15.9,259,1006.9,0.1
30-05-2022,104,63,16,3,2,10,"Bandra Kurla Complex, Mumbai",32.6,28.2,30.1,64,20.3,14.1,267,1006.6,0.1
31-05-2022,115,61,16,6,1,9,"Bandra Kurla Complex, Mumbai",32.8,28.1,30,66,21.4,13.7,283,1006,0
01-06-2022,114,68,15,6,2,9,"Bandra Kurla Complex, Mumbai",32.2,28.2,29.8,67,21.3,13.4,284,1006.1,0
02-06-2022,134,68,16,3,3,7,"Bandra Kurla Complex, Mumbai",32.2,27.9,29.7,69,21.1,13.2,281,1006.3,0
03-06-2022,133,58,16,6,3,9,"Bandra Kurla Complex, Mumbai",31.8,27.6,29.3,71,20.3,13.5,282,1006.1,0
04-06-2022,105,48,16,3,1,9,"Bandra Kurla Complex, Mumbai",32.4,27.6,29.7,71,18.9,12.8,288,1005.6,0
05-06-2022,86,49,16,3,1,10,"Bandra Kurla Complex, Mumbai",32.3,27.5,29.6,72,20.6,10.5,278,1005.5,0
06-06-2022,87,48,16,3,3,12,"Bandra Kurla Complex, Mumbai",32.1,27.6,29.7,71,17.9,10.4,256,1005.9,0
07-06-2022,88,30,8,3,1,10,"Bandra Kurla Complex, Mumbai",32.7,27.9,29.7,73,18.2,9.9,244,1006.2,1
08-06-2022,61,34,15,3,1,8,"Bandra Kurla Complex, Mumbai",31.8,27.1,29.3,78,17.8,12.9,244,1005.9,2.5
09-06-2022,68,30,9,3,6,7,"Bandra Kurla Complex, Mumbai",31,26.6,28.9,78,16.9,10.8,240,1004.8,7.3
10-06-2022,59,16,7,6,1,5,"Bandra Kurla Complex, Mumbai",30.8,26.5,28.1,81,18.7,12.2,199,1004.8,13.8
11-06-2022,34,11,30,3,6,5,"Bandra Kurla Complex, Mumbai",29.8,25.6,27.2,84,23,15.9,199,1005.4,25.2
12-06-2022,25,47,8,3,4.666666667,7,"Bandra Kurla Complex, Mumbai",28.4,25.7,26.7,85,25.3,17,188,1005.3,15.9
13-06-2022,86,43,10,3,3.333333333,25,"Bandra Kurla Complex, Mumbai",29.6,25.1,27.5,83,26.3,19.6,189,1006.5,8
14-06-2022,80,42,19,6,2,25,"Bandra Kurla Complex, Mumbai",30.5,25.5,28.2,80,22.9,18.7,198,1006.7,2.5
15-06-2022,78,47,9,3,1.75,13,"Bandra Kurla Complex, Mumbai",30,26.2,28.2,80,21,15,223,1006.1,6.1
16-06-2022,88,44,9,3,1.5,6,"Bandra Kurla Complex, Mumbai",30.1,25.8,27.9,82,20.1,13.6,209,1005.7,5.1
17-06-2022,80,42,11,3,1.25,4,"Bandra Kurla Complex, Mumbai",29.8,26,27.9,83,19.8,14.7,206,1005.1,3
18-06-2022,77,17,12,6,1,4,"Bandra Kurla Complex, Mumbai",29.8,26.5,28.3,81,22.4,16.3,204,1005.2,6.6
19-06-2022,39,18,11,3,1.5,6,"Bandra Kurla Complex, Mumbai",28.4,25.3,26.9,86,22,17.4,211,1005.8,36.7
20-06-2022,40,23,15,3,2,8,"Bandra Kurla Complex, Mumbai",26.7,25.1,26,91,18.4,14.3,227,1004.8,54.8
21-06-2022,50,38,25,3,1,10,"Bandra Kurla Complex, Mumbai",27.9,24.8,26.1,89,21,15.6,203,1002.7,23
22-06-2022,72,46,26,6,2,10,"Bandra Kurla Complex, Mumbai",29.2,25,26.5,88,19.2,13.4,184,1003.9,26.9
23-06-2022,83,36.5,14,3,1,18,"Bandra Kurla Complex, Mumbai",28.6,24.7,26.3,89,12.9,9.5,160,1005,46.8
24-06-2022,67,27,15,3,1,18,"Bandra Kurla Complex, Mumbai",29.9,25.5,26.7,88,22.7,13.7,151,1003.2,17.5
25-06-2022,51,16,33,6,7,25.5,"Bandra Kurla Complex, Mumbai",29.3,25.5,26.7,87,22.9,17.9,143,1000.3,15.6
26-06-2022,36,35,27,6,2,33,"Bandra Kurla Complex, Mumbai",28,25.3,26.2,89,29.5,22.5,158,1000.6,15.7
27-06-2022,69,43,10,3,1.5,5,"Bandra Kurla Complex, Mumbai",28.3,25.4,26.4,88,23.2,18.4,199,1003.1,31.7
28-06-2022,80,50,19,3,1,29,"Bandra Kurla Complex, Mumbai",28.1,25.5,26.5,88,20,15.8,203,1004.6,10
29-06-2022,88,51,46,6,1.666666667,32.33333333,"Bandra Kurla Complex, Mumbai",28.4,25.6,26.7,88,19.4,15.1,217,1003.5,16
30-06-2022,87,31,47,6,2.333333333,35.66666667,"Bandra Kurla Complex, Mumbai",27.8,25.4,26.2,90,20.2,14.1,221,1003.4,41.6
01-07-2022,62,60,37,6,3,39,"Bandra Kurla Complex, Mumbai",26.4,24.9,25.7,92,18.6,14.9,222,1004,43.4
02-07-2022,109,55,16,6,2.6,26,"Bandra Kurla Complex, Mumbai",27.5,25.1,26.1,89,21.1,15.9,232,1002.7,23.9
03-07-2022,99,37,34,6,2.2,27,"Bandra Kurla Complex, Mumbai",27.2,24.9,26.2,89,23.1,16.9,217,1002.4,20.5
04-07-2022,71,45,34,6,1.8,24,"Bandra Kurla Complex, Mumbai",27,25.1,26,89,20.6,15.9,227,1002.3,28.2
05-07-2022,76,62,34,3,1.65,19,"Bandra Kurla Complex, Mumbai",26.5,25.2,25.8,91,21.1,17.4,245,1001,55.5
06-07-2022,102,45,37,3,1,15,"Bandra Kurla Complex, Mumbai",26.7,25.4,25.8,90,20.7,17.7,225,1002.3,35.6
07-07-2022,86,47,4,6,1.043478261,8,"Bandra Kurla Complex, Mumbai",27,25.6,26.2,89,21.9,19.1,248,1005.2,37.2
08-07-2022,85,54,3.333333333,6,1.086956522,9.666666667,"Bandra Kurla Complex, Mumbai",28.6,25.2,26.4,86,25.9,20.5,265,1004.7,25
10-07-2022,111.6666667,68,2,6,1.173913043,13,"Bandra Kurla Complex, Mumbai",26.2,24.2,25.1,91,22,16.1,273,1004.4,52.5
11-07-2022,125,60.6,2,5.4,1.65,11.4,"Bandra Kurla Complex, Mumbai",25.5,23.2,24.8,92,25,18,270,1005.9,79.9
15-07-2022,73.8,31,2,3,1.65,5,"Bandra Kurla Complex, Mumbai",28,25.6,26.4,86,34.6,29.9,231,999.6,25.3
16-07-2022,61,23,2,3,1.65,5,"Bandra Kurla Complex, Mumbai",28,25.6,26.6,86,32.5,26.2,227,1000.9,24.8
17-07-2022,48,26,2,6,1.65,2,"Bandra Kurla Complex, Mumbai",28.8,25.7,26.9,85,23,18.6,236,1004,10.3
18-07-2022,54,30,2,3,1.65,1,"Bandra Kurla Complex, Mumbai",26.1,24.4,25.3,91,18.5,15,243,1005.1,30.3
19-07-2022,56,19,2,3,1.65,2,"Bandra Kurla Complex, Mumbai",26.5,24.3,25.5,90,21.1,14.5,246,1005.8,34.3
20-07-2022,41,17,2,3,1.65,7,"Bandra Kurla Complex, Mumbai",27.6,25,26.2,86,18.5,13.7,247,1006.6,13.4
21-07-2022,35,36,4,3,1.65,6.4,"Bandra Kurla Complex, Mumbai",27.9,25.1,26.5,84,18.8,12.8,249,1006.9,6
22-07-2022,67,36,2,3,1.65,5.8,"Bandra Kurla Complex, Mumbai",28.9,25.2,26.8,83,20.4,12.5,269,1007.4,4.8
23-07-2022,66,19,2,3,1.65,5.2,"Bandra Kurla Complex, Mumbai",26.9,24.8,25.8,88,19.1,14.2,258,1005.8,28.2
24-07-2022,40,22,2,3,1.65,4,"Bandra Kurla Complex, Mumbai",26.4,24.9,25.5,89,19.5,14.3,243,1005,25.8
25-07-2022,44,32,2,3,1.65,4,"Bandra Kurla Complex, Mumbai",28,24.9,26.3,86,18.8,13.5,228,1006.3,10.2
26-07-2022,72,75,2,3,1.65,3,"Bandra Kurla Complex, Mumbai",27.4,25.4,26.3,87,15.8,10.6,227,1008.1,4.1
27-07-2022,135,94,2,3,1.65,4,"Bandra Kurla Complex, Mumbai",28.3,25.1,26.4,87,12.2,5.6,245,1008.1,6.5
28-07-2022,155,93,1,3,1.65,5,"Bandra Kurla Complex, Mumbai",28.8,24.5,27,86,16.3,7.2,309,1008.8,2.5
29-07-2022,161,89,1,3,2,3,"Bandra Kurla Complex, Mumbai",29.3,25.5,27.3,86,17.4,9.2,328,1008.3,1.1
30-07-2022,157,81,1,3,2,1,"Bandra Kurla Complex, Mumbai",29.2,26,27.5,84,16.8,9.4,306,1007.3,0.2
31-07-2022,151,77,2,6,5,7,"Bandra Kurla Complex, Mumbai",29,25.6,27.4,84,17.3,9.9,289,1005.9,2
01-08-2022,144,94,7,4,2,13,"Bandra Kurla Complex, Mumbai",29,25.9,27.2,83,17.4,10.2,287,1006,2.1
02-08-2022,161,137,2,2,5,10,"Bandra Kurla Complex, Mumbai",29.1,25.8,27.3,83,16.7,9,291,1005,2.8
03-08-2022,188,95,2,1.857142857,4,9,"Bandra Kurla Complex, Mumbai",28.9,25.5,27.2,85,15.2,7.6,284,1004.1,10.3
04-08-2022,157,165,1,1.714285714,2,5,"Bandra Kurla Complex, Mumbai",28.5,25.4,27,87,13.3,5.2,272,1003,13.6
05-08-2022,203,63,2,1.571428571,4,4,"Bandra Kurla Complex, Mumbai",27.1,25.6,26.1,90,15.1,7.7,216,1001.6,27.2
06-08-2022,86,7,2,3,4,5,"Bandra Kurla Complex, Mumbai",27.5,25.2,26.1,89,17.1,9.9,229,1000.5,33.7
07-08-2022,14,11,2,3,1,6,"Bandra Kurla Complex, Mumbai",27.6,25.6,26.3,90,16.1,10.1,222,999.8,56.5
08-08-2022,16,27,1,3,2,9,"Bandra Kurla Complex, Mumbai",27.2,25.6,26.2,89,35.1,11.9,244,998.4,32.6
09-08-2022,53,33,2,1,1,9,"Bandra Kurla Complex, Mumbai",26.7,25.3,26,89,35.5,29,238,997.8,71.3
10-08-2022,67,46,1,2,1,11,"Bandra Kurla Complex, Mumbai",27.3,25.5,26.1,88,36.6,30.8,231,997.3,37.6
11-08-2022,85,33,1,3,1,11,"Bandra Kurla Complex, Mumbai",28,25.6,26.5,85,37.7,32.1,227,998.8,23.1
12-08-2022,64,34,1,3,2,11,"Bandra Kurla Complex, Mumbai",28,25.1,26.5,84,39.5,33.6,225,1002.2,16.1
13-08-2022,67,38,1,3,2,9,"Bandra Kurla Complex, Mumbai",28.5,25.1,26.6,83,29.8,25.8,230,1004.2,13.1
14-08-2022,70,37,1,3,3,8,"Bandra Kurla Complex, Mumbai",28.1,24.8,26.8,81,29.6,25.4,237,1005.8,11
15-08-2022,72,6,1,3,1,13,"Bandra Kurla Complex, Mumbai",26.8,24.8,25.7,88,24.8,21.1,243,1006.1,29
16-08-2022,15,14,1,3,2,14,"Bandra Kurla Complex, Mumbai",26.1,24.9,25.5,89,31.9,25.2,231,1005.3,64.1
17-08-2022,32,29,3,3,2,15,"Bandra Kurla Complex, Mumbai",27.4,24.9,26,86,29.8,24.4,222,1006.5,19.3
18-08-2022,60,36,4,3,2,16,"Bandra Kurla Complex, Mumbai",27.7,24.9,26.4,84,27.3,21.7,232,1007,10.5
19-08-2022,70,36,5,3,1,17,"Bandra Kurla Complex, Mumbai",27.9,25.2,26.1,85,24.7,18.1,234,1007.4,11.9
20-08-2022,70,44,2,3,1,19,"Bandra Kurla Complex, Mumbai",27.9,25.2,26.3,86,21.7,16.3,253,1007.3,6.2
21-08-2022,77,46,24,3,1,16,"Bandra Kurla Complex, Mumbai",27.7,25.2,26.3,85,21.3,17.1,262,1006.1,5.8
22-08-2022,85,40,12,3,1,9,"Bandra Kurla Complex, Mumbai",27.1,25.1,26.2,86,23.4,19.9,264,1004.9,9.1
23-08-2022,77,47,11,3,1,11,"Bandra Kurla Complex, Mumbai",28,25,26.2,86,24.8,19.9,248,1005,7.9
24-08-2022,88,47,4,3,6,17,"Bandra Kurla Complex, Mumbai",27.9,24.8,26.1,86,22.9,17.7,244,1007.6,7.8
25-08-2022,91,70,4,3,3.5,15,"Bandra Kurla Complex, Mumbai",27.5,24.9,25.9,87,17.1,11.5,232,1007.5,6.1
26-08-2022,131,83,4,3,1,15,"Bandra Kurla Complex, Mumbai",27.9,24.3,26.1,85,15.2,8.7,241,1007.5,2.2
27-08-2022,152,75,2,2.5,4,17,"Bandra Kurla Complex, Mumbai",28,24.7,26.3,83,16.6,8.9,275,1007.8,1.8
28-08-2022,139,74,3,2,4,20,"Bandra Kurla Complex, Mumbai",28,24.5,26.2,85,17.6,8.3,296,1007.5,2
29-08-2022,126,114,4,2.2,5,25,"Bandra Kurla Complex, Mumbai",28.6,24.4,26.3,85,16.7,7.8,315,1008.6,1.2
30-08-2022,173,92,3,2.4,3,27,"Bandra Kurla Complex, Mumbai",29.4,25.2,27.1,86,18.3,10.2,332,1008.5,0.6
31-08-2022,158,73,4,2.6,5,26,"Bandra Kurla Complex, Mumbai",29.5,25.1,27.4,88,18,8.7,328,1007,18.7
01-09-2022,128,104,4,7,4,30,"Bandra Kurla Complex, Mumbai",28.9,25,26.7,88,16,6.2,350,1006.9,1.7
02-09-2022,164,79,4,3,4,24,"Bandra Kurla Complex, Mumbai",30.4,25.1,27.4,87,13.6,6.4,350,1007.1,10
03-09-2022,134,65,48,3,4,24,"Bandra Kurla Complex, Mumbai",29.9,25.6,27.6,87,15.4,9,216,1007.5,0.9
04-09-2022,119,62,23,3,3,18,"Bandra Kurla Complex, Mumbai",28.5,26,27,88,14.8,8.4,265,1007.7,9.9
05-09-2022,111,78,12,2.5,2,17,"Bandra Kurla Complex, Mumbai",29,26,27.3,83,15.8,9.2,299,1007.7,1.8
06-09-2022,139,121,37,2,3,22,"Bandra Kurla Complex, Mumbai",29,25.5,27,84,13.3,6.4,320,1007.1,4.9
07-09-2022,162,88.5,28.5,3.5,2,20,"Bandra Kurla Complex, Mumbai",30.1,25.3,27.1,88,15.6,7.6,351,1006.8,20.1
08-09-2022,131.5,56,20,5,1,18,"Bandra Kurla Complex, Mumbai",28.5,24.9,26.5,90,12,7.5,354,1005.5,39.7
09-09-2022,101,53,29,7,1,16,"Bandra Kurla Complex, Mumbai",29.6,25,27,88,13.7,6.8,180,1004.4,27
10-09-2022,97,66,28,7,4,22,"Bandra Kurla Complex, Mumbai",29.5,25.5,26.8,89,11.7,6.6,178,1004.5,13.2
11-09-2022,118,59,24,6,2,14,"Bandra Kurla Complex, Mumbai",29.2,24.9,26.5,88,13,6,337,1002.2,25.5
12-09-2022,89,32,11,11,3,16,"Bandra Kurla Complex, Mumbai",28.5,25,26.2,89,17.7,7.3,219,1001,21.8
13-09-2022,49,21,4,3,4,6,"Bandra Kurla Complex, Mumbai",26.6,25,26,90,24.1,16.1,245,1002.9,51.7
14-09-2022,32,27,4,6,5,9,"Bandra Kurla Complex, Mumbai",27.5,25.3,26,89,27.3,21.9,229,1006,81.9
15-09-2022,40.5,33,4,9,6,12,"Bandra Kurla Complex, Mumbai",27.8,25.3,26.2,88,30.5,24.9,235,1007.3,68.7
16-09-2022,49,31,2,4,2,4,"Bandra Kurla Complex, Mumbai",26.1,24.6,25.5,91,25.9,19.2,248,1006.4,96.6
17-09-2022,45,25,4,8,2,8,"Bandra Kurla Complex, Mumbai",27.4,24.2,25.3,90,20.2,12.6,222,1006.8,36.6
18-09-2022,34,45,3,11,4,10,"Bandra Kurla Complex, Mumbai",26.5,24,25,90,16,9.7,251,1008.6,61.8
19-09-2022,61,64,3,12,3,11,"Bandra Kurla Complex, Mumbai",27.8,24.1,25.9,83,19.2,8.4,266,1009.1,2.9
20-09-2022,82,55,1,7,1,6,"Bandra Kurla Complex, Mumbai",26.2,24.3,25.1,88,13.2,5.9,288,1008.9,15
21-09-2022,78,67,2,21,3,12,"Bandra Kurla Complex, Mumbai",27,24.2,25.2,88,15.2,6.6,272,1008.9,12.3
22-09-2022,93,66.75,2,22,3.75,13.75,"Bandra Kurla Complex, Mumbai",25.7,24.2,24.9,90,14.4,7.2,240,1009.2,18
25-09-2022,84,66,2,25,6,19,"Bandra Kurla Complex, Mumbai",27.4,24.2,25.7,86,12.1,7.2,232,1008.4,4.7
26-09-2022,81,75,3,28,5,11,"Bandra Kurla Complex, Mumbai",27.8,23.5,25.7,85,14.7,6.8,272,1010.1,3
27-09-2022,98,70,5,35,4,18,"Bandra Kurla Complex, Mumbai",28,23.8,25.9,86,13.1,6.5,298,1008.8,0.9
28-09-2022,92,99,4,42,5,20,"Bandra Kurla Complex, Mumbai",28,24.3,26,87,15.7,7,291,1007.8,2.3
29-09-2022,128,96,4,46,3,17,"Bandra Kurla Complex, Mumbai",28,24,25.9,89,15.3,6.5,338,1007.7,2
30-09-2022,122,87,4,47,3,16,"Bandra Kurla Complex, Mumbai",29,24.4,26.5,89,15.5,7.7,335,1008.2,2.2
01-10-2022,108,57,4,50,3,13,"Bandra Kurla Complex, Mumbai",27.9,23.2,25.9,89,16.1,7.9,312,1008.9,10.3
02-10-2022,64,72,2,27,1,14,"Bandra Kurla Complex, Mumbai",28.5,24,26.2,87,16.3,7.2,325,1009.1,0.7
03-10-2022,78,87,4,29,4,15,"Bandra Kurla Complex, Mumbai",28.6,24.2,26.3,87,18.9,9.3,336,1009.5,0.6
04-10-2022,99,82,5,49,1,16,"Bandra Kurla Complex, Mumbai",29.4,24.4,26.9,86,19.7,10.5,337,1009.3,0
05-10-2022,102,64,5,56,2,16,"Bandra Kurla Complex, Mumbai",30,24.9,27.2,88,20.2,8.7,345,1008.1,2.4
06-10-2022,67,58,4,61,4,15,"Bandra Kurla Complex, Mumbai",29.5,25.3,27.4,86,22.1,10.9,314,1006.4,3.5
07-10-2022,66,38,2,34,1,8,"Bandra Kurla Complex, Mumbai",27,24.4,25.8,87,18.1,9.2,306,1005.3,27.7
08-10-2022,40,36,2,34,1,6,"Bandra Kurla Complex, Mumbai",27.3,24.8,25.8,87,17.6,12.4,235,1007.5,31.9
09-10-2022,40,69,4,70,4,14,"Bandra Kurla Complex, Mumbai",28.9,25.1,26.7,85,13,8.4,217,1009.1,1.1
10-10-2022,74,88,4,36,4,16,"Bandra Kurla Complex, Mumbai",29.8,24.2,26.8,86,12.9,6.4,344,1010,0.2
11-10-2022,93,88,2,36,2,15,"Bandra Kurla Complex, Mumbai",29.9,24.4,26.7,88,12.4,5.6,7,1008.9,11.1
12-10-2022,91,108,3,38,3,20,"Bandra Kurla Complex, Mumbai",28.2,24,25.8,89,11,5.6,38,1009.6,13.8
13-10-2022,113,135,2,64,9,13,"Bandra Kurla Complex, Mumbai",29.6,23.9,26.4,90,9.8,4.6,43,1009.6,2.1
14-10-2022,131,126,1.5,39,2,27,"Bandra Kurla Complex, Mumbai",30.5,24.5,26.5,87,10.8,5.9,76,1009.5,14.5
15-10-2022,98,137,1,36,1,7,"Bandra Kurla Complex, Mumbai",31.9,24,27.4,76,13.4,7.7,18,1008.4,0.9
16-10-2022,100,131.375,1.125,39.25,3.5,6.375,"Bandra Kurla Complex, Mumbai",32,24.5,27.6,67,15.6,11.7,39,1009.4,0
23-10-2022,168.25,92,2,62,21,2,"Bandra Kurla Complex, Mumbai",31.4,22.7,26.3,67,13.8,8.4,25,1013.1,0
24-10-2022,178,86,5,61,12,8,"Bandra Kurla Complex, Mumbai",30.6,20.4,25.4,71,12.5,7.5,355,1011.3,0
25-10-2022,161,44,3,63,18,7,"Bandra Kurla Complex, Mumbai",30,21.3,25.4,77,13.1,7.5,353,1011.4,0
26-10-2022,107,45,2,65,13,8,"Bandra Kurla Complex, Mumbai",30.5,20.9,25.2,74,14.8,8.7,5,1012.7,0
27-10-2022,116,35,3,70,7,6,"Bandra Kurla Complex, Mumbai",30.6,21,25.2,72,13.6,8,13,1012.6,0
28-10-2022,95,32,2,76,6,6,"Bandra Kurla Complex, Mumbai",31.1,20.6,25.6,68,11.4,7.8,46,1012,0
29-10-2022,88,78,1,76,9,1,"Bandra Kurla Complex, Mumbai",31.8,20.5,25.5,61,11.8,8.4,56,1011.8,0
30-10-2022,160,63,1,81,11,21,"Bandra Kurla Complex, Mumbai",31.8,20.2,25.6,59,14.6,10,29,1012.1,0
31-10-2022,156,64,1,79,9,23,"Bandra Kurla Complex, Mumbai",31.8,20.5,25.3,61,16.6,9.2,33,1011.7,0
01-11-2022,153,54,2,78,8,24,"Bandra Kurla Complex, Mumbai",31.5,21,25.4,58,16.4,9.4,41,1012.4,0
02-11-2022,135,48,4,85,8,23,"Bandra Kurla Complex, Mumbai",31.5,21.1,25.5,64,15.5,10.5,21,1011.7,0
03-11-2022,124,45,4,94,10,24,"Bandra Kurla Complex, Mumbai",33.2,20.6,26,57,14.6,11.3,37,1011.3,0
04-11-2022,47,8,4,100,11,14,"Bandra Kurla Complex, Mumbai",33.4,21,26.2,56,15.7,10.1,37,1012,0
05-11-2022,16,44,4,101,12,22.5,"Bandra Kurla Complex, Mumbai",33.3,21,26.3,55,15.7,8.8,24,1013.1,0
06-11-2022,79.5,80,4,102,13,31,"Bandra Kurla Complex, Mumbai",33,21,25.9,59,14.2,9.1,12,1013.5,0
07-11-2022,143,122,4,102,13,30,"Bandra Kurla Complex, Mumbai",31.8,19.8,25.3,65,13.2,7.8,10,1013.3,0
08-11-2022,178,127,4,102,15,31,"Bandra Kurla Complex, Mumbai",32.2,21,26,63,15.3,9.1,2,1013,0
09-11-2022,179,127,4,102,16,26,"Bandra Kurla Complex, Mumbai",31.7,21.1,26.1,61,17.7,8.9,351,1012.8,0
10-11-2022,169,116,4,102,10,22,"Bandra Kurla Complex, Mumbai",32.4,21.4,25.9,61,20.3,9.4,15,1013.1,0
11-11-2022,161,114,4,102,10,17,"Bandra Kurla Complex, Mumbai",33,21,26.4,55,18.6,11,33,1013.3,0
12-11-2022,154,104,5,99,8,13,"Bandra Kurla Complex, Mumbai",33,22,26.6,57,18.6,12.2,27,1013,0
13-11-2022,144,118,4,99,12,20,"Bandra Kurla Complex, Mumbai",32.8,22,26.6,57,16.4,11.4,24,1012,0
14-11-2022,159,147,4,97,14,23,"Bandra Kurla Complex, Mumbai",32.5,21.5,26.2,66,14.7,8.6,7,1012.2,0
15-11-2022,174,135,5,95,14,22,"Bandra Kurla Complex, Mumbai",31.5,21.6,26.2,69,13.3,8,348,1012.7,0
16-11-2022,166,99,3,102,9,19,"Bandra Kurla Complex, Mumbai",32.2,21.5,26.2,63,16.4,9.5,351,1012,0
17-11-2022,128,84,2,101,6,12,"Bandra Kurla Complex, Mumbai",32.3,21.5,26,57,18.4,10.9,14,1011.9,0
18-11-2022,103,95,3,101,5,12,"Bandra Kurla Complex, Mumbai",31.7,21.6,25.7,48,17.6,11.9,22,1012.3,0
19-11-2022,118,93,4,101,6,12,"Bandra Kurla Complex, Mumbai",31.4,20.8,25.3,47,15.9,11.9,31,1012.2,0
20-11-2022,128,94,4,85,8,11,"Bandra Kurla Complex, Mumbai",30.2,19.5,24.3,49,20.4,11.5,30,1011.4,0
21-11-2022,132,109,4,98,9,16,"Bandra Kurla Complex, Mumbai",29.8,18.3,23.6,51,16.5,10.8,11,1011.2,0
22-11-2022,149,120,4,99,8,18,"Bandra Kurla Complex, Mumbai",30.8,18.8,24.1,56,17.1,10.3,2,1011.1,0
23-11-2022,157,138,4,95,10,20,"Bandra Kurla Complex, Mumbai",31.4,21.4,25.5,54,19.1,11.2,3,1011.1,0
24-11-2022,164,135,4,66,13,22,"Bandra Kurla Complex, Mumbai",31.3,20.6,25.4,59,16.1,9.7,356,1010.8,0
25-11-2022,165,152,4,84,13,22,"Bandra Kurla Complex, Mumbai",31.9,21,26,63,13.1,7.9,355,1011.3,0
26-11-2022,176,130,4,72,12,20,"Bandra Kurla Complex, Mumbai",32.1,22.4,26.5,67,13.8,8.2,356,1010.4,0
27-11-2022,162,127,4,71,13,22,"Bandra Kurla Complex, Mumbai",30.6,22,26.2,69,14.8,8.1,330,1008.7,0
28-11-2022,151,108,4,67,11,16,"Bandra Kurla Complex, Mumbai",30.2,20.4,24.9,68,16.1,9.5,337,1009.7,0
29-11-2022,138,150,4,61,13,19,"Bandra Kurla Complex, Mumbai",29.8,19.5,24.2,71,13.6,8.9,338,1010.6,0
30-11-2022,192,154,16,55,13,22,"Bandra Kurla Complex, Mumbai",32.1,20.6,25.9,66,15,8,357,1011.2,0
01-12-2022,162,203,17,57,17,26,"Bandra Kurla Complex, Mumbai",32.5,21,25.8,61,14.6,9,26,1011.1,0
02-12-2022,172,155,17,78,21,37,"Bandra Kurla Complex, Mumbai",32,19.5,25.1,61,14,8.5,6,1010.5,0
03-12-2022,146,194,17,61,19,30,"Bandra Kurla Complex, Mumbai",31,20,25.2,62,17.9,9.9,353,1010.7,0
04-12-2022,157,197,17,56,19,34,"Bandra Kurla Complex, Mumbai",32.3,22,26.5,65,13,8.3,351,1011.2,0
05-12-2022,163,231,17,68,22,40,"Bandra Kurla Complex, Mumbai",31.7,22.9,26.8,69,14.6,8.5,346,1012.2,0
06-12-2022,162,219,17,69,21,37,"Bandra Kurla Complex, Mumbai",32.2,23.5,26.9,69,18.3,9.6,342,1011.8,0
07-12-2022,158,200,17,71,21,35,"Bandra Kurla Complex, Mumbai",32,22.5,26.5,68,18.7,10,341,1011.3,0
08-12-2022,164,154,17,72,15,26,"Bandra Kurla Complex, Mumbai",31.2,21,25.8,64,18.4,10.7,355,1011.1,0
09-12-2022,138,152,17,78,15,27,"Bandra Kurla Complex, Mumbai",30.3,20.1,24.5,51,19.8,11.1,11,1009.6,0
10-12-2022,142,220,16,70,8,28,"Bandra Kurla Complex, Mumbai",31.4,18,23.8,57,17.6,9.6,6,1009.2,0
11-12-2022,170,130,17,29,11.5,33,"Bandra Kurla Complex, Mumbai",30.9,18.6,24.7,57,17.6,9,359,1009.8,0
12-12-2022,141,132,17,13,15,38,"Bandra Kurla Complex, Mumbai",31.9,21.8,26.5,63,16.8,8.6,359,1009.4,0
13-12-2022,156,105,17,46,14,19,"Bandra Kurla Complex, Mumbai",32.4,24.2,27.7,67,14.6,9.4,39,1009.8,0
14-12-2022,153,86,12,55,13,28,"Bandra Kurla Complex, Mumbai",32.1,25.5,28,66,15.5,8.5,50,1010.9,0.2
15-12-2022,155,110,22,54,18,31,"Bandra Kurla Complex, Mumbai",31.6,24.4,27.2,71,13.6,8.5,15,1010.9,0
16-12-2022,170,108,12,58,20,31,"Bandra Kurla Complex, Mumbai",33.3,23.6,27.5,69,15.9,9,351,1010.5,0
17-12-2022,167,113,12,57,19,30,"Bandra Kurla Complex, Mumbai",33.5,23.8,27.6,68,16.9,9.7,356,1011.2,0
18-12-2022,166,94,3,55,19,25,"Bandra Kurla Complex, Mumbai",33.3,24.8,28,63,20.5,11.3,360,1010.9,0
19-12-2022,153,122,1,54,13,24,"Bandra Kurla Complex, Mumbai",31.3,23.6,26.9,59,17.1,10.9,360,1010,0
20-12-2022,191,164,1,64,17,18,"Bandra Kurla Complex, Mumbai",30.4,21.4,25.9,57,16.9,10.1,344,1009.6,0
21-12-2022,285,199,13,78,20,21,"Bandra Kurla Complex, Mumbai",31,20.2,25.3,62,15.4,8.5,352,1010.2,0
22-12-2022,321,156,27,85,14,8,"Bandra Kurla Complex, Mumbai",31,20.1,24.9,67,15.9,9.3,342,1010.1,0
23-12-2022,274,201,4,62,6,4,"Bandra Kurla Complex, Mumbai",29.5,21,24.4,62,20.4,12,339,1011,0
24-12-2022,239,195.5,22.5,63.5,9.5,9,"Bandra Kurla Complex, Mumbai",28.8,19.1,22.7,52,19.2,12.7,347,1012,0
25-12-2022,222,190,41,65,13,14,"Bandra Kurla Complex, Mumbai",27.5,16.4,21.6,66,14,7.4,337,1012.1,0
26-12-2022,205,105,17,77,14,19,"Bandra Kurla Complex, Mumbai",28,16.1,21.7,73,15.9,9.2,347,1013.2,0
27-12-2022,231,105,20,82,18,21,"Bandra Kurla Complex, Mumbai",29.6,17.5,23.2,69,17.8,10.6,345,1014,0
28-12-2022,230,234,29,76,18,20,"Bandra Kurla Complex, Mumbai",30.2,18.1,23.7,69,17.3,10.6,343,1014.8,0
29-12-2022,197,221,32,84,19,18,"Bandra Kurla Complex, Mumbai",30.6,18.4,23.9,68,16.9,9.9,340,1016,0
30-12-2022,270,105,18,78,13,16,"Bandra Kurla Complex, Mumbai",30.5,18.3,24.1,66,17.6,10.2,340,1017,0
31-12-2022,193,208,37,75,12,9,"Bandra Kurla Complex, Mumbai",29.4,19.5,23.6,65,20.3,12.4,342,1016.5,0
01-01-2023,169,201,15,83,15,16,"Bandra Kurla Complex, Mumbai",27.3,16.4,21.8,67,18.4,11.3,341,1016.2,0
02-01-2023,156,142,29,83,13,16,"Bandra Kurla Complex, Mumbai",29.1,16.5,22.5,70,16.9,10.6,349,1015.3,0
03-01-2023,192,162,30,80,13,14,"Bandra Kurla Complex, Mumbai",29.1,17,22.7,69,19,11.3,344,1015.1,0
04-01-2023,172,192,22,81,16,16,"Bandra Kurla Complex, Mumbai",28.6,17.1,22.5,71,16.8,9.3,341,1013.9,0
05-01-2023,265,240,21,88,12,16,"Bandra Kurla Complex, Mumbai",29.8,19.4,23.9,71,14.8,8.4,342,1014.5,0
06-01-2023,285,199,34,85,11,12,"Bandra Kurla Complex, Mumbai",31.6,20.4,25.4,65,15.3,10.5,359,1016,0
07-01-2023,274,177,20,83,13,10,"Bandra Kurla Complex, Mumbai",32,22.4,26.1,63,16.7,11.4,19,1015.9,0
08-01-2023,245,188,11,87,9,6,"Bandra Kurla Complex, Mumbai",31.4,21.3,25.4,60,19,11.4,355,1015,0
09-01-2023,213,134,20,95,12,8,"Bandra Kurla Complex, Mumbai",30.7,18.9,24.1,52,18.7,10.6,354,1016,0
10-01-2023,240,195,18.5,94,18,13,"Bandra Kurla Complex, Mumbai",31.1,17.1,23.3,51,17.9,10.1,359,1015.4,0
11-01-2023,323,90,17,78,15,9,"Bandra Kurla Complex, Mumbai",29.4,16.1,22.6,60,15.6,8.8,343,1013.7,0
12-01-2023,178,110,13,84,8,8,"Bandra Kurla Complex, Mumbai",28.1,16.7,22,72,19.2,11.4,333,1013,0
13-01-2023,205.5,130,23,80,2,3,"Bandra Kurla Complex, Mumbai",26.5,19.5,22.2,76,22.2,12.1,343,1014.1,0
14-01-2023,233,178,60,94,7,7,"Bandra Kurla Complex, Mumbai",26,15.8,20.6,65,20.3,12,344,1013.9,0
15-01-2023,305,171,43,80,12,12,"Bandra Kurla Complex, Mumbai",25.8,14.8,20.1,69,19.7,10.2,339,1012.3,0
16-01-2023,314,131,29,79,13,14,"Bandra Kurla Complex, Mumbai",25.7,14.6,20.1,76,14.5,9.1,341,1012.5,0
17-01-2023,249,67,35,74,19,9,"Bandra Kurla Complex, Mumbai",27,15.9,20.8,75,15.2,8.8,338,1012.9,0
18-01-2023,129.5,3,42,86,19,16,"Bandra Kurla Complex, Mumbai",29.2,15.1,21.9,72,13.7,8,345,1013.7,0
19-01-2023,10,57.5,36,77,26,29,"Bandra Kurla Complex, Mumbai",28,16.3,22.2,72,12.5,7,330,1013.6,0
20-01-2023,109,112,33,68,7,3,"Bandra Kurla Complex, Mumbai",27.5,16.9,21.7,73,16.6,9.2,336,1013.6,0
21-01-2023,208,114,36,73,7,3,"Bandra Kurla Complex, Mumbai",27.2,17.7,21.9,70,18.9,10.6,337,1013.9,0
22-01-2023,214,123,28,71,6,9,"Bandra Kurla Complex, Mumbai",26.9,18,21.7,61,23.3,12.7,343,1013.3,0
23-01-2023,226,133,23,74,7,16,"Bandra Kurla Complex, Mumbai",25.7,16.7,21,56,24.2,14,339,1012.7,0
24-01-2023,243,140,30,82,8,16,"Bandra Kurla Complex, Mumbai",25.5,16.7,20.7,58,24.2,13.3,339,1013,0
25-01-2023,254,148,47,93,7,30,"Bandra Kurla Complex, Mumbai",26.5,17.3,21.1,55,26.7,16.1,343,1012.9,0
26-01-2023,265,166,21,96,22,36,"Bandra Kurla Complex, Mumbai",27.2,18,22.3,58,21.7,14.9,341,1012.4,0
27-01-2023,294,161,21,96,24,37,"Bandra Kurla Complex, Mumbai",32.5,20.4,24.9,66,16.9,10.6,351,1011.3,0
28-01-2023,272,113,29,87,11,38,"Bandra Kurla Complex, Mumbai",30.8,19.6,24.2,75,18.5,9.4,232,1010.5,0
29-01-2023,214,116,25,95,18,35,"Bandra Kurla Complex, Mumbai",25.9,21.5,23.3,89,17.2,7.7,283,1010.3,1
30-01-2023,217,149,14,95,12,33,"Bandra Kurla Complex, Mumbai",28,20,23.4,79,23.2,13.2,337,1012.9,0
31-01-2023,268,141,19,97,13,32,"Bandra Kurla Complex, Mumbai",30.4,21.2,25.1,65,22.2,15,346,1012.6,0
01-02-2023,250,123,23,97,13,31,"Bandra Kurla Complex, Mumbai",33.5,23.1,26.9,53,21.8,13.2,29,1011.9,0
02-02-2023,218,137,23,95,18,29,"Bandra Kurla Complex, Mumbai",33.9,23.2,27,52,19.9,15.8,24,1012.1,0
03-02-2023,245,153,33,95,19,30,"Bandra Kurla Complex, Mumbai",32.2,21,25.4,54,18.7,10.6,348,1012.8,0
04-02-2023,271,157,33,93,18,30,"Bandra Kurla Complex, Mumbai",31.6,18.6,24.7,56,18.3,10.8,342,1011.7,0
05-02-2023,271,148,38,84,21,23,"Bandra Kurla Complex, Mumbai",30.9,19.7,24.4,62,12.9,7.7,329,1010.9,0
06-02-2023,266,115,26,91,12,22,"Bandra Kurla Complex, Mumbai",29.4,17.9,23.8,66,20.4,12.4,334,1011.6,0
07-02-2023,215,169,30,93,25,31,"Bandra Kurla Complex, Mumbai",31.3,19.2,24.4,61,22.7,13,342,1011.3,0
08-02-2023,297,168,27,93,26,32,"Bandra Kurla Complex, Mumbai",31.1,17.5,24.4,60,19.1,11.6,344,1011.3,0
09-02-2023,301,135,34,89,27,22,"Bandra Kurla Complex, Mumbai",33.7,19.2,25.4,53,18.9,10.6,347,1011.5,0
10-02-2023,247,128,18,92,27,16,"Bandra Kurla Complex, Mumbai",31.5,18.5,24.5,57,20.5,12,335,1013.1,0
11-02-2023,235,148,27,93,24,11,"Bandra Kurla Complex, Mumbai",31.7,17.8,24.3,51,22.4,13.5,341,1013.9,0
12-02-2023,269,113,23,86,16,6,"Bandra Kurla Complex, Mumbai",32.7,17.6,25.4,46,21.3,13.3,354,1013.7,0
13-02-2023,211,148,29,63,18,12,"Bandra Kurla Complex, Mumbai",33.8,21.9,26.8,39,24,14,4,1013.5,0
14-02-2023,268,166,32,60,22,23,"Bandra Kurla Complex, Mumbai",33,19.8,25.4,42,20.1,11.2,357,1013.4,0
15-02-2023,291,166,20,63,20,23,"Bandra Kurla Complex, Mumbai",33.1,17.8,25.2,45,21.5,11.3,349,1011.7,0
16-02-2023,277,99,31,67,16,25,"Bandra Kurla Complex, Mumbai",34.9,20.6,26.9,37,25.3,13.1,4,1012,0
17-02-2023,223,112,27,57,18,19,"Bandra Kurla Complex, Mumbai",34.2,21.6,27.3,37,23.4,14.4,355,1012.4,0
18-02-2023,169,112,35,51,24,20,"Bandra Kurla Complex, Mumbai",34.9,19.1,26.9,36,22.2,12.7,4,1012,0
19-02-2023,168,113,34,42,13,19,"Bandra Kurla Complex, Mumbai",35.6,18.5,26.1,43,19,10.2,358,1011.8,0
20-02-2023,168,112,43,52,20,25,"Bandra Kurla Complex, Mumbai",30.9,19.1,25.5,63,16.2,8.1,289,1012.4,0
21-02-2023,168,112,43.5,74,20,18,"Bandra Kurla Complex, Mumbai",32,19,25.4,64,20.9,11.7,330,1013,0
22-02-2023,168.5,112,44,96,20,11,"Bandra Kurla Complex, Mumbai",30,19.4,24.6,68,22.2,12.8,334,1012.7,0
23-02-2023,169,113,35,93,22,26,"Bandra Kurla Complex, Mumbai",32.8,19.9,25.6,51,22.6,13.3,338,1011.6,0
24-02-2023,168,112,39,60,27,21,"Bandra Kurla Complex, Mumbai",34.2,21.1,27,44,23,12.8,338,1012.5,0
25-02-2023,168,112,56,55,26,19,"Bandra Kurla Complex, Mumbai",33.8,21.6,27.3,40,22.5,14.1,339,1014.3,0
26-02-2023,168,112,23,63,24,21,"Bandra Kurla Complex, Mumbai",34.8,20.4,26.7,41,22.6,13.1,343,1014.7,0
27-02-2023,168,113,33,56,24,15,"Bandra Kurla Complex, Mumbai",34.8,22,27.1,42,21.9,13.2,342,1014.4,0
28-02-2023,168,113,20,61,18,20,"Bandra Kurla Complex, Mumbai",33.2,19.5,25.8,50,18.9,11.1,334,1014.7,0
01-03-2023,168,112,32,62,23,25,"Bandra Kurla Complex, Mumbai",32.7,20.4,26.1,53,18.5,11.5,335,1015.1,0
02-03-2023,169,113,30,67,24,26,"Bandra Kurla Complex, Mumbai",35.1,21.4,27.4,47,19.6,10.9,339,1015.1,0
03-03-2023,168,114,37,53,22,21,"Bandra Kurla Complex, Mumbai",33.7,21.2,27.3,56,17.2,8.7,325,1015.5,0
04-03-2023,168,112,27,53,21,17,"Bandra Kurla Complex, Mumbai",34.2,21.9,27.7,62,15.9,8.6,320,1015.2,0
05-03-2023,168,112,32,51,18,8,"Bandra Kurla Complex, Mumbai",36.2,22.6,28.8,56,18.7,9.5,313,1014.7,0
06-03-2023,169,113,26,38,11,2,"Bandra Kurla Complex, Mumbai",36.3,24.4,29.7,43,21.2,14.1,39,1013.6,0.1
07-03-2023,168,112,35,52,21,10,"Bandra Kurla Complex, Mumbai",36,23.9,28.8,46,23.4,12.6,81,1013.4,0
08-03-2023,168,113,24,60,19,5,"Bandra Kurla Complex, Mumbai",35.2,23,28,49,20.5,12.1,345,1013.4,0
09-03-2023,168,113,19,58,17,4,"Bandra Kurla Complex, Mumbai",36.5,23.1,29.2,34,22.4,12.8,356,1012.7,0
10-03-2023,168,113,33,57,23,8,"Bandra Kurla Complex, Mumbai",35.2,24.1,28.9,32,23.3,14.8,348,1012.1,0
11-03-2023,168,112,33,55,27,7,"Bandra Kurla Complex, Mumbai",36.8,22,29.1,39,22.4,12.2,351,1011.5,0
12-03-2023,169,112,39,54,18,5,"Bandra Kurla Complex, Mumbai",37.7,23.1,29.3,40,21.5,10.6,339,1011,0
13-03-2023,168,112,34,70,27,4,"Bandra Kurla Complex, Mumbai",37.3,24.1,29.2,50,16.1,8.4,322,1010,0
14-03-2023,168,112,35,74,22,4,"Bandra Kurla Complex, Mumbai",36.5,23.1,28.5,63,17.6,10.7,333,1009,0
15-03-2023,168,112,22,68,14,1,"Bandra Kurla Complex, Mumbai",34.7,23.3,28.4,60,20.2,9.8,329,1007.9,0
16-03-2023,168,113,22,70,16,4,"Bandra Kurla Complex, Mumbai",32.3,22.8,27,67,20.5,9,148,1009.6,13.3
17-03-2023,168,113,25,77,9,9,"Bandra Kurla Complex, Mumbai",30.6,22.4,26.7,76,16.3,9.1,257,1010.1,0.7
18-03-2023,168,112,15,88,13,28,"Bandra Kurla Complex, Mumbai",30.8,24.1,27,79,18.9,10.8,301,1009,0
19-03-2023,168,112,15,95,11,28,"Bandra Kurla Complex, Mumbai",29.8,22.7,26.2,74,18.8,9.5,272,1009,0
20-03-2023,168,112,11,85,9,25,"Bandra Kurla Complex, Mumbai",29.5,23.2,26.2,67,17.4,9.5,298,1008.9,0
21-03-2023,168,112,26,75,8,25,"Bandra Kurla Complex, Mumbai",29,21.8,25.7,72,16.4,7.9,273,1009.6,0.7
22-03-2023,169,112,20,65,4,20,"Bandra Kurla Complex, Mumbai",30,22.5,26.2,72,15.8,8.6,310,1010.5,0
23-03-2023,169,113,20,16,4,10,"Bandra Kurla Complex, Mumbai",30.1,22.8,26.2,73,18.6,9.4,313,1010.7,0.4
24-03-2023,168,113,18,47,8,16,"Bandra Kurla Complex, Mumbai",30.2,22.4,26.1,75,22.2,11,325,1010.7,0
25-03-2023,168,112,24,47,3,14,"Bandra Kurla Complex, Mumbai",29.7,21,25.1,69,23.7,12.4,334,1011.8,0
26-03-2023,168,112,25,49,8,16,"Bandra Kurla Complex, Mumbai",29.5,20.4,24.9,69,20.8,12.3,328,1011.5,0
27-03-2023,168,113,9,44,4,19,"Bandra Kurla Complex, Mumbai",29.8,20.9,25.3,76,19.9,10.7,312,1011.1,0
28-03-2023,168,112,19,47,5,16,"Bandra Kurla Complex, Mumbai",29.9,22.4,25.7,78,19.8,10.4,315,1010.4,0
29-03-2023,169,112,16,44,3,12,"Bandra Kurla Complex, Mumbai",29.9,21.9,25.6,79,17.6,9.6,313,1010.9,0
30-03-2023,168,112,13,41,2.5,14,"Bandra Kurla Complex, Mumbai",29.5,22.7,26.1,75,15.6,7.7,284,1010.4,0.2
31-03-2023,169,112,13.66666667,42.66666667,2,16,"Bandra Kurla Complex, Mumbai",29.4,23.7,26.4,75,16.5,8.7,302,1010,0.4
02-04-2023,168.3333333,112,15,46,1,20,"Bandra Kurla Complex, Mumbai",30,22.1,26,77,23.8,11.2,309,1010.2,0
03-04-2023,168,112,16,48,3,19,"Bandra Kurla Complex, Mumbai",30.1,22.7,26.2,77,23.4,10.8,312,1009.8,0
04-04-2023,168,113,14,46,1,12,"Bandra Kurla Complex, Mumbai",30.8,23,26.5,80,23.7,12,328,1010.3,0
05-04-2023,168,112,28,53,3,9,"Bandra Kurla Complex, Mumbai",31,21.9,26.6,82,22.8,11.7,318,1010,0
06-04-2023,168,112,24,50,2,8,"Bandra Kurla Complex, Mumbai",33,23.4,28.1,72,21.6,13,335,1009.8,0
07-04-2023,168,113,50,53,1,5,"Bandra Kurla Complex, Mumbai",34.1,25.3,29.7,55,23.2,15.5,338,1010.5,0
08-04-2023,168,112,35,62.25,1,11,"Bandra Kurla Complex, Mumbai",35,25.6,29.6,56,17.1,10.3,322,1012.1,0
09-04-2023,169,112.3333333,32.33333333,71.5,2.666666667,20.33333333,"Bandra Kurla Complex, Mumbai",35.8,25.6,29.7,58,23.8,10.4,331,1012.4,0
11-04-2023,168.3333333,113,27,90,6,39,"Bandra Kurla Complex, Mumbai",34.9,26.5,30,62,22.7,13.8,325,1011.1,0
12-04-2023,168,112,25,63,5,15,"Bandra Kurla Complex, Mumbai",35.7,26.6,30.7,55,25,15.7,331,1010.6,0
13-04-2023,168,112,22,36,6,23,"Bandra Kurla Complex, Mumbai",35.2,27.2,30.8,51,22.4,14.4,335,1010.2,0
14-04-2023,168,112,13,9,2,7,"Bandra Kurla Complex, Mumbai",35.2,26.6,30.1,60,21.7,14.2,331,1010,0
15-04-2023,168,113,13,17,8,21,"Bandra Kurla Complex, Mumbai",35.2,25.1,29.1,63,21.9,10.3,327,1010.1,0
16-04-2023,168,113,17,13,4,17,"Bandra Kurla Complex, Mumbai",34,24,28.6,72,22.5,12.1,325,1009,0
17-04-2023,168,98,19,5,6,17,"Bandra Kurla Complex, Mumbai",34,24.5,28.7,72,23.3,11.8,328,1009,0
18-04-2023,145,63,4,3,4,16,"Bandra Kurla Complex, Mumbai",37.2,26.2,31.5,51,24,15.6,345,1009.3,0
19-04-2023,93,47,15,3,4,11,"Bandra Kurla Complex, Mumbai",36.5,28.2,32.3,47,24.1,16.1,332,1007.1,0
20-04-2023,76,42,17,3,3.666666667,7,"Bandra Kurla Complex, Mumbai",34.9,26.2,30.1,62,23.3,13.8,318,1005.9,0
21-04-2023,94,33,14,2,3.333333333,4,"Bandra Kurla Complex, Mumbai",32.3,24.1,28,73,19.7,10.6,315,1006.8,0
22-04-2023,80,31,12,3,3,4,"Bandra Kurla Complex, Mumbai",31.6,23.8,27.7,79,19.1,9.6,288,1007.3,0
23-04-2023,84,113,15,3,4,11,"Bandra Kurla Complex, Mumbai",31.5,24.4,27.9,76,21.7,11.1,301,1007.5,0
24-04-2023,165,113,11,2,2.5,14,"Bandra Kurla Complex, Mumbai",32.3,24.5,28.1,79,22.5,11,313,1007.7,0
25-04-2023,165,111,12,3,1,6,"Bandra Kurla Complex, Mumbai",32.7,25.1,28.6,79,21.3,9.6,274,1007.7,0
26-04-2023,165,110,8,3,1,7,"Bandra Kurla Complex, Mumbai",31.4,25.9,28.5,75,21,12.5,235,1008.3,0
27-04-2023,166,88,6,3,1,4,"Bandra Kurla Complex, Mumbai",31.9,25.2,28.3,73,21.7,9.6,305,1008.5,0
28-04-2023,161,73,5,4,3,5,"Bandra Kurla Complex, Mumbai",31.9,25.5,28.4,74,18.2,10,311,1009.3,0
29-04-2023,158,73,5,4,2,9,"Bandra Kurla Complex, Mumbai",31.6,26,28.2,71,20.1,9.4,299,1008.8,0.4
30-04-2023,158,73,7,4,2,8,"Bandra Kurla Complex, Mumbai",31.5,24.4,28,72,19.5,8.9,297,1007.4,0.5
01-05-2023,158,73,5,4,4,6,"Bandra Kurla Complex, Mumbai",31.6,24.7,28,69,15.9,8.3,284,1007.3,2.1
02-05-2023,158,72.8,5,4,3.5,6.4,"Bandra Kurla Complex, Mumbai",31.5,25.1,28.4,68,16.6,8,278,1007.9,0.7
06-05-2023,158,72,5,4,1.5,8,"Bandra Kurla Complex, Mumbai",31.9,25.1,28.5,77,22.4,11.4,309,1008,0.1
07-05-2023,158,73,6,4,1,7,"Bandra Kurla Complex, Mumbai",30,25.4,27.8,80,16.4,8.3,311,1008.3,8.2
08-05-2023,158,73,6,4,1,7,"Bandra Kurla Complex, Mumbai",32.2,27.5,29.5,74,19.7,10.9,298,1007.5,0.5
09-05-2023,158,81,14,4,1,7,"Bandra Kurla Complex, Mumbai",33,27.7,30,75,19.8,9.8,300,1007.7,0
10-05-2023,164,52,15,4,1,8,"Bandra Kurla Complex, Mumbai",34,27.2,30.2,79,21.9,9.6,296,1006.8,0
11-05-2023,105,40,14,4,1,10,"Bandra Kurla Complex, Mumbai",34.5,26.3,30.4,79,18.9,9,239,1006.9,0
12-05-2023,76,32,4,2,1,7,"Bandra Kurla Complex, Mumbai",34,27.5,30.2,80,18.3,10.8,225,1007.6,0
13-05-2023,70,17,4,3,2,13,"Bandra Kurla Complex, Mumbai",33.3,27.7,30.2,77,18,12.8,233,1008.5,0
14-05-2023,42,27,4,6,2,22,"Bandra Kurla Complex, Mumbai",33.2,27.2,30,76,17.4,10.5,254,1008,0
15-05-2023,59,27,5,8,2,20,"Bandra Kurla Complex, Mumbai",33.2,28.2,30.3,74,19.1,12.1,271,1008.7,0.5
16-05-2023,61,31,6,9,2,21,"Bandra Kurla Complex, Mumbai",33.6,27.7,30.5,71,17.3,10.9,276,1010.2,0.3
17-05-2023,62,66,6,9,1,22,"Bandra Kurla Complex, Mumbai",33.4,27.4,30.1,72,22.7,11.8,298,1010.3,0
18-05-2023,84,36,7,9,2,21,"Bandra Kurla Complex, Mumbai",33.2,27.1,29.8,76,24.4,13.2,316,1011.4,0.1
19-05-2023,65,35.66666667,8,10,1.666666667,16.66666667,"Bandra Kurla Complex, Mumbai",33.5,26.8,29.8,78,23.2,14.1,318,1010,0.2
21-05-2023,64.33333333,35,10,12,1,8,"Bandra Kurla Complex, Mumbai",32.9,27.6,29.9,72,19.9,11.4,301,1010.1,0
22-05-2023,64,34,9,12,2,7,"Bandra Kurla Complex, Mumbai",33,27,29.7,75,18.5,10.8,305,1010.8,0
23-05-2023,62,27,11,11,2,4,"Bandra Kurla Complex, Mumbai",33.5,26.4,29.6,77,22.9,13,317,1010.7,0
24-05-2023,55,23,12,10,2,2,"Bandra Kurla Complex, Mumbai",33.3,27.2,30.1,74,19.9,11.9,284,1010.3,0
25-05-2023,53,26,9,10,2,3,"Bandra Kurla Complex, Mumbai",33.2,28.2,30.6,65,20.7,13.6,263,1010.8,0
26-05-2023,57,23,11,10,2,2,"Bandra Kurla Complex, Mumbai",32.7,29,30.6,65,21.6,15.8,265,1011.1,2
27-05-2023,50,21,8,10,1,4,"Bandra Kurla Complex, Mumbai",33.7,28.2,30.9,62,19.1,13.9,260,1010.1,0
28-05-2023,44,153,4,10,3,7,"Bandra Kurla Complex, Mumbai",33.8,28.2,30.9,66,18.8,12.5,286,1009.1,0
29-05-2023,205,54,3,7,4,6,"Bandra Kurla Complex, Mumbai",33.6,27.9,30.3,75,24,11.4,304,1008.6,0
30-05-2023,124,68,2,6.375,4,4,"Bandra Kurla Complex, Mumbai",33.8,27.2,30.3,79,20.3,10.8,302,1008.6,0
31-05-2023,158,64,3,5.75,5,3,"Bandra Kurla Complex, Mumbai",34.5,27.9,30.6,78,24.7,13.9,317,1008.2,0
01-06-2023,155,54,5,5.125,4,2,"Bandra Kurla Complex, Mumbai",33.5,27,30,80,21.9,11.6,296,1008.2,0
02-06-2023,131,38,2,3,3,1.857142857,"Bandra Kurla Complex, Mumbai",33.4,28,30.5,72,18.2,11.3,290,1009.1,0
03-06-2023,96,45,2,3,3,1.714285714,"Bandra Kurla Complex, Mumbai",34.5,29,31.3,67,18.7,13.1,280,1008.3,0.1
04-06-2023,108,46,2,3,3,1.571428571,"Bandra Kurla Complex, Mumbai",33.6,29,30.9,70,19.1,12.3,278,1008.2,0.8
05-06-2023,109,58,3,3,3,5,"Bandra Kurla Complex, Mumbai",33.2,28.5,30.6,71,19.6,12.6,270,1007.6,0.4
06-06-2023,137,50,4,2,3,5,"Bandra Kurla Complex, Mumbai",33.8,28.8,30.8,69,17.1,11.7,266,1007.2,0.1
07-06-2023,113,47,4,3,5,5,"Bandra Kurla Complex, Mumbai",33.5,28.6,30.9,69,16.9,12,242,1007,0
08-06-2023,105,48.66666667,3,3,5,1,"Bandra Kurla Complex, Mumbai",34,29.4,31.2,68,16.9,12.6,217,1007.2,0.8
09-06-2023,106,50.33333333,7,3,6,2,"Bandra Kurla Complex, Mumbai",33,28.1,30.6,76,29.3,18.3,194,1005.3,4
10-06-2023,107,52,7,3,6,2,"Bandra Kurla Complex, Mumbai",33.2,27.6,30.2,74,32.5,24.3,183,1003.7,3.6
11-06-2023,108,56.5,10,3,4,2,"Bandra Kurla Complex, Mumbai",32.7,25.6,29.6,73,32.4,25.3,173,1003,3.8
12-06-2023,87,56.5,6,2,3,2.625,"Bandra Kurla Complex, Mumbai",32.2,26.3,28.7,78,42.6,30,178,1002.8,5.3
13-06-2023,87,57,7,2,4,3.25,"Bandra Kurla Complex, Mumbai",31,26.3,28.3,80,36.3,29.1,183,1004.4,5.6
14-06-2023,111,50,7,1,4,3.875,"Bandra Kurla Complex, Mumbai",30.2,25.8,28.5,79,33.8,27,190,1006.3,2.8
15-06-2023,96,55,4,1,8,5,"Bandra Kurla Complex, Mumbai",31.9,28.1,29.8,74,33.7,29.5,202,1006.3,2.8
16-06-2023,102,60,6,2,4,5,"Bandra Kurla Complex, Mumbai",31.3,27.2,29.4,75,37.5,30.2,214,1005.6,4.6
17-06-2023,118,63,7,1,4,5,"Bandra Kurla Complex, Mumbai",31.4,27.2,29.1,79,26.1,21.9,230,1006.6,6.6
18-06-2023,128,61,7,2,5,5,"Bandra Kurla Complex, Mumbai",31.1,27.6,29.1,79,22.8,17.7,250,1007.1,4.6
19-06-2023,126,62,13,6,6,7,"Bandra Kurla Complex, Mumbai",31.4,27.7,29.4,77,20,16,248,1006.2,2.4
20-06-2023,125,63,12,17,3,1,"Bandra Kurla Complex, Mumbai",31.5,27.5,29.3,78,20.4,14,251,1005.3,1.1
21-06-2023,133,60,22,11,5,7,"Bandra Kurla Complex, Mumbai",31.5,27.5,29.3,79,19.6,13,244,1005.6,2.9
22-06-2023,126,66,20,7,11,7,"Bandra Kurla Complex, Mumbai",31.5,27.5,29.5,76,18.7,13.6,246,1005.8,1.9
23-06-2023,158,68,21,7,11,8,"Bandra Kurla Complex, Mumbai",30.8,26.6,28.6,81,19.3,13.1,217,1005.5,2.9
24-06-2023,158,66,20,7,11,8,"Bandra Kurla Complex, Mumbai",29.2,25.1,27,86,17.7,11,218,1004.4,20.7
25-06-2023,159,66.66666667,13,16.5,10,9,"Bandra Kurla Complex, Mumbai",27.5,25.5,26.4,88,18.3,11.7,220,1004.5,32.9
26-06-2023,158.75,67.33333333,6,26,9,10,"Bandra Kurla Complex, Mumbai",26.7,25.2,25.8,91,18.9,14.1,218,1005.8,23.2
27-06-2023,158.5,68,9,18,8,8,"Bandra Kurla Complex, Mumbai",27,24.6,25.9,91,20.9,13.7,224,1005.5,23.2
28-06-2023,158.25,67,20,23,2,5,"Bandra Kurla Complex, Mumbai",27.8,25.6,26.3,90,20.4,15.6,236,1006,45.7
29-06-2023,158,68,21,17,2,4,"Bandra Kurla Complex, Mumbai",26.8,25.4,26,91,20.5,16.5,246,1006.3,50
30-06-2023,157,68,14,19,2,5,"Bandra Kurla Complex, Mumbai",26.8,25.2,26.1,91,27.3,20.7,247,1006.2,55.8
01-07-2023,158,67,7,20,1.65,6,"Bandra Kurla Complex, Mumbai",28.2,24.9,26.3,90,23.1,17.3,235,1006.9,40.5
02-07-2023,158,68,10,17,1.65,7,"Bandra Kurla Complex, Mumbai",28.4,25.4,26.7,89,20.5,16,231,1006.1,34.7
03-07-2023,158,67,8,28,1.65,8,"Bandra Kurla Complex, Mumbai",28.9,26,27.2,88,17.7,13.2,232,1004.3,8.6
04-07-2023,158,67,11,32,1,7,"Bandra Kurla Complex, Mumbai",29.2,25.4,26.9,89,16.8,11.5,236,1002.7,48.3
05-07-2023,137,67,20,22,6.2,5,"Bandra Kurla Complex, Mumbai",28.3,25.1,26.6,90,14.5,10.4,223,1001,35.9
06-07-2023,119,68,19,13,11.4,4,"Bandra Kurla Complex, Mumbai",27,24.9,25.7,93,24.5,13.9,217,1002.2,97.5
07-07-2023,119,67,15,13,16.6,4,"Bandra Kurla Complex, Mumbai",27.8,25.5,26.3,90,26.8,20.8,233,1003.3,50.7
08-07-2023,118,67,16,11,1.65,4,"Bandra Kurla Complex, Mumbai",29.7,25.5,27.6,84,29.3,23.8,236,1005,13
09-07-2023,119,66,13,11,27,8,"Bandra Kurla Complex, Mumbai",29.2,25.3,27.5,82,27.4,21.8,233,1005.9,10.8
10-07-2023,118,70,11,12,27.09090909,33,"Bandra Kurla Complex, Mumbai",28.7,26,27.5,82,22.7,18,238,1006.5,3.5
11-07-2023,115,68.95238095,10.85714286,12.47619048,27.18181818,31.71428571,"Bandra Kurla Complex, Mumbai",29.5,25.4,27.7,82,20.4,15.1,255,1006.8,4.3
31-07-2023,35,48,8,22,29,6,"Bandra Kurla Complex, Mumbai",28.5,25.5,26.8,85,26.6,19,252,1006.5,9.9
01-08-2023,31,56,13,17,25,5,"Bandra Kurla Complex, Mumbai",28.9,25.2,27,84,25.3,20.5,251,1006.6,6.1
02-08-2023,37,53,15,17,21,5,"Bandra Kurla Complex, Mumbai",28.6,24.5,26.8,84,27.7,20.8,248,1007.2,15.1
03-08-2023,53,28,13,15,2,5,"Bandra Kurla Complex, Mumbai",28.8,25.9,27.1,84,27.2,22.5,250,1006.6,6.3
04-08-2023,35,48,11,16,2,3,"Bandra Kurla Complex, Mumbai",28.4,26.5,27.2,85,25.3,21.4,250,1007.5,2.5
05-08-2023,59,30,15,12,3,2,"Bandra Kurla Complex, Mumbai",29.3,25.6,27.3,83,23.7,20.6,249,1009.4,3.8
06-08-2023,38,28,15,11,2,3,"Bandra Kurla Complex, Mumbai",28.8,26.2,27.2,83,23.4,20.7,253,1009,2.8
07-08-2023,35,28,14,11,1.666666667,3,"Bandra Kurla Complex, Mumbai",29,25.9,27.3,83,26.9,21.5,247,1007.3,2.2
08-08-2023,32,30,13,12,1.333333333,3,"Bandra Kurla Complex, Mumbai",29,26,27.4,83,24.7,19.4,246,1007.6,2.3
09-08-2023,33,25,10,16,1,5,"Bandra Kurla Complex, Mumbai",29,25.7,27.2,83,20.2,16.3,251,1009.6,3
10-08-2023,28,23.6,9.4,16,1.4,5.4,"Bandra Kurla Complex, Mumbai",28.4,25.9,26.6,85,15.2,13.3,250,1010.4,7.3
14-08-2023,28,18,7,16,3,7,"Bandra Kurla Complex, Mumbai",29.4,25.8,27.4,80,24.8,19.2,239,1008.3,2.6
15-08-2023,28,15.5,6.5,17,2.8,8,"Bandra Kurla Complex, Mumbai",28.2,26.2,27,83,18.7,14.4,233,1008.9,3.5
16-08-2023,24.5,13,6,18,2.6,9,"Bandra Kurla Complex, Mumbai",29,25.1,27,84,20.9,12.6,263,1009.4,4.5
17-08-2023,21,11.66666667,7,15.33333333,2.4,8.666666667,"Bandra Kurla Complex, Mumbai",29.3,25,26.8,83,20.7,13.7,285,1009.7,3.5
19-08-2023,16.33333333,9,9,10,2,8,"Bandra Kurla Complex, Mumbai",28.7,25.6,26.8,84,19.5,15.1,294,1007.1,4.1
20-08-2023,14,31.8,10,6,3,9,"Bandra Kurla Complex, Mumbai",27.9,25,26.1,88,17.1,11.2,296,1007.2,10.5
24-08-2023,118,123,8,10,2.428571429,9,"Bandra Kurla Complex, Mumbai",28.8,25.6,26.6,85,21.2,14.6,229,1006.6,6.5
25-08-2023,144,92,2,4,2.285714286,7,"Bandra Kurla Complex, Mumbai",28.5,24.9,26.7,86,19.5,14.7,223,1006.6,6.2
26-08-2023,108,71,9,5,2.142857143,8,"Bandra Kurla Complex, Mumbai",27.9,24.3,26.1,88,20.2,14.9,228,1008.1,14.3
27-08-2023,85,97,12,12,2,9,"Bandra Kurla Complex, Mumbai",27.8,24.1,25.7,89,16.6,10.5,228,1009.3,15.1
28-08-2023,116,129,14,10,2,9,"Bandra Kurla Complex, Mumbai",27.5,24.8,25.8,88,17.1,10.7,222,1008.8,4.1
29-08-2023,149,152,3,8,1.5,7,"Bandra Kurla Complex, Mumbai",28.6,24.9,26.5,86,11.1,7.3,246,1008.5,3.6
30-08-2023,162,112,21,21,1,7,"Bandra Kurla Complex, Mumbai",29.3,24.4,26.7,86,13.8,6.8,276,1009.1,0.7
31-08-2023,171,109,5,11,2,7,"Bandra Kurla Complex, Mumbai",30,24.7,27.2,85,15.2,7.3,319,1009,0.7
01-09-2023,169,103,14,18,3,8,"Bandra Kurla Complex, Mumbai",30.5,24.1,27.1,86,18.8,7.5,323,1008.8,1.2
02-09-2023,162,124,3,10,7,7,"Bandra Kurla Complex, Mumbai",28.7,24.9,26.5,89,12.3,5.2,297,1008.8,2.6
03-09-2023,173,124,3,20,15,8,"Bandra Kurla Complex, Mumbai",29.1,25,26.9,86,17.6,7.7,306,1007.8,10
04-09-2023,176,115,5.5,15.5,11,8,"Bandra Kurla Complex, Mumbai",29.5,23.9,26.9,84,17.7,8.6,313,1006.7,2.2
05-09-2023,171.5,106,8,11,7,8,"Bandra Kurla Complex, Mumbai",29.1,24.7,27,83,17.2,10.3,309,1006.1,2.4
06-09-2023,167,75,3,8,4,7,"Bandra Kurla Complex, Mumbai",29.9,26,27.8,81,17.7,11.2,296,1006,1
07-09-2023,134,65,12,21,10,8,"Bandra Kurla Complex, Mumbai",28.3,25,27,84,19.7,13.5,283,1005.9,10.2
08-09-2023,123,83,4,8,7,9,"Bandra Kurla Complex, Mumbai",28.1,25.6,26.7,89,22.7,16.1,292,1006.2,50.6
09-09-2023,149,72,11,11,17,9,"Bandra Kurla Complex, Mumbai",29,25.5,26.9,88,18.1,12.2,286,1006.3,15.9
10-09-2023,132,72,3,13,6,7,"Bandra Kurla Complex, Mumbai",29,25.5,27.1,88,18.4,10.7,259,1006.2,5.5
11-09-2023,131,84,11,11,16,8,"Bandra Kurla Complex, Mumbai",28.8,25,26.3,88,14.4,9,257,1007.1,4.7
12-09-2023,148,82,10,9,16,9,"Bandra Kurla Complex, Mumbai",29.1,24.6,26.9,85,19.1,10.1,257,1007.6,4.7
13-09-2023,147,94,11,16,16,8,"Bandra Kurla Complex, Mumbai",28.4,25,26.5,87,12.8,7.7,245,1007.1,3.6
14-09-2023,150,85,10,14,17,9,"Bandra Kurla Complex, Mumbai",28.8,24,26.6,86,13.4,8.1,221,1007.3,2.2
15-09-2023,129,48,5,6,11,9,"Bandra Kurla Complex, Mumbai",29.3,24.8,27.2,82,16.6,8.7,247,1007.1,2.1
16-09-2023,86,45,3,3,2,8,"Bandra Kurla Complex, Mumbai",28.5,25,27,84,20.6,15,256,1006.6,7.3
17-09-2023,79,33,13,1,2.25,9,"Bandra Kurla Complex, Mumbai",29.2,25.3,27.2,82,23,18.5,241,1005.6,8.2
18-09-2023,63,30,4,1,2.5,7,"Bandra Kurla Complex, Mumbai",27.2,24.5,25.9,90,22.2,16.3,219,1005.7,30.9
19-09-2023,60,28,5,1,2.75,8,"Bandra Kurla Complex, Mumbai",28.4,25.2,26.3,88,22.3,17.9,205,1007,12.3
20-09-2023,58,27,14,4,3,9,"Bandra Kurla Complex, Mumbai",28.1,25.5,26.5,89,21.7,16.6,204,1007.6,11.1
21-09-2023,59,33,3,3,1,7,"Bandra Kurla Complex, Mumbai",28.1,25.5,26.5,90,16.3,10.3,216,1007.9,20.7
22-09-2023,67,52,10,5,1,8,"Bandra Kurla Complex, Mumbai",28.1,24.9,26.4,91,11.5,7.6,180,1008.3,14.9
23-09-2023,95,46,3,2,1,7,"Bandra Kurla Complex, Mumbai",28.5,25.1,26.1,91,16,6.2,213,1008.9,35.3
24-09-2023,81,47,11,2,3,8,"Bandra Kurla Complex, Mumbai",28.1,24.4,26.2,90,11.4,6.6,230,1009.3,15.3
25-09-2023,82,62,10,3,3,8,"Bandra Kurla Complex, Mumbai",28.4,24.4,26.3,89,15,6.8,268,1008.2,17.7
26-09-2023,112,57,2,2,3,7,"Bandra Kurla Complex, Mumbai",29,24.2,26.4,89,13.4,6.3,267,1007.9,4.4
27-09-2023,104,71,2,1,1,7,"Bandra Kurla Complex, Mumbai",29.1,24.1,26.1,91,17,6.9,341,1007.3,21
28-09-2023,130,66,11,4,3,8,"Bandra Kurla Complex, Mumbai",30,24,26.6,91,20.2,7.5,343,1006,22.6
29-09-2023,122,73,11,4,3,7,"Bandra Kurla Complex, Mumbai",30.5,25.6,27.4,91,12.4,6.3,47,1005.4,25.9
30-09-2023,131,67,5,1,2,7,"Bandra Kurla Complex, Mumbai",32.5,24.9,27.9,88,15.3,6.8,35,1005,13.2
01-10-2023,122,68,4,1,2,7,"Bandra Kurla Complex, Mumbai",30.9,26.8,28.4,89,17.5,8.1,289,1005.6,0.8
02-10-2023,124,77,5,1,2,7,"Bandra Kurla Complex, Mumbai",29.1,24.1,27.3,87,13,8.9,242,1008.9,3.2
03-10-2023,144,76,2,1,2,7,"Bandra Kurla Complex, Mumbai",29.6,25.5,27.3,83,12.9,6.7,290,1010.2,0.1
04-10-2023,143,78,2,1,1.5,7,"Bandra Kurla Complex, Mumbai",29.9,23.9,27.1,85,14.5,6.5,286,1010.9,2.9
05-10-2023,148,80,6,3,1,9,"Bandra Kurla Complex, Mumbai",30.5,24.1,27.1,86,15.8,8.6,327,1010.5,0.1
06-10-2023,149,77,5,3,1,9,"Bandra Kurla Complex, Mumbai",29.9,24.6,27.1,85,16.8,8.5,333,1009.7,0.7
07-10-2023,146,75,3,2,1.2,7,"Bandra Kurla Complex, Mumbai",30.4,24.1,27,86,18.1,10,349,1009.7,0.2
08-10-2023,142,72.33333333,4,3,1.4,7.666666667,"Bandra Kurla Complex, Mumbai",31.5,24.6,27.6,84,18,10.8,348,1010.5,0.3
10-10-2023,132,67,6,5,1.8,9,"Bandra Kurla Complex, Mumbai",31.9,23.7,27.7,76,19.4,11.4,347,1011.8,0
11-10-2023,127,81,6,4,2,9,"Bandra Kurla Complex, Mumbai",31.2,24.9,27.6,81,20.3,12.4,345,1011.7,0
12-10-2023,148,102,6,4.625,2,9,"Bandra Kurla Complex, Mumbai",31.5,23.9,27.9,84,16.6,10.5,336,1011.7,0
13-10-2023,164,104,6,5.25,1,9,"Bandra Kurla Complex, Mumbai",33.1,25.6,28.7,84,17.2,8.4,335,1012,0
14-10-2023,165,82,6,5.875,1,9,"Bandra Kurla Complex, Mumbai",32.6,24.9,28.4,85,14.2,7.3,330,1012,0
15-10-2023,155,103,6,19.5,1,9,"Bandra Kurla Complex, Mumbai",33.4,25.2,28.7,85,19.2,8.6,342,1010.6,0.7
16-10-2023,158,95,3,19.5,1,7,"Bandra Kurla Complex, Mumbai",33,23.9,28.6,71,15.5,7.4,347,1010.4,0
17-10-2023,161,104,7,19.5,1,8,"Bandra Kurla Complex, Mumbai",32.2,25,28.3,75,9.5,6.8,352,1011.6,1
18-10-2023,140,95,7,19.5,1.5,9,"Bandra Kurla Complex, Mumbai",33.8,24.3,28.7,73,18.1,9,354,1012.3,0
19-10-2023,161,102,6,9,2,9,"Bandra Kurla Complex, Mumbai",33.8,24.6,28.8,63,16.1,9.3,350,1012.1,0
20-10-2023,163,90,3,13,3,7,"Bandra Kurla Complex, Mumbai",34.3,23.8,28.6,67,10.8,7.8,16,1011.8,0
21-10-2023,149,121,6,24,7,9,"Bandra Kurla Complex, Mumbai",34.9,24,29.1,67,12.3,8,53,1012.3,0.1
22-10-2023,169,118,4,12,3,7,"Bandra Kurla Complex, Mumbai",33.7,23.8,28.7,71,14.5,7.7,350,1012.9,0
23-10-2023,167,125,3,12,3,7,"Bandra Kurla Complex, Mumbai",34.8,23.8,28.6,67,18.7,8.7,356,1011.7,0
24-10-2023,170,115,6,12,7,8,"Bandra Kurla Complex, Mumbai",34.4,23.3,28.6,61,16.5,8.5,1,1011.2,0
25-10-2023,186,123,6,24,9,9,"Bandra Kurla Complex, Mumbai",33.9,22.5,28,60,16.4,8.9,356,1012.7,0
26-10-2023,173,103,3,12,3,7,"Bandra Kurla Complex, Mumbai",34.1,22.8,27.8,58,19.9,9.3,3,1013.1,0
27-10-2023,160,121,6,22,6,9,"Bandra Kurla Complex, Mumbai",34.3,21.2,27.5,55,20.7,10.5,6,1011.7,0
28-10-2023,171,107,3,21,6,8,"Bandra Kurla Complex, Mumbai",34.2,21.1,27.2,56,16.6,9.9,15,1011.3,0
29-10-2023,171,117,3,11,2,9,"Bandra Kurla Complex, Mumbai",34.7,21.4,27.3,54,19.1,10.6,26,1010.9,0
30-10-2023,167,120,7,22,10,9,"Bandra Kurla Complex, Mumbai",34.8,21.1,27.4,59,14.7,7.6,27,1010.8,0
31-10-2023,168,122,3,11,5,8,"Bandra Kurla Complex, Mumbai",34.6,21.6,27.9,59,14.9,8.2,18,1011.4,0
01-11-2023,169,105,5,17,7,8,"Bandra Kurla Complex, Mumbai",34,22.2,27.5,58,14.8,8.9,5,1012.2,0
02-11-2023,153,102,6,21,5,7,"Bandra Kurla Complex, Mumbai",34,21.9,27.5,58,17.2,9.8,4,1011.4,0
03-11-2023,169,102,2,21,5,8,"Bandra Kurla Complex, Mumbai",34.5,22.6,27.9,57,19.9,11.3,11,1009.7,0
04-11-2023,170,104,2.5,21,3.5,8,"Bandra Kurla Complex, Mumbai",35.3,23.6,28.5,54,14.6,8.8,31,1009.2,0
05-11-2023,170.5,106,3,21,2,8,"Bandra Kurla Complex, Mumbai",35.1,22.8,28.8,59,15.5,9.2,17,1010.7,0
06-11-2023,171,103,2,21,10,8,"Bandra Kurla Complex, Mumbai",35.3,22.9,28.5,56,17.1,9.6,22,1011.8,0
07-11-2023,170,81,3,21,3,8,"Bandra Kurla Complex, Mumbai",34.2,22.1,27.6,56,19.1,9.6,1,1011.8,0
08-11-2023,134,88,3,11,1,8,"Bandra Kurla Complex, Mumbai",32.7,23.7,27.9,69,20.2,9,195,1011.7,0
09-11-2023,160,71,4,20,2,8,"Bandra Kurla Complex, Mumbai",33.5,24,28.4,76,13.7,6,338,1012.2,0
10-11-2023,143,76,6,13,7,9,"Bandra Kurla Complex, Mumbai",33,24.8,28.2,73,13.8,7.1,82,1013.5,1.1
11-11-2023,154,78.375,6,14,6.625,8.875,"Bandra Kurla Complex, Mumbai",35,24,29.1,64,18.5,9.6,10,1013.7,0
18-11-2023,145.25,95,6,21,4,8,"Bandra Kurla Complex, Mumbai",33.7,21.1,26.7,62,13.8,8.3,5,1012,0
19-11-2023,144,82,3,12,6,7,"Bandra Kurla Complex, Mumbai",32.3,20.8,26.9,63,17.5,9.5,348,1012,0
20-11-2023,133,88,4,11.66666667,6.333333333,7,"Bandra Kurla Complex, Mumbai",34.2,23.5,28,61,16,8.3,348,1012.2,0
21-11-2023,149,94,5,11.33333333,6.666666667,7,"Bandra Kurla Complex, Mumbai",34.2,24.2,28.6,59,20.2,10.2,359,1012.1,0
22-11-2023,165,72,6,11,7,9,"Bandra Kurla Complex, Mumbai",33.6,23.2,27.7,50,18.4,11.3,3,1011.4,0
23-11-2023,103,116,4,11,2,8,"Bandra Kurla Complex, Mumbai",33.2,22,27.1,54,18.1,10.2,352,1009.7,0
24-11-2023,177,86,5,11,5,8.25,"Bandra Kurla Complex, Mumbai",34.4,21.9,27.6,60,15.2,8.2,12,1009.6,0
25-11-2023,120,98,3,20,9,8.5,"Bandra Kurla Complex, Mumbai",33.5,23.1,27.9,67,12,8.9,58,1011.4,0
26-11-2023,122,66,6,21,3,8.75,"Bandra Kurla Complex, Mumbai",31.1,23.9,27,78,19,7.6,213,1011.8,2.4
27-11-2023,132,78,19,10,2,9,"Bandra Kurla Complex, Mumbai",30.3,23.4,26.1,77,14.9,7.1,332,1011.3,0.9
28-11-2023,137,102,16,9,3,3,"Bandra Kurla Complex, Mumbai",30,22.9,25.8,73,16.6,9.7,336,1010.4,0
29-11-2023,133,81,24,16,12,9,"Bandra Kurla Complex, Mumbai",28.8,20.5,24.6,72,15.3,8.8,333,1011.3,0
30-11-2023,115,92,6,54,8,6,"Bandra Kurla Complex, Mumbai",29.7,20.5,24.7,79,17.8,9.3,337,1011.8,0
01-12-2023,144,92.4,8.8,46.16666667,8,5.8,"Bandra Kurla Complex, Mumbai",29.6,21.6,25,80,15.8,8,332,1011.6,0.3
05-12-2023,150.4,94,20,14.83333333,8,5,"Bandra Kurla Complex, Mumbai",32.8,24.6,27.7,65,19.4,12.3,353,1008.8,0
06-12-2023,152,102,16.5,7,11,8,"Bandra Kurla Complex, Mumbai",31.5,23,26.6,66,18.8,10.2,355,1009.9,0
07-12-2023,131,112,13,9,4,7,"Bandra Kurla Complex, Mumbai",31.3,22.2,26,67,17.5,10.9,356,1010.8,0
08-12-2023,168,109,15.66666667,6.333333333,7.333333333,7.333333333,"Bandra Kurla Complex, Mumbai",31.8,21.1,26,66,18.8,10.2,355,1011.4,0
10-12-2023,166.6666667,103,21,1,14,8,"Bandra Kurla Complex, Mumbai",32.8,21.8,26.4,62,16.3,9.8,358,1011.3,0
11-12-2023,166,117,18,3,10,8,"Bandra Kurla Complex, Mumbai",32.2,21.1,26.4,58,16.6,10.5,352,1011.7,0
12-12-2023,151,110.5,13,5,6,7.5,"Bandra Kurla Complex, Mumbai",31.2,20.4,25.3,58,18.8,10.5,346,1011.1,0
13-12-2023,151,104,8,7,2,7,"Bandra Kurla Complex, Mumbai",30.9,19.5,24.9,62,17.4,8.9,346,1011.7,0
14-12-2023,151,119,2,7,2,8,"Bandra Kurla Complex, Mumbai",32.5,20.4,26,59,11.6,7.5,51,1012.8,0
15-12-2023,165,119,17,7,2,6,"Bandra Kurla Complex, Mumbai",31.9,20.6,25.9,53,15.1,9.3,16,1013.9,0
16-12-2023,151,120,40,7,7,4,"Bandra Kurla Complex, Mumbai",31.7,19.4,25.1,56,18.8,10.8,9,1013.4,0
17-12-2023,165,113,59,7,7,2,"Bandra Kurla Complex, Mumbai",32.1,20.7,25.7,56,17.7,11,19,1012.4,0
18-12-2023,168,116,6,7,2,4,"Bandra Kurla Complex, Mumbai",32.9,22.8,27,51,16.7,12,59,1013,0
19-12-2023,170,115,54,15,2,2,"Bandra Kurla Complex, Mumbai",32.6,23.6,26.9,52,15.8,11.8,46,1013.9,0
20-12-2023,145,101,10,15,1,6,"Bandra Kurla Complex, Mumbai",32.6,21,25.7,48,17.1,10.1,27,1014,0
21-12-2023,163,108,15,15,8,8,"Bandra Kurla Complex, Mumbai",33,21.5,26.2,53,16.1,10,15,1012.9,0
22-12-2023,170,105,10,7,4,2,"Bandra Kurla Complex, Mumbai",31.5,20.7,25.7,63,12.5,7.6,350,1013,0
23-12-2023,172,98,15,15,7,2,"Bandra Kurla Complex, Mumbai",33.1,20.5,25.9,61,18.4,9.7,354,1013.6,0
24-12-2023,175,87,16,14,7,1,"Bandra Kurla Complex, Mumbai",32.8,19.8,25.4,55,15.1,8.1,1,1014.8,0
25-12-2023,172,122,11,14,7,14,"Bandra Kurla Complex, Mumbai",32.8,18.9,25,54,16,9.5,5,1014.8,0
26-12-2023,173,126,6,12,6,13,"Bandra Kurla Complex, Mumbai",33.1,18.9,25.4,55,13.6,8.6,356,1014.8,0
27-12-2023,183,131,8,14,3,11,"Bandra Kurla Complex, Mumbai",33.8,19.8,26,55,16.9,10.5,356,1014.9,0
28-12-2023,179,131,34,12,3,12,"Bandra Kurla Complex, Mumbai",32.3,20,25.7,61,15.7,9.6,355,1013.3,0
29-12-2023,193,130.9268817,33.93978495,12.0516129,2.995698925,11.99139785,"Bandra Kurla Complex, Mumbai",33.1,20.3,25.7,64,13.6,8,350,1013.3,0
06-04-2025,154.083871,97,6,36,1,8,"Bandra Kurla Complex, Mumbai",35.7,24.8,30,59,16.1,5.9,286,1008.7,0
07-04-2025,154,80,10,22,1,6,"Bandra Kurla Complex, Mumbai",36.4,24.9,30.7,57,19.1,8.6,320,1008.4,0
08-04-2025,141,67,6,15,1,4,"Bandra Kurla Complex, Mumbai",36.5,26,31.1,49,19.9,8.3,328,1008.9,0
09-04-2025,120,48,3,8,1,2,"Bandra Kurla Complex, Mumbai",34.6,26.1,30.4,58,16.2,7.5,266,1008.5,0
10-04-2025,89,44,1,8,1,3,"Bandra Kurla Complex, Mumbai",33.2,26.6,29.4,74,12.4,8.9,204,1007.3,0
11-04-2025,73,48,2,8,1,4,"Bandra Kurla Complex, Mumbai",33,25.5,29,73,14.5,9.5,209,1007.2,0
12-04-2025,80,54,2,9,1,6,"Bandra Kurla Complex, Mumbai",32.2,25.6,28.8,75,14.7,7.6,229,1009,0.1
13-04-2025,82,69,5,12,2.5,8,"Bandra Kurla Complex, Mumbai",32.7,25.5,28.9,75,16.1,8.2,307,1010.2,0
14-04-2025,105,72,2,14,2.5,7,"Bandra Kurla Complex, Mumbai",36.4,24.5,30.1,62,19.3,11.2,332,1008.8,0
15-04-2025,102,48,2,9,2.5,3,"Bandra Kurla Complex, Mumbai",35.1,25.5,30,62,16.9,9.2,320,1008.2,0
16-04-2025,73,47,3,8,2.5,2,"Bandra Kurla Complex, Mumbai",33,25.6,29.1,74,15.4,7.7,283,1008.2,0
17-04-2025,69,40,3,8,2.5,3,"Bandra Kurla Complex, Mumbai",32.4,25.6,28.8,78,15.7,7.4,270,1008.1,0
18-04-2025,60,40,3,8,2.5,6,"Bandra Kurla Complex, Mumbai",32.3,26,28.9,76,14.9,7.6,265,1007.6,0
19-04-2025,57,65,5,11,2.5,8,"Bandra Kurla Complex, Mumbai",32.7,26,29.2,75,15.9,8.9,258,1008,0
20-04-2025,73,64,4,11,2.5,8,"Bandra Kurla Complex, Mumbai",33,25.3,29.2,72,14.5,8.3,287,1008.3,0
21-04-2025,63,84,4,16,2.5,10,"Bandra Kurla Complex, Mumbai",32.7,25.9,29.1,74,15.3,8.8,306,1009.7,0
22-04-2025,53,80,6,13,2.5,9,"Bandra Kurla Complex, Mumbai",34.3,25.4,29.8,70,16.8,7.9,312,1009.7,0
23-04-2025,97,66,4,12,1,8,"Bandra Kurla Complex, Mumbai",34.8,26.5,30.2,72,16.7,7.4,264,1008.3,0
24-04-2025,83,60,3,11,1,11,"Bandra Kurla Complex, Mumbai",33.3,26.7,29.7,74,14.4,8.3,248,1007.5,0
25-04-2025,68,50,3,9,2.428571429,11,"Bandra Kurla Complex, Mumbai",33.7,26.3,29.6,71,14.9,7.4,289,1008,0
26-04-2025,69,65,4,10,3.857142857,11,"Bandra Kurla Complex, Mumbai",33.2,26.2,29.4,71,15.6,7,276,1007.8,0
27-04-2025,86,57,3,7,5.285714286,10,"Bandra Kurla Complex, Mumbai",33.3,25.9,29.3,74,15.6,8,295,1008.2,0
28-04-2025,71,50.5,2,9,2.5,5.5,"Bandra Kurla Complex, Mumbai",32.8,26.1,29.3,75,16.1,8.5,250,1007.4,0
29-04-2025,80.5,44,1,7,2.5,1,"Bandra Kurla Complex, Mumbai",32.8,26.3,29.4,76,14.1,7.8,236,1006.8,0
30-04-2025,90,49.5,3,8.5,2.5,3,"Bandra Kurla Complex, Mumbai",33,26.3,29.6,75,15.2,8.1,267,1007.9,0
01-05-2025,78,55,5,10,2,5,"Bandra Kurla Complex, Mumbai",33.3,26,29.8,75,18.4,7.3,283,1008.3,0
02-05-2025,66,49,2,7,2,7,"Bandra Kurla Complex, Mumbai",34.5,26,30,68,14.4,7.6,283,1008.4,0
03-05-2025,62,45.5,1.833333333,7.166666667,2,6,"Bandra Kurla Complex, Mumbai",33.2,25.7,29.8,68,15.6,8.5,241,1008.2,0
08-05-2025,24.5,28,1,8,21,1,"Bandra Kurla Complex, Mumbai",29.4,22.7,26.6,81,14.3,9.4,206,1007.5,9.3
09-05-2025,17,41,1.2,9.333333333,14.33333333,1.8,"Bandra Kurla Complex, Mumbai",28.5,25,27.1,82,15.2,9.6,196,1008.4,2
11-05-2025,45,67,1.6,12,1,3.4,"Bandra Kurla Complex, Mumbai",32.5,25.8,29.1,76,12,5.7,258,1007.6,0.4
12-05-2025,59,87.5,1.8,11.5,1,4.2,"Bandra Kurla Complex, Mumbai",33.6,27.1,30.3,70,13.1,6.8,261,1006.6,1.6
13-05-2025,85.5,108,2,11,1,5,"Bandra Kurla Complex, Mumbai",33.8,27.6,30.5,70,13.1,6.2,302,1006.7,1.7
14-05-2025,112,100,3,13,1,3,"Bandra Kurla Complex, Mumbai",33.2,24.7,29.9,72,12.3,7.1,306,1007.2,0.6
15-05-2025,100,64,4,6,1,1,"Bandra Kurla Complex, Mumbai",33.2,27.8,30.5,70,14.3,6.7,291,1007.2,1.8
16-05-2025,72,58,5,6,1,2,"Bandra Kurla Complex, Mumbai",33.8,28.9,31,65,14.1,7.8,245,1007,1
17-05-2025,59,64,8,9,1,2,"Bandra Kurla Complex, Mumbai",32.5,28.5,30.6,66,13.3,7.7,236,1006.6,0.9
18-05-2025,60,79,8,10,2,2,"Bandra Kurla Complex, Mumbai",34.4,28.7,31.2,61,14.7,7,258,1005.9,0
19-05-2025,81,92,8,13,2,1,"Bandra Kurla Complex, Mumbai",32.3,28.4,30.3,69,16.2,6.8,308,1004.9,0.2
20-05-2025,93,123,9,18,1,2,"Bandra Kurla Complex, Mumbai",34.3,28.3,30.2,75,13.2,6.7,318,1004.1,8.7
21-05-2025,107,85,11,25,1,7,"Bandra Kurla Complex, Mumbai",31.5,26.5,29,83,10.7,5.8,332,1003.3,1.1
22-05-2025,78,116,12,13,1,7,"Bandra Kurla Complex, Mumbai",31.8,25.8,28.5,82,18.3,7.8,336,1002.1,21.2
23-05-2025,108,134,8,18,1,8,"Bandra Kurla Complex, Mumbai",32.5,26.2,28.7,86,13.2,4.6,330,999.6,2.2
24-05-2025,128,73,1,8,1.8,6,"Bandra Kurla Complex, Mumbai",32.1,25.6,28.8,84,12,7.9,343,999.4,8.9
25-05-2025,96,56,4,8,2.6,5,"Bandra Kurla Complex, Mumbai",28.5,23.9,26.5,91,11.6,6.1,325,1001.8,27.3
26-05-2025,64,58,9,9,3.4,6,"Bandra Kurla Complex, Mumbai",27.8,25,26.2,93,21.3,9.8,352,1002,54
27-05-2025,53,88,3,11,2,7,"Bandra Kurla Complex, Mumbai",29.8,25.6,27.3,89,13,6,275,1001.9,9.1
28-05-2025,90,95,5,10,5,7,"Bandra Kurla Complex, Mumbai",27.8,25.9,26.9,90,13.5,8,212,1002.4,11.5
29-05-2025,107,90,5,5,4,4,"Bandra Kurla Complex, Mumbai",31.4,26.5,28.9,86,17.8,9.8,257,1000.9,5.6
30-05-2025,109,50,4,5,2,3,"Bandra Kurla Complex, Mumbai",31.5,28.2,29.6,78,17.8,15.6,251,1002.1,1.8
31-05-2025,78,59,5,5,1,5,"Bandra Kurla Complex, Mumbai",31,27.5,29.2,80,20,14.7,233,1005.5,3.5
01-06-2025,78,66,4,4,2,4,"Bandra Kurla Complex, Mumbai",29.2,25.7,27.3,85,19.1,13.5,200,1006,11.1
02-06-2025,66,70,4,4,2,3,"Bandra Kurla Complex, Mumbai",30.6,25.6,27.8,83,19.9,14.4,202,1004.9,8.8
03-06-2025,78,63,8,6,7,7,"Bandra Kurla Complex, Mumbai",30.1,25.4,27.4,84,20.9,14.4,197,1005.3,12.8
04-06-2025,63,110,4,6,1,10,"Bandra Kurla Complex, Mumbai",29.2,24.2,27,85,14.6,9.5,177,1006.5,4.5
05-06-2025,107,112,5,4,1,2,"Bandra Kurla Complex, Mumbai",30.2,24.7,27.8,83,10,5.4,186,1008.5,1.6
06-06-2025,114,62,4,1,1,1,"Bandra Kurla Complex, Mumbai",30.2,26.5,28.3,83,10,4.6,271,1009.4,4.7
07-06-2025,59,76,4,1,1,3,"Bandra Kurla Complex, Mumbai",29.6,25.2,27.7,86,10.1,4.9,257,1009.5,8.1
08-06-2025,78,78,3,1,1,3,"Bandra Kurla Complex, Mumbai",30.2,26.4,28.4,82,14,7.7,281,1008.8,4.4
09-06-2025,75,74,3,37,1,7,"Bandra Kurla Complex, Mumbai",30.8,27.2,29,77,18.8,10.8,297,1007.8,2
10-06-2025,77,64,3,28,1.5,8,"Bandra Kurla Complex, Mumbai",30.5,27.1,28.8,80,17.5,10.5,297,1005.8,0.8
11-06-2025,58,63,3,23,2,4,"Bandra Kurla Complex, Mumbai",31.8,27.8,29.7,77,17.1,11.9,304,1004.2,0.8
12-06-2025,67,55,10,9,3,3,"Bandra Kurla Complex, Mumbai",31.5,28.6,30,78,23.7,16,309,1002.3,2.8
13-06-2025,52,67,2,8,2,1,"Bandra Kurla Complex, Mumbai",30.5,25.4,28.3,86,19.9,11.7,331,1001.7,29.6
14-06-2025,73,45,5,9,4,3,"Bandra Kurla Complex, Mumbai",30.5,25.4,27.5,90,13.1,7,336,1000.4,58
15-06-2025,48,22,5,6,1,1,"Bandra Kurla Complex, Mumbai",29.6,25.2,26.7,93,15.3,7.7,154,997.8,55.5
16-06-2025,35,70,6,4,1,1,"Bandra Kurla Complex, Mumbai",27.1,25.7,26.2,92,28.8,21.6,250,998.7,100.9
17-06-2025,101,37,9,7,1,1,"Bandra Kurla Complex, Mumbai",29.5,25.7,27.5,85,25,20.9,223,1001.7,17.5
18-06-2025,51,48,8,6,1,1,"Bandra Kurla Complex, Mumbai",28.4,25.9,27,89,26.4,21.1,249,1002.6,86.1
19-06-2025,52,56,3,4,1,1,"Bandra Kurla Complex, Mumbai",28.4,24.4,26.4,91,23.7,17.5,246,1003.5,65.8
20-06-2025,68,63,4,4,1,1,"Bandra Kurla Complex, Mumbai",29.5,26,27.6,84,20.5,17,230,1004.9,11.3
21-06-2025,66,60,4,3,1,5,"Bandra Kurla Complex, Mumbai",30,24.9,27.6,85,20.4,15.7,231,1005.3,10
22-06-2025,75,62,5,3,1,2,"Bandra Kurla Complex, Mumbai",29.1,25.7,27.4,84,23.1,17.6,234,1004.4,15.8
23-06-2025,75,62,6,3,1,2,"Bandra Kurla Complex, Mumbai",28.3,25.5,26.8,87,24.8,19,240,1002.9,51.2
24-06-2025,94,66,3,2,1,1,"Bandra Kurla Complex, Mumbai",29.1,25.4,27,87,24,17.5,244,1002,26.7
25-06-2025,88,64,3,2,1,3,"Bandra Kurla Complex, Mumbai",30,26.4,28.1,82,24.1,19.9,244,1001.4,10
26-06-2025,84,69,4,1,1,4,"Bandra Kurla Complex, Mumbai",28.6,25.2,26.7,89,18.1,15.1,230,1001.8,25
27-06-2025,113,69,5,1,1,4,"Bandra Kurla Complex, Mumbai",28.8,24.9,27.2,83,22.4,18.5,224,1002.5,13.9
28-06-2025,88,60,3,2,1,3,"Bandra Kurla Complex, Mumbai",29.4,25.6,27.3,81,26,21.2,229,1003.9,21.5
29-06-2025,80,74,3,2,1,6,"Bandra Kurla Complex, Mumbai",28.9,25.7,27.3,84,22,17.7,230,1004.1,18.1
30-06-2025,99,66,3,2,1,4,"Bandra Kurla Complex, Mumbai",29.1,24.8,26.9,84,23.4,18,244,1003.9,22.2
01-07-2025,69,59,3,2,1,4,"Bandra Kurla Complex, Mumbai",28.8,24.5,26.8,86,19.2,15.8,244,1004.2,34.3
02-07-2025,71,54,3,3,1,1,"Bandra Kurla Complex, Mumbai",28.7,25,26.5,88,19.5,15.9,247,1003.5,40.8
03-07-2025,60,57,5,2,1,1,"Bandra Kurla Complex, Mumbai",28.2,24.8,26.4,87,22.6,17.1,231,1003.6,26.3
04-07-2025,32,59,4,3,1,1,"Bandra Kurla Complex, Mumbai",28,25.5,26.7,85,21.7,18.7,229,1004.5,20.2
05-07-2025,45,60,5,2,2,1,"Bandra Kurla Complex, Mumbai",27.5,25.8,26.6,86,23.4,19.6,241,1004.3,37.9
06-07-2025,47,64,4,2,2,1,"Bandra Kurla Complex, Mumbai",27.5,25.5,26.4,87,26.5,19.4,240,1003.7,31.3
07-07-2025,63,60,7,1,9,3,"Bandra Kurla Complex, Mumbai",28.5,25.5,27,85,22.8,17.7,243,1004.1,7.6
08-07-2025,73,71,2,4,2,3,"Bandra Kurla Complex, Mumbai",28.6,26.4,27.5,83,23,18.6,244,1004.7,3.7
09-07-2025,95,75,2,4,1.5,2,"Bandra Kurla Complex, Mumbai",27.5,25.6,26.7,87,18.9,13.3,246,1005.1,15.4
10-07-2025,85,74,3,5,1,2,"Bandra Kurla Complex, Mumbai",29,24.8,27,85,14.4,10.5,237,1005.3,6.5
11-07-2025,90,75,2,6,1,2,"Bandra Kurla Complex, Mumbai",28,25,26.7,86,12.9,9.9,235,1005.5,6.1
12-07-2025,73,64,2,7,1,3,"Bandra Kurla Complex, Mumbai",29.3,25.1,27.1,85,17,10.7,251,1006,4.9
13-07-2025,61,35,2,6,1,3,"Bandra Kurla Complex, Mumbai",28.5,25.4,26.7,86,15.7,11.5,242,1005.7,14.7
14-07-2025,43,61,1,7,1,3,"Bandra Kurla Complex, Mumbai",27.5,24.6,26.1,90,21.7,14.7,242,1004.2,51
15-07-2025,79,69,2,6,1,3,"Bandra Kurla Complex, Mumbai",27.6,25.1,26.5,87,14.8,11.9,250,1003.8,15.8
16-07-2025,92,76,3,6,1,3,"Bandra Kurla Complex, Mumbai",29.1,25.5,27.3,85,16,11.1,263,1004.1,7.9
17-07-2025,81,75,2,7,1,3,"Bandra Kurla Complex, Mumbai",29.3,25.5,27.4,85,11.2,7.7,247,1004.8,4.1
18-07-2025,81,71,2,4,1,3,"Bandra Kurla Complex, Mumbai",29.5,25.5,27.6,83,12.1,8.4,256,1005.1,2.7
19-07-2025,76,53,2,4,1,4,"Bandra Kurla Complex, Mumbai",28.3,24.9,27,85,13.3,9.3,242,1003.1,6.3
20-07-2025,64,58,2,8,1,3,"Bandra Kurla Complex, Mumbai",28,24.9,26.3,88,14.3,11,223,1002.3,12.3
21-07-2025,46,58.85714286,2,7.571428571,1.125,3,"Bandra Kurla Complex, Mumbai",28,25.5,26.4,89,12.9,9.2,234,1003.5,17.7
27-07-2025,70.85714286,64,2,5,1.875,3,"Bandra Kurla Complex, Mumbai",28.1,25.2,26.8,83,28.2,23.4,250,1003.5,10.5
28-07-2025,75,187,4,6,2,3,"Bandra Kurla Complex, Mumbai",28.3,25.6,26.7,82,25,22.7,249,1004.9,8.8
29-07-2025,99,142.6666667,8.666666667,4.666666667,11,5.666666667,"Bandra Kurla Complex, Mumbai",27.5,25.6,26.5,84,26.4,22.2,254,1005.3,8.6
31-07-2025,48.33333333,54,18,2,29,11,"Bandra Kurla Complex, Mumbai",27.6,25.9,26.8,85,21.3,19,238,1005.4,3.9
01-08-2025,23,62,2,3,1,2,"Bandra Kurla Complex, Mumbai",28.4,25.5,27,83,18.5,15,243,1006.2,4.1
02-08-2025,22,58,2,1,2,2,"Bandra Kurla Complex, Mumbai",28.3,25.1,26.5,86,15.3,10.8,247,1006.4,8.7
03-08-2025,30,65,2,1,1,1,"Bandra Kurla Complex, Mumbai",28.1,24.9,26.5,86,12.3,8.7,226,1007.2,4
04-08-2025,30,66,3,2,1,4,"Bandra Kurla Complex, Mumbai",28.6,25,26.9,85,13,7.7,250,1008.3,3.5
05-08-2025,35,73,3,2,1,5,"Bandra Kurla Complex, Mumbai",28.9,25,27,84,13.9,7.2,268,1007.9,4.3
06-08-2025,46,62,2,3,1,9,"Bandra Kurla Complex, Mumbai",29.2,25.1,27.2,84,14.3,6.6,297,1007.4,1.2
07-08-2025,47,70,1,2,1,6,"Bandra Kurla Complex, Mumbai",27.9,25.8,26.9,87,11.6,5.2,292,1007.2,3.2
08-08-2025,40,78,1,3,1,6,"Bandra Kurla Complex, Mumbai",28.1,25.8,26.8,86,8.3,4.2,273,1007.9,2.9
09-08-2025,73,69,1.5,3,1,6,"Bandra Kurla Complex, Mumbai",28.5,24.8,26.7,86,9.6,4.9,241,1009.4,1.6
10-08-2025,65,63,2,4,1,4,"Bandra Kurla Complex, Mumbai",28.1,25,26.5,86,12.7,4.9,238,1008.7,3.2
11-08-2025,49,56,1,2,1,5,"Bandra Kurla Complex, Mumbai",28.2,25,26.6,84,15,8.1,254,1008.4,4.3
12-08-2025,44,49,1,2,2,6,"Bandra Kurla Complex, Mumbai",28.6,24.9,26.6,83,15.9,9,258,1007.1,5
13-08-2025,38,36,1,2,1,5,"Bandra Kurla Complex, Mumbai",28.2,25,26.1,87,11.9,8.1,247,1005.1,15.4
14-08-2025,61,31,1,4,1,6,"Bandra Kurla Complex, Mumbai",27.2,25.1,25.9,89,13.1,8.8,218,1004.4,38.9
15-08-2025,46,31,1,2,1,8,"Bandra Kurla Complex, Mumbai",27.2,25.1,26.1,89,14.4,10.9,243,1003.8,35.8
16-08-2025,39,32,2,1,1,5,"Bandra Kurla Complex, Mumbai",26.5,24.7,25.4,92,14.2,9.4,246,1002.6,34.2
17-08-2025,50,32,3,1,1,4,"Bandra Kurla Complex, Mumbai",28,25.1,26.2,88,20.1,12.7,234,1001.4,16.3
18-08-2025,28,32,4,1,1,4,"Bandra Kurla Complex, Mumbai",26,25.1,25.4,92,23.6,18.8,242,1003.6,127
19-08-2025,19,33,6,1.25,1,4,"Bandra Kurla Complex, Mumbai",26.2,25,25.5,91,30.3,23.4,249,1002.5,136.5
20-08-2025,40,40,3.5,1.5,1,4.5,"Bandra Kurla Complex, Mumbai",26.5,24.8,25.6,89,27.4,23.5,242,1003.7,61.5
21-08-2025,40.5,47,1,1.75,1,5,"Bandra Kurla Complex, Mumbai",28,25.2,26.6,85,25.3,20.5,235,1007,26
22-08-2025,41,51,2,2,1,1,"Bandra Kurla Complex, Mumbai",28.2,25.5,26.9,81,22.1,18.5,240,1007.9,4.5
23-08-2025,41,51,2,1.8,1,3,"Bandra Kurla Complex, Mumbai",28.3,24.6,26.6,81,25,20.1,241,1007.1,10.4
24-08-2025,17,39,2,1.6,1,6,"Bandra Kurla Complex, Mumbai",28.5,25.4,26.7,82,24.1,20.6,239,1007.7,6.7
25-08-2025,20,51,1,1.4,1,5,"Bandra Kurla Complex, Mumbai",26.8,24.6,25.5,87,22.3,17.6,243,1007.1,23.2
26-08-2025,29,56,2,3,1,5,"Bandra Kurla Complex, Mumbai",27.8,24.9,26.4,85,17.5,14,255,1006.7,14.9
27-08-2025,42,61,1.666666667,1,1,7,"Bandra Kurla Complex, Mumbai",28.4,25,26.5,85,12.6,8.9,277,1005.5,7.6
28-08-2025,61,47,1.333333333,7,1,7,"Bandra Kurla Complex, Mumbai",28.3,25.1,26.5,88,11.4,7.9,286,1004.6,16.3
29-08-2025,63,35,1,4,1,5,"Bandra Kurla Complex, Mumbai",28,25.4,26.4,88,12.2,8.7,239,1004.6,7.5
30-08-2025,37,51,1,3,1,5,"Bandra Kurla Complex, Mumbai",28.4,25,26.5,86,12,8.9,228,1006.5,2.8
31-08-2025,44,52,1,3,1,5,"Bandra Kurla Complex, Mumbai",27.6,25,26.4,86,18.2,12.4,245,1006.9,10
01-09-2025,28,53,1,3,1,7,"Bandra Kurla Complex, Mumbai",27.8,25.1,26.4,85,21.1,16.4,257,1005.3,6.7
02-09-2025,37,62,3,4,1,7,"Bandra Kurla Complex, Mumbai",28.2,24.9,26.6,86,15.4,13.5,272,1005.1,5.7
03-09-2025,36,57,2,4,1,12,"Bandra Kurla Complex, Mumbai",28.7,24.7,26.8,83,16.2,12,283,1005.4,4.8
04-09-2025,46,62,1,4,1,9,"Bandra Kurla Complex, Mumbai",26.1,24.8,25.6,88,12.4,9.8,279,1005.7,17.2
05-09-2025,36,42,1,3,1,11,"Bandra Kurla Complex, Mumbai",27.4,24.9,25.9,89,17.6,11.6,260,1006.2,18.2
06-09-2025,48,55,1,3,1,9,"Bandra Kurla Complex, Mumbai",26.5,24.8,25.7,87,19.8,14.6,237,1007.3,24.9
07-09-2025,51,49,1,7,2,6,"Bandra Kurla Complex, Mumbai",28.1,24.7,26.2,84,17.8,13.8,229,1007.5,9.2
08-09-2025,58,64,1,11,1,7,"Bandra Kurla Complex, Mumbai",27.8,24.2,26.1,86,17.1,12.1,205,1007.4,5.5
09-09-2025,155,78,19,7,11,8,"Bandra Kurla Complex, Mumbai",28.9,24.1,26.4,87,10.4,7.4,189,1009,0.7
10-09-2025,5,69,2,8,7.666666667,7,"Bandra Kurla Complex, Mumbai",29.5,24.5,26.7,84,11.9,5.7,295,1009.7,0.3
11-09-2025,71,63,1.666666667,7.666666667,4.333333333,2,"Bandra Kurla Complex, Mumbai",28.9,24.2,26.6,82,11.5,5.6,290,1009.5,1.5
12-09-2025,59,89,1.333333333,7.333333333,1,3,"Bandra Kurla Complex, Mumbai",29.3,24.8,26.9,82,12.9,5.4,313,1009.4,1.2
13-09-2025,103,60,1,7,1,4,"Bandra Kurla Complex, Mumbai",28.6,25,26.5,88,14.6,6.6,321,1009,12.7
14-09-2025,111,40,1,6,1,6,"Bandra Kurla Complex, Mumbai",29,24.8,26.5,87,15.6,8.3,322,1008.7,12.2
15-09-2025,86,59,1,7,1,5,"Bandra Kurla Complex, Mumbai",27.1,24.9,25.9,90,16.2,9.4,304,1008.1,65.5
16-09-2025,109,30,1,4,3,3.5,"Bandra Kurla Complex, Mumbai",27.8,25.2,26.1,90,11.8,6.2,282,1007.8,5.2
17-09-2025,59,47,1,5,3,2,"Bandra Kurla Complex, Mumbai",28.2,24.6,26.3,90,9.9,4.3,255,1007.7,25.7
18-09-2025,44,38,1,6,3,1,"Bandra Kurla Complex, Mumbai",27.8,24.6,26.1,90,9.8,4.3,290,1007.6,10.4
19-09-2025,56,51,1,5,3,1,"Bandra Kurla Complex, Mumbai",28.2,24.6,26.1,90,11.7,6.3,250,1008.6,8.2
20-09-2025,59,45,1,5,1,1,"Bandra Kurla Complex, Mumbai",29,24.6,26.4,88,11.3,6.2,243,1008.7,12.3
21-09-2025,53,44,4,2,1,2,"Bandra Kurla Complex, Mumbai",28.6,24.8,26.2,90,13.5,5.4,282,1008.3,15.7
22-09-2025,70,56,7,20,1,7,"Bandra Kurla Complex, Mumbai",28.3,24,25.8,90,12.7,6.1,292,1009.1,17
23-09-2025,89,50,4,29,1,4,"Bandra Kurla Complex, Mumbai",28.7,24.5,26.3,86,16.4,6.1,270,1009.5,10.7
24-09-2025,50,48,3,12,1,6,"Bandra Kurla Complex, Mumbai",28.6,25,26.8,82,11.7,7.3,272,1008.1,2.5
25-09-2025,55,85,3,13,1,9,"Bandra Kurla Complex, Mumbai",28.1,24.2,26.2,85,10.2,5,258,1007.4,3.1
26-09-2025,82,49,1,10,1,1,"Bandra Kurla Complex, Mumbai",29.1,24.2,26.6,86,12.7,4.8,324,1007.3,3
27-09-2025,68,48.66666667,1.666666667,8.666666667,1,1.333333333,"Bandra Kurla Complex, Mumbai",28.2,24.5,26.2,86,14.9,10.1,291,1007.4,14.1
29-09-2025,62,48,3,6,1,2,"Bandra Kurla Complex, Mumbai",28.3,25.2,26.5,79,26.5,19.1,229,1004.2,15.8
30-09-2025,59,43,3,8,1,2,"Bandra Kurla Complex, Mumbai",27.5,24,25.5,85,20.8,15.9,192,1005.4,11.2
01-10-2025,60,43,3,9,2,1,"Bandra Kurla Complex, Mumbai",28.5,24,25.7,87,21.6,15.6,184,1005,12
02-10-2025,62,48,2,5,1,2,"Bandra Kurla Complex, Mumbai",27.9,24.2,25.9,88,22.3,14.7,178,1007,4.1
03-10-2025,62,54,2.5,6.5,1,3.5,"Bandra Kurla Complex, Mumbai",28.6,24.6,26.5,86,15.9,10.9,183,1009.7,2.4
06-10-2025,77.75,72,4,11,1,8,"Bandra Kurla Complex, Mumbai",28.4,24.5,26.1,84,12.5,7,216,1011.7,1.1
07-10-2025,83,90,5,13,1,4,"Bandra Kurla Complex, Mumbai",28.9,24.1,26.1,86,13.2,5.1,273,1011.8,2.1
08-10-2025,90,128,17,22,1,6,"Bandra Kurla Complex, Mumbai",29.4,24.5,26.8,85,13.2,6.4,334,1011.5,0.3
09-10-2025,146,161,38,20,1,5,"Bandra Kurla Complex, Mumbai",31.6,24.6,27.7,77,10.9,6.5,353,1011.6,0
10-10-2025,157,216,16,20,1,7,"Bandra Kurla Complex, Mumbai",33,24,28,66,10.7,6.9,1,1010.2,0.1
11-10-2025,164,208,18,20,7,8,"Bandra Kurla Complex, Mumbai",33.8,24.5,28.5,63,12.9,6.4,349,1009.9,0.1
12-10-2025,167,169,18,23,13,9,"Bandra Kurla Complex, Mumbai",34.8,24.5,29,59,12.2,6.8,348,1009.5,0.1
13-10-2025,167,157,18,23,7,4,"Bandra Kurla Complex, Mumbai",34.5,24.5,29.2,56,14.1,7.7,350,1009.9,0
14-10-2025,160,196,2,22,1,5,"Bandra Kurla Complex, Mumbai",35.2,24.1,29.2,55,14.1,7.6,343,1008.1,0
15-10-2025,179,159,10.5,22.5,1,6,"Bandra Kurla Complex, Mumbai",34.9,24.5,29.2,57,7.5,4.3,58,1007.5,1.5
16-10-2025,172.5,122,19,23,1,7,"Bandra Kurla Complex, Mumbai",35,26.3,29.5,69,16.6,6,61,1008,6.2
17-10-2025,166,138,27,21,1,3,"Bandra Kurla Complex, Mumbai",36,26,30.6,63,12.4,8,18,1009,0.1
18-10-2025,177,153,22,19,1,3,"Bandra Kurla Complex, Mumbai",35.7,26.6,30.5,59,12.2,6.3,9,1008.9,1.1
19-10-2025,196,184,17,19,1,4,"Bandra Kurla Complex, Mumbai",35.2,26.4,30.3,61,11.7,7.5,11,1007.6,0.5
20-10-2025,238,202,19,15,2,3,"Bandra Kurla Complex, Mumbai",35,26,30.2,60,14.3,8,12,1006.9,0.2
21-10-2025,259,104,12,13,2,5,"Bandra Kurla Complex, Mumbai",34.3,26.1,29.6,62,11.6,6.9,46,1008.1,5.9
22-10-2025,171,108,5,13,2,5,"Bandra Kurla Complex, Mumbai",33.9,26,29.2,74,11.2,6.3,41,1008.5,4.8
23-10-2025,172,39,3,12,2,5,"Bandra Kurla Complex, Mumbai",34.5,26.4,29.9,71,13.8,7.7,43,1007.2,6.1
24-10-2025,98,22,2,8,2,2,"Bandra Kurla Complex, Mumbai",33,27,29.5,72,13.7,6.7,128,1007,8.7
25-10-2025,75,26,1,9,2,4,"Bandra Kurla Complex, Mumbai",30.1,25.2,27.1,84,14.4,8.3,138,1006.8,13.8
26-10-2025,72,32,2,6,2,1,"Bandra Kurla Complex, Mumbai",26.8,24,25.2,92,17.8,9.8,128,1006.7,34.3
27-10-2025,70,26,1,12,2,3,"Bandra Kurla Complex, Mumbai",30.4,23.7,26,88,20.5,12.3,151,1006.5,13.3
28-10-2025,102,87,2,9,1,1,"Bandra Kurla Complex, Mumbai",31.7,25.3,27.5,77,16.8,13.2,146,1005.8,0.4
29-10-2025,118,66,3,9,1,4,"Bandra Kurla Complex, Mumbai",30.9,25.9,27.4,79,18.5,10.3,153,1005.2,0.1
30-10-2025,95,63,2,8,1,3,"Bandra Kurla Complex, Mumbai",28.6,24.6,26.4,83,20.2,13.4,157,1007,11.5
31-10-2025,96,61,2,4,1,4,"Bandra Kurla Complex, Mumbai",29.1,24.4,26.6,83,24.2,17.1,161,1008.4,8.6
01-11-2025,87,52,2,6,7,3,"Bandra Kurla Complex, Mumbai",28.4,25,26.5,88,19.2,13.8,170,1010.3,3.1
02-11-2025,75,54,2,6,7,3,"Bandra Kurla Complex, Mumbai",27.6,25.1,26.2,89,16.2,11.2,183,1012.4,4.2
03-11-2025,76,75,5,18,7,3,"Bandra Kurla Complex, Mumbai",28.6,23.9,26.1,88,12.2,7.5,201,1012.5,2.5
04-11-2025,101,93,6,13,1,3,"Bandra Kurla Complex, Mumbai",28.1,24.4,25.8,87,13,5.5,241,1011.9,1.6
05-11-2025,102,131,16,13,1,5,"Bandra Kurla Complex, Mumbai",28.5,23.4,25.7,82,9,5.1,334,1011.1,0.1
06-11-2025,140,182,38,14,9,6,"Bandra Kurla Complex, Mumbai",29.1,22.9,25.7,82,12.3,6.3,348,1011.7,0.6
07-11-2025,181,140,18,15,5,6,"Bandra Kurla Complex, Mumbai",31.4,23.8,26.7,74,12.3,6.3,346,1012.4,0
08-11-2025,163,102,12,13,1,4,"Bandra Kurla Complex, Mumbai",33.3,22.5,27.2,58,11.3,7.9,19,1013.4,0
09-11-2025,155,136,9,14,1,4,"Bandra Kurla Complex, Mumbai",31.4,21.2,26,57,12,6.9,329,1012.9,0
10-11-2025,161,161,23,14,1,4,"Bandra Kurla Complex, Mumbai",32.2,20.6,26.1,58,11.1,5.7,258,1012.3,0
11-11-2025,168,166,16,18,2,6,"Bandra Kurla Complex, Mumbai",32,21.4,26.4,59,12.7,6.4,346,1013.1,0
12-11-2025,182,173,9,16,1,7,"Bandra Kurla Complex, Mumbai",32.8,21.2,26.9,46,13.4,7.4,18,1013.5,0
13-11-2025,182,183,26,14,2,6,"Bandra Kurla Complex, Mumbai",33.3,21.9,27.2,46,13.6,8.1,16,1013.9,0
14-11-2025,196,192,25,14,1,7,"Bandra Kurla Complex, Mumbai",33.1,21.2,26.8,49,10.8,6.8,15,1013.2,0
15-11-2025,197,216,14,12,1,5,"Bandra Kurla Complex, Mumbai",33.2,20.9,26.4,47,11.8,7.2,30,1013.8,0
16-11-2025,206,210.15,13.7,11.9,1.1,4.9,"Bandra Kurla Complex, Mumbai",33.1,20.8,26.3,43,12.9,8.3,39,1015.1,0
05-12-2025,159.45,99,8,10,3,3,"Bandra Kurla Complex, Mumbai",34.1,23.1,28,48,13.1,9.6,34,1014.4,0
06-12-2025,157,100.3333333,10.16666667,9.666666667,3.166666667,3.666666667,"Bandra Kurla Complex, Mumbai",33,23.3,27.3,49,13,9.2,23,1015,0
17-12-2025,166.1666667,115,34,6,5,11,"Bandra Kurla Complex, Mumbai",33.1,20.5,26.1,47,12.2,7.3,11,1014.4,0
18-12-2025,167,110,44,7,6,5,"Bandra Kurla Complex, Mumbai",33.1,20,25.9,45,11.9,7.1,9,1014.6,0
19-12-2025,160,103,39.75,5.75,5.5,4.5,"Bandra Kurla Complex, Mumbai",33.2,19.6,25.2,42,15.6,7.9,11,1013.1,0
22-12-2025,158.5,82,27,2,4,3,"Bandra Kurla Complex, Mumbai",31.6,18.5,24.5,40,14.8,7.2,359,1012.8,0
23-12-2025,158,88,16,4,7,10,"Bandra Kurla Complex, Mumbai",32.3,19.9,25.2,45,15.7,8.6,11,1012.2,0
24-12-2025,130,105,11,1,6,11,"Bandra Kurla Complex, Mumbai",32.2,20.8,25.2,44,14.8,9.3,17,1012.2,0
25-12-2025,154,133,1,2,9,13,"Bandra Kurla Complex, Mumbai",31.5,19.1,24.7,48,13.7,7.9,15,1012.7,0
26-12-2025,162,93,24,57,5,15,"Bandra Kurla Complex, Mumbai",31.3,19,24.7,48,15.1,7.4,357,1012.6,0
27-12-2025,160,99,25,50,7,14,"Bandra Kurla Complex, Mumbai",32,19.7,25,48,13.4,8.1,12,1012.8,0
28-12-2025,163,92.25,21.5,46,5.75,13.25,"Bandra Kurla Complex, Mumbai",31.5,20,24.9,48,12,7.6,6,1013.4,0
31-12-2025,133,72,11,34,2,11,"Bandra Kurla Complex, Mumbai",28.8,18.1,23.2,72,13.4,5.7,299,1011.9,0
01-01-2026,123,92,12,40,2,12,"Bandra Kurla Complex, Mumbai",28,20,23.5,76,13.6,7.4,332,1012.2,0.9
02-01-2026,154,99,7,42,3,13,"Bandra Kurla Complex, Mumbai",28.5,20.1,23.8,75,14.3,8.2,340,1013.6,0
03-01-2026,159,121,11,38,3,15,"Bandra Kurla Complex, Mumbai",30.2,20.2,24.5,66,12.1,7.5,342,1013.7,0
04-01-2026,176,68,28,6,3,11,"Bandra Kurla Complex, Mumbai",30.4,21.4,25.4,66,12.2,8.7,344,1014.3,0
05-01-2026,155,93,20,53,7,13,"Bandra Kurla Complex, Mumbai",31.6,21.9,25.8,60,12.3,7.3,334,1015.2,0
06-01-2026,167,120,3,60,5,21,"Bandra Kurla Complex, Mumbai",31.4,21.5,25.5,60,13.4,7.2,15,1015.8,0
07-01-2026,175,79,24,54,8,14,"Bandra Kurla Complex, Mumbai",31,19.6,24.7,59,12.8,7.1,354,1015.9,0
08-01-2026,141,90,14,50,6,14,"Bandra Kurla Complex, Mumbai",30.5,19,24.1,52,13.4,7.4,352,1016.1,0
09-01-2026,156,98,15,48,8,10,"Bandra Kurla Complex, Mumbai",31.4,17.9,23.8,48,13.5,7.7,358,1015.6,0
10-01-2026,160,97,14,49,8,11,"Bandra Kurla Complex, Mumbai",30.1,19,23.6,51,16.3,9.3,354,1015.1,0
11-01-2026,162,93,18,49,9,11,"Bandra Kurla Complex, Mumbai",31.5,18.8,24.3,50,14.1,8.8,358,1015.5,0
12-01-2026,153,101,20,54,6,12,"Bandra Kurla Complex, Mumbai",32.2,20.1,25.3,44,11.3,7.2,10,1015.7,0
13-01-2026,160,103,33,47,5,10,"Bandra Kurla Complex, Mumbai",31.4,22,26.4,49,9,5.2,327,1015.8,0
14-01-2026,164,86,15,44,6,7,"Bandra Kurla Complex, Mumbai",31.1,22.3,25.9,58,15.9,8.9,337,1014.6,0
15-01-2026,154,94,47,46,4,8,"Bandra Kurla Complex, Mumbai",29.8,18.9,24.1,53,13.1,8.1,339,1013.9,0
16-01-2026,163,77,30,36,2,3,"Bandra Kurla Complex, Mumbai",30,19,24,68,11.1,6.5,322,1013.4,0
17-01-2026,140,66,18,36,5,4,"Bandra Kurla Complex, Mumbai",29.6,18.9,23.6,71,12.6,7.2,307,1013,0
18-01-2026,126,71,15,39,6,5,"Bandra Kurla Complex, Mumbai",26.5,19.6,22.8,74,14.5,7.6,329,1012.4,0
19-01-2026,123,83,9,48,4,7,"Bandra Kurla Complex, Mumbai",27.7,18.1,22.6,65,16.7,9.7,345,1013.5,0
20-01-2026,133,103,19,47,8,10,"Bandra Kurla Complex, Mumbai",28.1,17.8,22.9,60,11.4,7.4,339,1012.9,0
21-01-2026,166,110,28,48,10,11,"Bandra Kurla Complex, Mumbai",31,19.2,24.6,61,13.7,5.2,266,1013.2,0
22-01-2026,169,73,8,36,2,2,"Bandra Kurla Complex, Mumbai",30.2,20.5,24.7,63,14.5,6.6,279,1013.9,0
23-01-2026,138,79,19,42,6,7,"Bandra Kurla Complex, Mumbai",28.1,20.4,23.7,74,17.1,7.9,335,1015.4,0
24-01-2026,131,91,15,48,5,6,"Bandra Kurla Complex, Mumbai",28.8,18.8,23.2,63,15.2,8.6,340,1016.4,0
25-01-2026,155,106,49,45,6,8,"Bandra Kurla Complex, Mumbai",30,19,23.7,65,10.6,6.8,345,1014.6,0
26-01-2026,170,56,17,52,4,3,"Bandra Kurla Complex, Mumbai",31,19.8,24.8,67,8.8,5.8,317,1014.6,0
27-01-2026,92,69,28,58,5,7,"Bandra Kurla Complex, Mumbai",27.5,21.8,23.9,76,16.4,9.8,334,1016.7,0.4
28-01-2026,102,70,1,58,5.4,5,"Bandra Kurla Complex, Mumbai",29.8,19.8,23.8,63,13.6,9.7,349,1016,0
29-01-2026,118,73.5,14.75,55.25,5.8,5.25,"Bandra Kurla Complex, Mumbai",32.5,19.7,25.1,50,11.2,6.1,338,1013.9,0
01-02-2026,154.75,84,56,47,7,6,"Bandra Kurla Complex, Mumbai",31.8,21.2,25.5,71,13.1,7.8,338,1015,0
02-02-2026,167,129,3,36,8,15,"Bandra Kurla Complex, Mumbai",33.2,21.5,26.4,55,12.4,6.5,327,1014.6,0
03-02-2026,171,102,18,38,5,6,"Bandra Kurla Complex, Mumbai",32.2,21.6,26.2,51,12.7,6.9,337,1014.5,0
04-02-2026,163,96,19,34,9,7,"Bandra Kurla Complex, Mumbai",33.8,21.9,26.8,50,14.2,6.9,348,1014.6,0
05-02-2026,161,99,19,34,10,6,"Bandra Kurla Complex, Mumbai",33.8,22.5,27.3,48,14,7.6,335,1015.4,0
06-02-2026,162,90,17.57142857,36,6,7,"Bandra Kurla Complex, Mumbai",33.7,22.1,27.2,47,18.1,8.8,353,1015.8,0
07-02-2026,153,89.33333333,16.14285714,31.83333333,5.166666667,7,"Bandra Kurla Complex, Mumbai",33.2,21.6,26.9,43,13.2,7.9,341,1014.8,0
12-02-2026,154.6666667,86,9,11,1,7,"Bandra Kurla Complex, Mumbai",32.7,22,26.8,53,13.7,7,318,1014.1,0
13-02-2026,155,110,22,13,2,10,"Bandra Kurla Complex, Mumbai",33,21.9,26.6,55,12.1,6,326,1013.3,0
14-02-2026,163,107,12,12,1,9,"Bandra Kurla Complex, Mumbai",34.5,22.1,27.3,53,14.4,7,332,1012.5,0
15-02-2026,153,99,7,15,3,11,"Bandra Kurla Complex, Mumbai",34.5,23,28,44,14.7,7.9,339,1012.4,0
16-02-2026,149,99,7,15,3,11,"Bandra Kurla Complex, Mumbai",32,22.8,26.7,48,13.7,7.5,327,1010.9,0
