date,pm25,pm10,o3,no2,so2,co,location
2021-12-27,122.0,94.0,3.0,3.0,1.0,2.0,"Borivali East MPCB, Mumbai"
2021-12-28,174.0,73.0,18.0,2.0,1.0,1.0,"Borivali East MPCB, Mumbai"
2021-12-29,145.0,85.0,21.0,1.0,1.0,2.0,"Borivali East MPCB, Mumbai"
2021-12-30,169.0,116.0,24.0,1.0,1.0,1.0,"Borivali East MPCB, Mumbai"
2021-12-31,298.0,74.0,23.0,1.0,1.0,1.0,"Borivali East MPCB, Mumbai"
2022-01-01,165.0,70.0,24.0,1.0,1.0,1.0,"Borivali East MPCB, Mumbai"
2022-01-02,154.0,67.0,24.0,1.0,1.0,1.0,"Borivali East MPCB, Mumbai"
2022-01-03,152.0,77.0,29.0,2.0,1.0,1.0,"Borivali East MPCB, Mumbai"
2022-01-04,160.0,87.0,30.0,2.0,1.0,2.0,"Borivali East MPCB, Mumbai"
2022-01-05,175.0,72.0,20.0,1.0,1.0,2.0,"Borivali East MPCB, Mumbai"
2022-01-06,162.0,84.0,28.0,2.0,1.0,2.0,"Borivali East MPCB, Mumbai"
2022-01-07,176.0,66.0,13.0,2.0,2.0,1.0,"Borivali East MPCB, Mumbai"
2022-01-08,178.6,51.0,22.0,2.0,1.0,1.0,"Borivali East MPCB, Mumbai"
2022-01-09,181.2,36.0,21.0,1.0,1.0,1.0,"Borivali East MPCB, Mumbai"
2022-01-10,183.8,79.0,34.0,3.0,3.0,1.0,"Borivali East MPCB, Mumbai"
2022-01-11,112.0,110.0,31.0,2.0,4.0,2.0,"Borivali East MPCB, Mumbai"
2022-01-12,189.0,81.0,31.0,2.0,6.0,2.0,"Borivali East MPCB, Mumbai"
2022-01-13,173.0,82.0,26.0,2.0,9.0,2.0,"Borivali East MPCB, Mumbai"
2022-01-14,175.0,79.0,25.0,2.0,11.0,2.0,"Borivali East MPCB, Mumbai"
2022-01-15,170.0,69.0,16.0,1.0,12.0,1.0,"Borivali East MPCB, Mumbai"
2022-01-16,160.0,72.0,19.0,2.0,15.0,2.0,"Borivali East MPCB, Mumbai"
2022-01-17,162.0,71.0,24.0,1.0,16.0,1.0,"Borivali East MPCB, Mumbai"
2022-01-18,159.0,76.0,27.0,3.0,17.0,2.0,"Borivali East MPCB, Mumbai"
2022-01-19,161.0,65.0,26.0,2.0,19.0,1.0,"Borivali East MPCB, Mumbai"
2022-01-20,137.0,48.0,15.0,1.0,21.0,1.0,"Borivali East MPCB, Mumbai"
2022-01-21,93.0,55.0,10.0,1.0,22.0,1.0,"Borivali East MPCB, Mumbai"
2022-01-22,86.0,116.0,22.0,2.0,23.0,1.0,"Borivali East MPCB, Mumbai"
2022-01-23,164.0,177.0,21.0,2.0,22.0,2.0,"Borivali East MPCB, Mumbai"
2022-01-24,151.0,144.0,28.0,2.0,23.0,1.0,"Borivali East MPCB, Mumbai"
2022-01-25,149.0,118.0,29.0,2.0,24.0,1.0,"Borivali East MPCB, Mumbai"
2022-01-26,152.0,97.0,29.0,3.0,26.0,2.0,"Borivali East MPCB, Mumbai"
2022-01-27,149.0,85.0,28.0,2.0,26.0,1.0,"Borivali East MPCB, Mumbai"
2022-01-28,138.0,76.0,27.0,2.0,27.0,1.0,"Borivali East MPCB, Mumbai"
2022-01-29,138.0,68.0,27.0,2.0,26.0,1.0,"Borivali East MPCB, Mumbai"
2022-01-30,129.0,70.0,31.0,3.0,27.0,1.0,"Borivali East MPCB, Mumbai"
2022-01-31,136.0,71.0,23.0,2.0,29.0,1.0,"Borivali East MPCB, Mumbai"
2022-02-01,140.0,89.0,27.0,4.0,29.0,2.0,"Borivali East MPCB, Mumbai"
2022-02-02,166.0,66.0,18.0,2.0,30.0,1.0,"Borivali East MPCB, Mumbai"
2022-02-03,119.0,124.0,20.0,1.0,31.0,1.0,"Borivali East MPCB, Mumbai"
2022-02-04,131.0,134.0,28.0,2.0,30.0,1.0,"Borivali East MPCB, Mumbai"
2022-02-05,146.0,112.0,34.0,2.0,30.0,1.0,"Borivali East MPCB, Mumbai"
2022-02-06,158.0,87.0,22.0,1.0,31.0,1.0,"Borivali East MPCB, Mumbai"
2022-02-07,138.0,60.0,17.0,1.0,30.0,1.0,"Borivali East MPCB, Mumbai"
2022-02-08,91.0,66.0,19.0,1.0,30.0,1.0,"Borivali East MPCB, Mumbai"
2022-02-09,118.0,79.0,22.0,2.0,18.0,1.0,"Borivali East MPCB, Mumbai"
2022-02-10,151.0,81.0,23.0,3.0,3.0,1.0,"Borivali East MPCB, Mumbai"
2022-02-11,149.0,75.0,25.0,2.0,2.0,1.0,"Borivali East MPCB, Mumbai"
2022-02-12,145.0,86.0,26.0,4.0,3.0,2.0,"Borivali East MPCB, Mumbai"
2022-02-13,158.0,93.0,19.0,1.0,2.0,1.0,"Borivali East MPCB, Mumbai"
2022-02-14,149.0,54.0,14.0,1.0,2.0,1.0,"Borivali East MPCB, Mumbai"
2022-02-15,93.0,46.0,11.0,1.0,3.0,1.0,"Borivali East MPCB, Mumbai"
2022-02-16,74.0,51.0,15.0,3.0,3.0,1.0,"Borivali East MPCB, Mumbai"
2022-02-17,90.0,60.0,18.0,4.0,3.0,2.0,"Borivali East MPCB, Mumbai"
2022-02-18,125.0,70.0,23.0,5.0,2.0,1.0,"Borivali East MPCB, Mumbai"
2022-02-19,140.0,69.0,24.0,2.0,2.0,1.0,"Borivali East MPCB, Mumbai"
2022-02-20,144.0,68.0,20.0,4.0,2.0,1.0,"Borivali East MPCB, Mumbai"
2022-02-21,140.0,79.0,18.0,4.0,1.0,1.0,"Borivali East MPCB, Mumbai"
2022-02-22,130.0,64.0,18.0,4.0,1.0,1.0,"Borivali East MPCB, Mumbai"
2022-02-23,116.0,84.0,30.0,4.0,1.0,2.0,"Borivali East MPCB, Mumbai"
2022-02-24,152.0,143.0,36.0,5.0,1.1538461538461537,2.0,"Borivali East MPCB, Mumbai"
2022-02-25,184.0,95.0,20.0,2.0,1.3076923076923077,2.0,"Borivali East MPCB, Mumbai"
2022-02-26,134.0,48.0,9.0,3.0,1.4615384615384615,1.0,"Borivali East MPCB, Mumbai"
2022-02-27,131.0,111.0,24.0,7.0,5.0,4.0,"Borivali East MPCB, Mumbai"
2022-02-28,151.0,76.0,4.0,3.0,5.0,3.0,"Borivali East MPCB, Mumbai"
2022-03-01,165.0,101.0,26.0,7.0,2.0,4.0,"Borivali East MPCB, Mumbai"
2022-03-02,166.0,87.0,30.0,4.0,2.0,3.0,"Borivali East MPCB, Mumbai"
2022-03-03,155.0,81.0,27.0,4.0,2.0,3.0,"Borivali East MPCB, Mumbai"
2022-03-04,144.0,80.0,31.0,5.0,2.0,4.0,"Borivali East MPCB, Mumbai"
2022-03-05,147.0,83.0,29.0,4.0,2.0,4.0,"Borivali East MPCB, Mumbai"
2022-03-06,152.0,95.0,34.0,6.0,2.0,4.0,"Borivali East MPCB, Mumbai"
2022-03-07,164.0,94.0,33.0,4.0,2.0,4.0,"Borivali East MPCB, Mumbai"
2022-03-08,170.0,84.0,31.0,3.0,3.0,3.0,"Borivali East MPCB, Mumbai"
2022-03-09,165.0,84.0,30.0,4.0,2.0,3.0,"Borivali East MPCB, Mumbai"
2022-03-10,165.0,89.0,38.0,5.0,1.0,4.0,"Borivali East MPCB, Mumbai"
2022-03-11,163.0,69.0,47.0,3.0,1.0,3.0,"Borivali East MPCB, Mumbai"
2022-03-12,140.0,80.0,28.0,3.0,1.0,3.0,"Borivali East MPCB, Mumbai"
2022-03-13,143.0,153.0,29.0,4.0,3.0,3.0,"Borivali East MPCB, Mumbai"
2022-03-14,229.0,111.0,32.0,6.0,2.0,4.0,"Borivali East MPCB, Mumbai"
2022-03-15,169.0,99.0,35.0,7.0,1.5,4.0,"Borivali East MPCB, Mumbai"
2022-03-16,159.0,106.0,34.0,8.0,1.0,5.0,"Borivali East MPCB, Mumbai"
2022-03-17,167.0,109.0,23.0,6.0,1.0571428571428572,6.0,"Borivali East MPCB, Mumbai"
2022-03-18,178.0,77.0,21.0,4.0,1.1142857142857143,3.0,"Borivali East MPCB, Mumbai"
2022-03-19,127.0,79.0,8.0,2.0,1.1714285714285715,2.0,"Borivali East MPCB, Mumbai"
2022-03-20,102.0,98.0,18.0,3.0,2.0,1.0,"Borivali East MPCB, Mumbai"
2022-03-21,118.0,98.0,30.0,4.0,2.0,3.0,"Borivali East MPCB, Mumbai"
2022-03-22,156.0,102.0,25.0,5.0,2.0,3.0,"Borivali East MPCB, Mumbai"
2022-03-23,133.0,104.0,32.0,7.0,2.0,4.0,"Borivali East MPCB, Mumbai"
2022-03-24,155.0,75.0,18.0,4.0,2.0,3.0,"Borivali East MPCB, Mumbai"
2022-03-25,111.0,74.0,15.0,3.0,2.0,3.0,"Borivali East MPCB, Mumbai"
2022-03-26,106.0,72.0,13.0,2.0,2.0,1.0,"Borivali East MPCB, Mumbai"
2022-03-27,96.0,79.0,9.0,2.0,2.0,1.0,"Borivali East MPCB, Mumbai"
2022-03-28,118.0,80.0,16.0,3.0,2.0,2.0,"Borivali East MPCB, Mumbai"
2022-03-29,117.0,86.0,14.0,3.0,2.0,1.0,"Borivali East MPCB, Mumbai"
2022-03-30,92.0,79.0,14.0,2.0,2.0,1.0,"Borivali East MPCB, Mumbai"
2022-03-31,91.0,141.0,13.0,3.0,2.0,1.0,"Borivali East MPCB, Mumbai"
2022-04-01,142.0,122.0,15.0,2.0,2.0,1.0,"Borivali East MPCB, Mumbai"
2022-04-02,137.0,106.0,13.0,2.0,2.0,2.0,"Borivali East MPCB, Mumbai"
2022-04-03,123.0,87.0,11.0,2.0,2.0,1.0,"Borivali East MPCB, Mumbai"
2022-04-04,109.0,81.0,3.0,1.0,2.0,2.0,"Borivali East MPCB, Mumbai"
2022-04-05,110.0,79.0,2.0,1.0,2.0,2.0,"Borivali East MPCB, Mumbai"
2022-04-06,125.0,68.0,7.0,1.0,2.0,2.0,"Borivali East MPCB, Mumbai"
2022-04-07,116.0,71.0,3.0,1.0,2.0,3.0,"Borivali East MPCB, Mumbai"
2022-04-08,129.0,56.0,2.0,1.0,2.0,2.0,"Borivali East MPCB, Mumbai"
2022-04-09,115.0,62.5,4.5,1.0,2.0,1.5,"Borivali East MPCB, Mumbai"
2022-04-10,109.0,69.0,7.0,1.0,2.0,1.0,"Borivali East MPCB, Mumbai"
2022-04-11,103.0,70.0,10.0,2.0,2.0,2.0,"Borivali East MPCB, Mumbai"
2022-04-12,107.0,76.0,11.0,2.0,2.0,2.0,"Borivali East MPCB, Mumbai"
2022-04-13,109.0,69.0,6.0,1.0,2.0,2.0,"Borivali East MPCB, Mumbai"
2022-04-14,120.0,67.0,4.0,1.0,2.0,1.0,"Borivali East MPCB, Mumbai"
2022-04-15,105.0,68.0,10.0,1.0,2.0,1.0,"Borivali East MPCB, Mumbai"
2022-04-16,89.0,74.0,9.0,1.0,2.0,1.0,"Borivali East MPCB, Mumbai"
2022-04-17,92.0,66.0,8.0,1.0,2.0,1.0,"Borivali East MPCB, Mumbai"
2022-04-18,85.0,62.0,6.0,1.0,2.0,1.0,"Borivali East MPCB, Mumbai"
2022-04-19,94.0,71.0,3.0,1.0,2.0,2.0,"Borivali East MPCB, Mumbai"
2022-04-20,102.0,85.0,20.0,4.0,3.0,3.0,"Borivali East MPCB, Mumbai"
2022-04-21,135.0,90.0,25.0,3.0,3.0,4.0,"Borivali East MPCB, Mumbai"
2022-04-22,160.0,88.33333333333333,22.0,2.0,3.0,3.3333333333333335,"Borivali East MPCB, Mumbai"
2022-04-23,147.0,86.66666666666667,19.0,1.0,3.0,2.666666666666667,"Borivali East MPCB, Mumbai"
2022-04-24,125.0,85.0,16.0,2.0,3.0,2.0,"Borivali East MPCB, Mumbai"
2022-04-25,116.0,62.0,11.0,2.0,2.0,2.0,"Borivali East MPCB, Mumbai"
2022-04-26,88.0,59.0,11.0,3.0,2.0,2.0,"Borivali East MPCB, Mumbai"
2022-04-27,82.0,74.0,11.0,3.0,2.0,2.0,"Borivali East MPCB, Mumbai"
2022-04-28,98.0,64.0,5.0,1.0,2.0,1.0,"Borivali East MPCB, Mumbai"
2022-04-29,98.0,58.0,16.0,2.0,3.0,1.0,"Borivali East MPCB, Mumbai"
2022-04-30,84.0,55.0,13.0,2.0,2.0,1.0,"Borivali East MPCB, Mumbai"
2022-05-01,83.0,58.0,6.0,2.0,1.0,1.0,"Borivali East MPCB, Mumbai"
2022-05-02,86.0,69.0,7.0,1.0,1.1666666666666667,1.0,"Borivali East MPCB, Mumbai"
2022-05-03,88.0,72.0,15.0,1.0,1.3333333333333333,1.0,"Borivali East MPCB, Mumbai"
2022-05-04,82.0,76.0,20.0,2.0,1.5,1.0,"Borivali East MPCB, Mumbai"
2022-05-05,83.0,97.0,13.0,1.0,3.0,1.0,"Borivali East MPCB, Mumbai"
2022-05-06,97.0,105.0,12.0,2.0,3.0,1.0,"Borivali East MPCB, Mumbai"
2022-05-07,109.0,89.0,18.0,2.0,3.0,1.0,"Borivali East MPCB, Mumbai"
2022-05-08,94.0,71.0,7.0,1.0,3.0,1.0,"Borivali East MPCB, Mumbai"
2022-05-09,73.0,79.0,6.0,1.0,3.0,1.0,"Borivali East MPCB, Mumbai"
2022-05-10,66.0,74.0,7.0,1.0,3.0,1.0,"Borivali East MPCB, Mumbai"
2022-05-11,63.0,81.0,8.0,2.0,3.0,1.0,"Borivali East MPCB, Mumbai"
2022-05-12,60.0,88.0,11.0,2.0,3.0,1.0,"Borivali East MPCB, Mumbai"
2022-05-13,64.0,94.0,13.0,2.0,3.0,1.0,"Borivali East MPCB, Mumbai"
2022-05-14,72.0,78.0,14.0,2.0,4.0,1.0,"Borivali East MPCB, Mumbai"
2022-05-15,57.0,81.0,14.0,2.0,4.0,1.0,"Borivali East MPCB, Mumbai"
2022-05-16,71.0,127.0,15.0,2.0,4.0,1.0,"Borivali East MPCB, Mumbai"
2022-05-17,120.0,167.0,15.0,1.0,2.0,1.0,"Borivali East MPCB, Mumbai"
2022-05-18,144.0,139.0,9.0,1.5,2.0,1.0,"Borivali East MPCB, Mumbai"
2022-05-19,139.0,115.0,12.0,2.0,3.0,1.0,"Borivali East MPCB, Mumbai"
2022-05-20,104.0,91.0,7.0,2.0,1.0,1.0,"Borivali East MPCB, Mumbai"
2022-05-21,88.0,69.0,5.0,1.0,1.0,1.0,"Borivali East MPCB, Mumbai"
2022-05-22,68.0,58.0,4.0,1.0,1.3333333333333333,1.0,"Borivali East MPCB, Mumbai"
2022-05-23,60.0,62.0,4.0,1.0,1.6666666666666665,1.0,"Borivali East MPCB, Mumbai"
2022-05-24,64.0,65.0,9.0,1.0,2.0,1.0,"Borivali East MPCB, Mumbai"
2022-05-25,67.0,62.0,12.0,1.0,4.0,1.0,"Borivali East MPCB, Mumbai"
2022-05-26,53.0,52.0,10.0,1.0,3.25,1.0,"Borivali East MPCB, Mumbai"
2022-05-27,40.0,51.0,12.0,2.0,2.5,1.0,"Borivali East MPCB, Mumbai"
2022-05-28,35.0,60.0,13.0,2.0,1.75,1.0,"Borivali East MPCB, Mumbai"
2022-05-29,41.0,57.0,14.0,2.0,1.0,1.0,"Borivali East MPCB, Mumbai"
2022-05-30,48.0,60.0,13.0,2.0,2.0,1.0,"Borivali East MPCB, Mumbai"
2022-05-31,50.0,58.0,13.0,2.0,1.0,1.0,"Borivali East MPCB, Mumbai"
2022-06-01,50.0,65.0,12.0,2.0,2.0,1.0,"Borivali East MPCB, Mumbai"
2022-06-02,55.0,61.0,13.0,2.0,1.0,1.0,"Borivali East MPCB, Mumbai"
2022-06-03,56.0,52.0,12.0,1.0,1.0,1.0,"Borivali East MPCB, Mumbai"
2022-06-04,49.0,44.0,14.0,2.0,1.0,1.0,"Borivali East MPCB, Mumbai"
2022-06-05,39.0,43.0,16.0,2.0,1.0,2.0,"Borivali East MPCB, Mumbai"
2022-06-06,44.0,39.0,14.0,2.0,2.0,2.0,"Borivali East MPCB, Mumbai"
2022-06-07,43.0,23.0,14.0,1.0,1.0,2.0,"Borivali East MPCB, Mumbai"
2022-06-08,27.0,21.0,15.0,2.0,2.0,2.0,"Borivali East MPCB, Mumbai"
2022-06-09,30.0,28.0,17.0,4.0,3.0,3.0,"Borivali East MPCB, Mumbai"
2022-06-10,53.0,12.0,9.0,3.0,1.0,2.0,"Borivali East MPCB, Mumbai"
2022-06-11,28.0,27.0,10.0,4.0,2.0,2.0,"Borivali East MPCB, Mumbai"
2022-06-12,37.0,33.0,9.0,4.0,1.5,3.0,"Borivali East MPCB, Mumbai"
2022-06-13,42.0,36.0,13.0,3.0,1.0,2.0,"Borivali East MPCB, Mumbai"
2022-06-14,47.0,28.0,12.0,2.0,1.0,2.0,"Borivali East MPCB, Mumbai"
2022-06-15,39.0,28.0,9.0,2.0,1.0,2.0,"Borivali East MPCB, Mumbai"
2022-06-16,43.0,34.0,8.0,2.0,2.0,2.0,"Borivali East MPCB, Mumbai"
2022-06-17,36.0,35.0,8.0,2.0,1.0,2.0,"Borivali East MPCB, Mumbai"
2022-06-18,48.0,23.0,6.0,2.0,1.0,3.0,"Borivali East MPCB, Mumbai"
2022-06-19,43.0,24.0,5.0,4.0,1.0,2.0,"Borivali East MPCB, Mumbai"
2022-06-20,43.0,21.0,6.0,4.0,1.0,3.0,"Borivali East MPCB, Mumbai"
2022-06-21,44.0,29.0,11.0,3.0,1.0,3.0,"Borivali East MPCB, Mumbai"
2022-06-22,44.0,32.0,16.0,4.0,1.0,4.0,"Borivali East MPCB, Mumbai"
2022-06-23,58.0,27.0,13.0,3.0,1.0,4.0,"Borivali East MPCB, Mumbai"
2022-06-24,50.0,19.0,22.0,2.0,1.0,3.0,"Borivali East MPCB, Mumbai"
2022-06-25,37.0,15.0,19.0,3.0,1.0,2.0,"Borivali East MPCB, Mumbai"
2022-06-26,30.0,22.0,14.0,3.0,1.0,3.0,"Borivali East MPCB, Mumbai"
2022-06-27,41.0,25.0,7.0,3.0,1.0,3.0,"Borivali East MPCB, Mumbai"
2022-06-28,52.0,37.0,3.0,2.0,1.0,4.0,"Borivali East MPCB, Mumbai"
2022-06-29,54.0,16.0,6.0,2.0,1.0,3.0,"Borivali East MPCB, Mumbai"
2022-06-30,38.0,18.0,6.0,3.0,1.0,3.0,"Borivali East MPCB, Mumbai"
2022-07-01,33.0,43.0,6.0,2.0,1.0,3.0,"Borivali East MPCB, Mumbai"
2022-07-02,41.0,40.0,8.0,1.0,1.0,2.0,"Borivali East MPCB, Mumbai"
2022-07-03,35.0,19.0,6.0,2.0,1.0,2.0,"Borivali East MPCB, Mumbai"
2022-07-04,32.0,9.0,7.0,2.0,1.0,2.0,"Borivali East MPCB, Mumbai"
2022-07-05,21.0,20.0,8.0,2.0,1.0,3.0,"Borivali East MPCB, Mumbai"
2022-07-06,38.0,25.0,9.0,2.0,2.0,3.0,"Borivali East MPCB, Mumbai"
2022-07-07,33.0,40.0,5.0,1.0,1.0,2.0,"Borivali East MPCB, Mumbai"
2022-07-08,38.0,37.0,5.0,2.0,1.0,2.0,"Borivali East MPCB, Mumbai"
2022-07-09,30.0,33.0,8.0,1.0,2.0,2.0,"Borivali East MPCB, Mumbai"
2022-07-10,32.0,34.0,9.0,2.0,2.0,2.0,"Borivali East MPCB, Mumbai"
2022-07-11,36.0,25.0,9.0,2.0,1.0,3.0,"Borivali East MPCB, Mumbai"
2022-07-12,30.0,29.0,10.0,2.0,2.0,2.0,"Borivali East MPCB, Mumbai"
2022-07-13,28.0,28.0,10.0,2.0,1.0,2.0,"Borivali East MPCB, Mumbai"
2022-07-14,29.0,40.0,11.0,2.0,1.0,3.0,"Borivali East MPCB, Mumbai"
2022-07-15,44.0,34.0,10.0,2.0,1.0,3.0,"Borivali East MPCB, Mumbai"
2022-07-16,44.0,31.0,6.0,1.0,1.0,2.0,"Borivali East MPCB, Mumbai"
2022-07-17,36.0,32.0,5.0,2.0,1.0,3.0,"Borivali East MPCB, Mumbai"
2022-07-18,36.0,39.0,6.0,1.0,1.0,3.0,"Borivali East MPCB, Mumbai"
2022-07-19,43.0,30.0,7.0,1.0,1.0,3.0,"Borivali East MPCB, Mumbai"
2022-07-20,36.0,23.0,6.0,1.0,1.0,3.0,"Borivali East MPCB, Mumbai"
2022-07-21,30.0,41.0,4.0,2.0,2.0,3.0,"Borivali East MPCB, Mumbai"
2022-07-22,41.0,35.0,8.0,1.0,1.0,3.0,"Borivali East MPCB, Mumbai"
2022-07-23,37.0,30.0,7.0,1.0,1.0,3.0,"Borivali East MPCB, Mumbai"
2022-07-24,30.0,32.0,6.0,1.0,1.0,3.0,"Borivali East MPCB, Mumbai"
2022-07-25,38.0,29.0,6.0,1.0,1.0,3.0,"Borivali East MPCB, Mumbai"
2022-07-26,36.0,19.0,17.0,1.0,1.0,2.0,"Borivali East MPCB, Mumbai"
2022-07-27,7.0,29.0,11.0,1.0,1.0,1.0,"Borivali East MPCB, Mumbai"
2022-07-28,8.217391304347826,30.0,6.0,1.0,1.0,1.0,"Borivali East MPCB, Mumbai"
2022-07-29,9.434782608695652,26.0,6.0,1.0,2.0,1.0,"Borivali East MPCB, Mumbai"
2022-07-30,10.652173913043478,27.0,8.0,1.0,1.0,1.0,"Borivali East MPCB, Mumbai"
2022-07-31,31.0,27.0,5.0,1.0,1.0,1.0,"Borivali East MPCB, Mumbai"
2022-08-01,35.0,31.0,5.0,1.0,2.0,1.0,"Borivali East MPCB, Mumbai"
2022-08-02,35.0,25.0,3.0,1.0,3.0,1.0,"Borivali East MPCB, Mumbai"
2022-08-03,35.0,21.0,4.0,1.0,1.0,1.0,"Borivali East MPCB, Mumbai"
2022-08-04,35.0,19.0,4.0,1.0,2.0,2.0,"Borivali East MPCB, Mumbai"
2022-08-05,35.0,17.0,4.0,1.0,2.0,2.0,"Borivali East MPCB, Mumbai"
2022-08-06,35.0,23.0,5.0,1.0,1.0,3.0,"Borivali East MPCB, Mumbai"
2022-08-10,35.0,42.0,6.0,2.0,3.0,1.0,"Borivali East MPCB, Mumbai"
2022-08-11,35.0,28.0,6.0,2.0,1.0,1.0,"Borivali East MPCB, Mumbai"
2022-08-12,35.0,28.0,6.0,1.0,1.0,1.0,"Borivali East MPCB, Mumbai"
2022-08-13,35.0,27.0,6.0,1.0,1.0,1.0,"Borivali East MPCB, Mumbai"
2022-08-14,35.0,26.0,5.0,1.0,1.0,1.0,"Borivali East MPCB, Mumbai"
2022-08-15,35.0,19.0,5.0,1.0,1.0,1.0,"Borivali East MPCB, Mumbai"
2022-08-16,35.0,24.0,5.0,1.0,1.0,2.0,"Borivali East MPCB, Mumbai"
2022-08-18,35.0,26.0,6.0,1.0,1.0,2.0,"Borivali East MPCB, Mumbai"
2022-08-19,35.0,21.0,5.0,1.0,1.0,2.0,"Borivali East MPCB, Mumbai"
2022-08-20,36.0,26.0,6.0,1.0,1.0,2.0,"Borivali East MPCB, Mumbai"
2022-08-21,36.0,26.0,6.0,1.0,1.0,2.0,"Borivali East MPCB, Mumbai"
2022-08-22,37.0,25.0,5.0,1.0,1.0,2.0,"Borivali East MPCB, Mumbai"
2022-08-23,37.0,25.0,6.0,1.0,1.0,2.0,"Borivali East MPCB, Mumbai"
2022-08-24,33.0,24.0,6.0,1.0,1.0,2.0,"Borivali East MPCB, Mumbai"
2022-08-25,36.0,27.0,5.0,1.0,1.0,2.0,"Borivali East MPCB, Mumbai"
2022-08-26,36.0,38.0,8.0,1.0,1.0,2.0,"Borivali East MPCB, Mumbai"
2022-08-27,39.57142857142857,32.0,6.0,1.0,1.0,2.0,"Borivali East MPCB, Mumbai"
2022-08-28,43.142857142857146,32.0,6.0,1.0,2.0,2.0,"Borivali East MPCB, Mumbai"
2022-08-29,46.714285714285715,40.0,7.0,1.0,2.0,2.0,"Borivali East MPCB, Mumbai"
2022-08-30,35.0,46.0,9.0,1.0,2.0,2.0,"Borivali East MPCB, Mumbai"
2022-08-31,35.0,22.0,10.0,1.0,2.0,2.0,"Borivali East MPCB, Mumbai"
2022-09-01,46.0,29.0,11.0,1.0,1.0,2.0,"Borivali East MPCB, Mumbai"
2022-09-02,61.0,33.0,12.0,1.0,1.0,3.0,"Borivali East MPCB, Mumbai"
2022-09-03,72.0,24.0,6.0,1.0,1.0,2.0,"Borivali East MPCB, Mumbai"
2022-09-04,58.0,22.0,5.0,1.3333333333333333,1.0,2.0,"Borivali East MPCB, Mumbai"
2022-09-05,42.0,19.0,4.0,1.6666666666666665,1.0,2.0,"Borivali East MPCB, Mumbai"
2022-09-06,39.0,36.0,10.0,2.0,1.0,3.0,"Borivali East MPCB, Mumbai"
2022-09-07,69.0,24.0,15.0,2.0,1.0,3.0,"Borivali East MPCB, Mumbai"
2022-09-08,58.0,24.0,16.0,3.0,1.0,3.0,"Borivali East MPCB, Mumbai"
2022-09-09,66.0,25.0,8.0,2.0,1.0,3.0,"Borivali East MPCB, Mumbai"
2022-09-10,66.0,26.0,9.0,2.0,1.0,4.0,"Borivali East MPCB, Mumbai"
2022-09-11,70.0,21.0,7.0,2.0,1.6666666666666665,3.0,"Borivali East MPCB, Mumbai"
2022-09-12,54.0,15.0,8.0,2.0,2.333333333333333,3.0,"Borivali East MPCB, Mumbai"
2022-09-13,40.0,11.0,9.0,2.0,3.0,2.0,"Borivali East MPCB, Mumbai"
2022-09-14,34.0,16.0,7.0,2.0,2.0,2.0,"Borivali East MPCB, Mumbai"
2022-09-15,34.0,7.0,8.0,2.0,2.0,2.0,"Borivali East MPCB, Mumbai"
2022-09-16,34.0,9.571428571428571,8.0,2.0,2.0,2.142857142857143,"Borivali East MPCB, Mumbai"
2022-09-17,40.0,12.142857142857142,8.0,2.0,2.0,2.2857142857142856,"Borivali East MPCB, Mumbai"
2022-09-18,35.0,14.714285714285714,8.0,2.0,2.0,2.4285714285714284,"Borivali East MPCB, Mumbai"
2022-09-19,58.0,28.0,5.0,1.0,2.0,3.0,"Borivali East MPCB, Mumbai"
2022-09-20,64.0,28.0,5.0,2.0,2.0,3.0,"Borivali East MPCB, Mumbai"
2022-09-21,56.0,28.0,5.0,5.0,2.0,3.0,"Borivali East MPCB, Mumbai"
2022-09-22,59.0,25.0,8.0,4.0,9.0,3.0,"Borivali East MPCB, Mumbai"
2022-09-23,59.0,20.0,7.0,4.0,8.0,3.0,"Borivali East MPCB, Mumbai"
2022-09-24,48.0,22.0,8.0,3.0,8.0,3.0,"Borivali East MPCB, Mumbai"
2022-09-25,51.0,17.0,8.0,3.0,7.0,3.0,"Borivali East MPCB, Mumbai"
2022-09-26,46.0,19.0,6.0,2.0,8.0,2.0,"Borivali East MPCB, Mumbai"
2022-09-27,44.0,26.0,11.0,3.0,7.0,3.0,"Borivali East MPCB, Mumbai"
2022-09-28,55.0,38.0,9.0,3.0,7.0,3.0,"Borivali East MPCB, Mumbai"
2022-09-29,78.0,45.0,13.0,3.0,8.0,3.0,"Borivali East MPCB, Mumbai"
2022-09-30,91.0,38.0,10.0,3.0,7.0,3.0,"Borivali East MPCB, Mumbai"
2022-10-01,76.0,18.0,6.0,2.0,8.0,2.0,"Borivali East MPCB, Mumbai"
2022-10-02,41.0,26.0,9.0,3.0,7.0,3.0,"Borivali East MPCB, Mumbai"
2022-10-03,57.0,35.0,14.0,3.0,7.0,3.0,"Borivali East MPCB, Mumbai"
2022-10-04,70.0,39.0,13.0,3.0,8.0,3.0,"Borivali East MPCB, Mumbai"
2022-10-05,88.0,28.0,9.0,3.0,8.0,3.0,"Borivali East MPCB, Mumbai"
2022-10-06,61.0,24.0,9.0,4.0,7.0,3.0,"Borivali East MPCB, Mumbai"
2022-10-07,75.0,23.0,10.0,6.0,7.0,3.0,"Borivali East MPCB, Mumbai"
2022-10-08,62.0,25.0,8.0,4.0,8.0,3.0,"Borivali East MPCB, Mumbai"
2022-10-09,57.0,25.0,14.0,3.0,8.0,3.0,"Borivali East MPCB, Mumbai"
2022-10-10,60.0,33.0,11.0,3.0,8.0,3.0,"Borivali East MPCB, Mumbai"
2022-10-11,74.0,22.0,11.0,3.0,7.0,3.0,"Borivali East MPCB, Mumbai"
2022-10-12,60.0,28.0,10.0,3.0,8.0,3.0,"Borivali East MPCB, Mumbai"
2022-10-13,70.0,30.0,16.0,3.0,7.0,3.0,"Borivali East MPCB, Mumbai"
2022-10-14,75.0,39.0,11.0,4.0,8.0,3.0,"Borivali East MPCB, Mumbai"
2022-10-15,74.0,44.0,17.0,4.0,7.0,4.0,"Borivali East MPCB, Mumbai"
2022-10-16,89.0,42.375,15.625,3.875,6.875,3.875,"Borivali East MPCB, Mumbai"
2022-10-23,84.625,31.0,6.0,3.0,6.0,3.0,"Borivali East MPCB, Mumbai"
2022-10-24,84.0,58.0,12.0,5.0,7.0,4.0,"Borivali East MPCB, Mumbai"
2022-10-25,147.0,50.0,19.0,4.0,7.0,4.0,"Borivali East MPCB, Mumbai"
2022-10-26,115.0,52.0,20.0,4.0,6.0,4.0,"Borivali East MPCB, Mumbai"
2022-10-27,124.0,50.0,24.0,4.0,7.0,4.0,"Borivali East MPCB, Mumbai"
2022-10-28,126.0,52.0,21.0,4.0,6.0,4.0,"Borivali East MPCB, Mumbai"
2022-10-29,124.0,56.0,25.0,5.0,6.0,4.0,"Borivali East MPCB, Mumbai"
2022-10-30,123.0,54.0,26.0,5.0,6.0,4.0,"Borivali East MPCB, Mumbai"
2022-10-31,126.0,63.0,27.0,5.0,6.0,4.0,"Borivali East MPCB, Mumbai"
2022-11-01,156.0,68.0,30.0,5.0,7.0,4.0,"Borivali East MPCB, Mumbai"
2022-11-02,158.0,57.0,24.0,5.0,6.0,4.0,"Borivali East MPCB, Mumbai"
2022-11-03,134.0,56.0,23.0,5.0,6.0,4.0,"Borivali East MPCB, Mumbai"
2022-11-04,132.0,54.0,28.0,6.0,6.0,4.0,"Borivali East MPCB, Mumbai"
2022-11-05,126.0,54.0,23.0,5.0,5.0,4.0,"Borivali East MPCB, Mumbai"
2022-11-06,117.0,57.0,24.0,5.0,5.0,4.0,"Borivali East MPCB, Mumbai"
2022-11-07,122.0,62.0,26.0,5.0,5.0,4.0,"Borivali East MPCB, Mumbai"
2022-11-08,137.0,67.0,30.0,5.0,5.0,5.0,"Borivali East MPCB, Mumbai"
2022-11-09,155.0,64.0,34.0,5.0,6.0,5.0,"Borivali East MPCB, Mumbai"
2022-11-10,156.0,63.0,29.0,4.0,5.0,4.0,"Borivali East MPCB, Mumbai"
2022-11-11,156.0,73.0,31.0,5.0,5.0,5.0,"Borivali East MPCB, Mumbai"
2022-11-12,163.0,77.0,36.0,6.0,5.0,5.0,"Borivali East MPCB, Mumbai"
2022-11-13,167.0,88.0,45.0,6.0,6.0,6.0,"Borivali East MPCB, Mumbai"
2022-11-14,175.0,73.0,44.0,6.0,5.0,6.0,"Borivali East MPCB, Mumbai"
2022-11-15,168.0,68.0,28.0,3.0,6.0,5.0,"Borivali East MPCB, Mumbai"
2022-11-16,156.0,67.0,28.0,2.0,5.0,3.0,"Borivali East MPCB, Mumbai"
2022-11-17,158.0,55.0,34.0,3.0,5.0,2.0,"Borivali East MPCB, Mumbai"
2022-11-18,119.0,63.0,37.0,3.0,5.0,2.0,"Borivali East MPCB, Mumbai"
2022-11-19,141.0,58.0,41.0,3.0,5.0,2.0,"Borivali East MPCB, Mumbai"
2022-11-20,141.0,63.0,39.0,3.0,4.0,3.0,"Borivali East MPCB, Mumbai"
2022-11-21,152.0,71.0,46.0,3.0,5.0,3.0,"Borivali East MPCB, Mumbai"
2022-11-22,164.0,79.0,43.0,3.0,5.0,4.0,"Borivali East MPCB, Mumbai"
2022-11-23,166.0,79.0,39.0,3.0,5.0,4.0,"Borivali East MPCB, Mumbai"
2022-11-24,167.0,87.0,36.0,3.0,5.0,4.0,"Borivali East MPCB, Mumbai"
2022-11-25,172.0,94.0,38.0,3.0,6.0,5.0,"Borivali East MPCB, Mumbai"
2022-11-26,180.0,85.0,46.0,3.0,5.0,5.0,"Borivali East MPCB, Mumbai"
2022-11-27,176.0,56.0,26.0,2.0,5.0,3.0,"Borivali East MPCB, Mumbai"
2022-11-28,126.0,68.0,40.0,5.0,5.0,3.0,"Borivali East MPCB, Mumbai"
2022-11-29,139.0,77.0,44.0,3.0,6.0,4.0,"Borivali East MPCB, Mumbai"
2022-11-30,162.0,85.0,44.0,3.0,6.0,5.0,"Borivali East MPCB, Mumbai"
2022-12-01,174.0,82.0,41.0,3.0,5.0,4.0,"Borivali East MPCB, Mumbai"
2022-12-02,172.0,81.0,36.0,3.0,5.0,3.0,"Borivali East MPCB, Mumbai"
2022-12-03,170.0,89.0,33.0,3.0,5.0,4.0,"Borivali East MPCB, Mumbai"
2022-12-04,175.0,106.0,34.0,3.0,5.0,6.0,"Borivali East MPCB, Mumbai"
2022-12-05,201.0,106.0,37.0,3.0,5.0,6.0,"Borivali East MPCB, Mumbai"
2022-12-06,199.0,101.0,31.0,1.0,5.0,6.0,"Borivali East MPCB, Mumbai"
2022-12-07,195.0,83.0,40.0,2.0,5.0,4.0,"Borivali East MPCB, Mumbai"
2022-12-08,173.0,69.0,35.0,2.0,5.0,3.0,"Borivali East MPCB, Mumbai"
2022-12-09,149.0,61.0,34.0,3.0,5.0,3.0,"Borivali East MPCB, Mumbai"
2022-12-10,136.0,70.0,36.0,4.0,5.0,3.0,"Borivali East MPCB, Mumbai"
2022-12-11,147.0,69.0,22.0,3.0,5.0,3.0,"Borivali East MPCB, Mumbai"
2022-12-12,151.0,66.0,16.0,2.0,5.0,4.0,"Borivali East MPCB, Mumbai"
2022-12-13,132.0,58.0,20.0,3.0,5.0,3.0,"Borivali East MPCB, Mumbai"
2022-12-14,102.0,56.0,25.0,4.0,5.0,3.0,"Borivali East MPCB, Mumbai"
2022-12-15,106.0,57.0,29.0,3.0,5.0,3.0,"Borivali East MPCB, Mumbai"
2022-12-16,116.0,61.0,27.0,2.0,5.0,3.0,"Borivali East MPCB, Mumbai"
2022-12-17,127.0,67.0,28.0,2.0,5.0,3.0,"Borivali East MPCB, Mumbai"
2022-12-18,135.0,57.0,29.0,2.0,5.0,3.0,"Borivali East MPCB, Mumbai"
2022-12-19,106.0,65.0,30.0,3.0,5.0,3.0,"Borivali East MPCB, Mumbai"
2022-12-20,119.0,82.0,31.0,6.0,5.0,4.0,"Borivali East MPCB, Mumbai"
2022-12-21,145.0,85.0,28.0,6.0,5.0,4.0,"Borivali East MPCB, Mumbai"
2022-12-22,160.0,86.0,25.0,6.0,5.0,5.0,"Borivali East MPCB, Mumbai"
2022-12-23,162.0,71.0,15.0,5.0,4.0,3.0,"Borivali East MPCB, Mumbai"
2022-12-24,131.0,83.0,16.0,6.0,4.0,4.0,"Borivali East MPCB, Mumbai"
2022-12-25,155.0,74.0,8.0,4.0,3.0,4.0,"Borivali East MPCB, Mumbai"
2022-12-26,158.0,67.0,4.0,2.0,3.0,4.0,"Borivali East MPCB, Mumbai"
2022-12-27,159.0,54.0,2.0,2.0,3.0,3.0,"Borivali East MPCB, Mumbai"
2022-12-28,134.0,49.0,3.0,1.0,3.0,3.0,"Borivali East MPCB, Mumbai"
2022-12-29,113.0,52.0,2.6666666666666665,3.0,3.0,3.3333333333333335,"Borivali East MPCB, Mumbai"
2022-12-30,114.5,55.0,2.3333333333333335,5.0,3.0,3.6666666666666665,"Borivali East MPCB, Mumbai"
2022-12-31,116.0,58.0,2.0,2.0,3.0,4.0,"Borivali East MPCB, Mumbai"
2023-01-01,129.0,57.0,1.0,1.0,3.0,4.0,"Borivali East MPCB, Mumbai"
2023-01-02,151.0,66.75,3.7500000000000004,2.333333333333333,2.75,3.75,"Borivali East MPCB, Mumbai"
2023-01-04,170.33333333333334,86.25,9.25,5.0,2.25,3.25,"Borivali East MPCB, Mumbai"
2023-01-05,180.0,96.0,12.0,1.0,2.0,3.0,"Borivali East MPCB, Mumbai"
2023-01-06,168.0,103.0,13.0,3.0,9.0,4.0,"Borivali East MPCB, Mumbai"
2023-01-07,163.0,81.0,10.0,3.0,5.0,3.0,"Borivali East MPCB, Mumbai"
2023-01-08,159.0,61.0,11.0,3.0,5.0,2.0,"Borivali East MPCB, Mumbai"
2023-01-09,117.0,65.0,15.0,3.0,5.0,2.0,"Borivali East MPCB, Mumbai"
2023-01-10,131.0,81.0,22.0,5.0,5.0,4.0,"Borivali East MPCB, Mumbai"
2023-01-11,153.0,71.0,23.0,3.0,5.0,3.0,"Borivali East MPCB, Mumbai"
2023-01-12,134.0,112.0,15.0,2.0,4.0,1.0,"Borivali East MPCB, Mumbai"
2023-01-13,83.0,102.0,19.0,2.0,4.0,2.0,"Borivali East MPCB, Mumbai"
2023-01-14,105.0,91.0,21.0,3.0,4.0,4.0,"Borivali East MPCB, Mumbai"
2023-01-15,154.0,98.0,20.0,3.0,5.0,5.0,"Borivali East MPCB, Mumbai"
2023-01-16,162.0,92.0,26.0,3.0,5.0,5.0,"Borivali East MPCB, Mumbai"
2023-01-17,162.0,101.0,33.0,4.0,5.0,5.0,"Borivali East MPCB, Mumbai"
2023-01-18,168.0,81.0,21.0,4.0,5.0,5.0,"Borivali East MPCB, Mumbai"
2023-01-19,145.0,71.0,14.0,3.0,5.0,3.0,"Borivali East MPCB, Mumbai"
2023-01-20,136.0,71.0,16.0,2.0,5.0,3.0,"Borivali East MPCB, Mumbai"
2023-01-21,131.0,75.0,14.0,2.0,5.0,3.0,"Borivali East MPCB, Mumbai"
2023-01-22,139.0,77.0,14.0,2.0,5.0,3.0,"Borivali East MPCB, Mumbai"
2023-01-23,146.0,81.0,14.0,2.0,5.0,3.0,"Borivali East MPCB, Mumbai"
2023-01-24,152.0,95.0,16.0,3.0,5.0,4.0,"Borivali East MPCB, Mumbai"
2023-01-25,169.0,122.0,14.0,3.0,6.0,5.0,"Borivali East MPCB, Mumbai"
2023-01-26,182.0,101.0,11.0,2.0,6.0,6.0,"Borivali East MPCB, Mumbai"
2023-01-27,178.0,80.0,12.0,2.0,6.0,4.0,"Borivali East MPCB, Mumbai"
2023-01-28,151.0,84.0,11.0,2.0,6.0,4.0,"Borivali East MPCB, Mumbai"
2023-01-29,162.0,86.0,17.0,2.0,5.0,3.0,"Borivali East MPCB, Mumbai"
2023-01-30,155.0,101.0,14.0,2.0,6.0,5.0,"Borivali East MPCB, Mumbai"
2023-01-31,177.0,90.0,12.0,2.0,6.0,4.0,"Borivali East MPCB, Mumbai"
2023-02-01,164.0,82.0,14.0,2.0,7.0,3.0,"Borivali East MPCB, Mumbai"
2023-02-02,156.0,72.0,14.0,2.0,6.0,3.0,"Borivali East MPCB, Mumbai"
2023-02-03,142.0,77.0,21.0,3.0,6.0,3.0,"Borivali East MPCB, Mumbai"
2023-02-04,143.0,77.0,14.0,2.0,6.0,3.0,"Borivali East MPCB, Mumbai"
2023-02-05,147.0,85.0,28.0,4.0,7.0,4.0,"Borivali East MPCB, Mumbai"
2023-02-06,152.0,78.0,35.0,3.0,4.0,2.0,"Borivali East MPCB, Mumbai"
2023-02-07,120.0,97.0,47.0,8.0,4.0,4.0,"Borivali East MPCB, Mumbai"
2023-02-08,159.0,85.0,46.0,4.0,5.0,4.0,"Borivali East MPCB, Mumbai"
2023-02-09,141.0,84.0,45.0,4.0,6.0,3.0,"Borivali East MPCB, Mumbai"
2023-02-10,136.0,73.0,30.0,4.0,6.0,2.0,"Borivali East MPCB, Mumbai"
2023-02-11,102.0,68.0,29.0,3.0,6.0,3.0,"Borivali East MPCB, Mumbai"
2023-02-12,117.0,77.0,27.0,3.0,6.0,3.0,"Borivali East MPCB, Mumbai"
2023-02-13,110.0,74.0,30.0,3.0,6.0,2.0,"Borivali East MPCB, Mumbai"
2023-02-14,105.0,86.0,31.0,6.0,7.0,4.0,"Borivali East MPCB, Mumbai"
2023-02-15,121.0,65.0,25.0,3.0,6.0,2.0,"Borivali East MPCB, Mumbai"
2023-02-16,104.0,75.0,29.0,3.0,7.0,2.0,"Borivali East MPCB, Mumbai"
2023-02-17,106.0,69.0,35.0,3.0,6.0,2.0,"Borivali East MPCB, Mumbai"
2023-02-18,105.0,84.0,52.0,4.0,7.0,4.0,"Borivali East MPCB, Mumbai"
2023-02-19,138.0,85.0,61.0,4.0,6.0,5.0,"Borivali East MPCB, Mumbai"
2023-02-20,142.0,62.0,11.0,6.0,7.0,2.0,"Borivali East MPCB, Mumbai"
2023-02-21,90.0,74.0,25.0,4.0,7.0,1.0,"Borivali East MPCB, Mumbai"
2023-02-22,105.0,81.0,37.0,4.0,7.0,3.0,"Borivali East MPCB, Mumbai"
2023-02-23,132.0,98.0,32.0,7.0,7.0,5.0,"Borivali East MPCB, Mumbai"
2023-02-24,162.0,87.0,35.0,5.0,9.0,3.0,"Borivali East MPCB, Mumbai"
2023-02-25,152.0,97.0,34.0,5.0,9.0,4.0,"Borivali East MPCB, Mumbai"
2023-02-26,156.0,91.0,35.0,6.0,6.0,3.0,"Borivali East MPCB, Mumbai"
2023-02-27,143.0,78.0,62.0,8.0,1.0,3.0,"Borivali East MPCB, Mumbai"
2023-02-28,127.0,76.0,47.0,6.0,1.0,3.0,"Borivali East MPCB, Mumbai"
2023-03-01,135.0,105.0,51.0,8.5,1.0,5.0,"Borivali East MPCB, Mumbai"
2023-03-02,164.0,104.0,55.0,11.0,1.0,5.0,"Borivali East MPCB, Mumbai"
2023-03-03,168.0,103.0,59.0,13.0,4.0,4.0,"Borivali East MPCB, Mumbai"
2023-03-04,168.0,107.0,64.0,9.0,2.0,5.0,"Borivali East MPCB, Mumbai"
2023-03-05,173.0,99.0,48.0,6.0,2.0,3.0,"Borivali East MPCB, Mumbai"
2023-03-06,156.0,64.0,44.0,5.0,2.0,2.0,"Borivali East MPCB, Mumbai"
2023-03-07,116.0,68.0,57.0,9.0,2.0,2.0,"Borivali East MPCB, Mumbai"
2023-03-08,121.0,63.0,44.0,6.0,2.0,2.0,"Borivali East MPCB, Mumbai"
2023-03-09,112.0,64.0,40.0,6.0,2.0,2.0,"Borivali East MPCB, Mumbai"
2023-03-10,102.0,71.0,48.0,6.0,2.0,2.0,"Borivali East MPCB, Mumbai"
2023-03-11,120.0,84.0,65.0,7.0,2.0,3.0,"Borivali East MPCB, Mumbai"
2023-03-12,144.0,84.0,60.0,7.0,2.0,4.0,"Borivali East MPCB, Mumbai"
2023-03-13,154.0,85.0,60.0,8.0,2.0,4.0,"Borivali East MPCB, Mumbai"
2023-03-14,149.0,119.0,59.0,10.0,2.0,3.0,"Borivali East MPCB, Mumbai"
2023-03-15,142.0,125.0,41.0,7.0,2.0,3.0,"Borivali East MPCB, Mumbai"
2023-03-16,142.0,73.0,42.0,7.0,2.0,2.0,"Borivali East MPCB, Mumbai"
2023-03-17,127.0,95.0,37.0,5.0,2.0,2.0,"Borivali East MPCB, Mumbai"
2023-03-18,123.0,61.0,23.0,3.0,2.0,1.0,"Borivali East MPCB, Mumbai"
2023-03-19,81.0,133.0,20.0,3.0,2.0,1.0,"Borivali East MPCB, Mumbai"
2023-03-20,68.0,51.0,21.0,6.0,2.0,1.0,"Borivali East MPCB, Mumbai"
2023-03-21,77.0,41.0,20.0,3.0,2.0,1.0,"Borivali East MPCB, Mumbai"
2023-03-22,53.0,41.0,17.0,2.0,2.0,1.0,"Borivali East MPCB, Mumbai"
2023-03-23,47.0,39.0,15.0,2.0,2.0,1.0,"Borivali East MPCB, Mumbai"
2023-03-24,41.0,52.0,32.0,2.0,2.0,1.0,"Borivali East MPCB, Mumbai"
2023-03-25,52.0,54.0,33.0,3.0,2.0,1.0,"Borivali East MPCB, Mumbai"
2023-03-26,59.0,57.0,31.0,2.0,2.0,1.0,"Borivali East MPCB, Mumbai"
2023-03-27,65.0,72.0,29.0,3.0,2.0,1.0,"Borivali East MPCB, Mumbai"
2023-03-28,74.0,70.0,28.0,2.0,2.0,1.0,"Borivali East MPCB, Mumbai"
2023-03-29,73.0,56.0,20.0,2.0,2.0,1.0,"Borivali East MPCB, Mumbai"
2023-03-30,59.0,47.0,15.0,3.0,2.0,1.0,"Borivali East MPCB, Mumbai"
2023-03-31,54.0,49.333333333333336,18.333333333333332,2.6666666666666665,2.0,1.0,"Borivali East MPCB, Mumbai"
2023-04-02,50.666666666666664,54.0,25.0,2.0,2.0,1.0,"Borivali East MPCB, Mumbai"
2023-04-03,49.0,49.0,28.0,2.0,2.0,1.0,"Borivali East MPCB, Mumbai"
2023-04-04,57.0,54.0,24.0,2.0,2.0,1.0,"Borivali East MPCB, Mumbai"
2023-04-05,63.0,74.0,46.0,4.0,2.0,2.0,"Borivali East MPCB, Mumbai"
2023-04-06,84.0,93.0,49.0,6.0,2.0,2.0,"Borivali East MPCB, Mumbai"
2023-04-07,108.0,86.0,52.0,10.0,2.0,4.0,"Borivali East MPCB, Mumbai"
2023-04-08,126.0,76.0,55.0,6.0,2.0,3.0,"Borivali East MPCB, Mumbai"
2023-04-09,117.0,67.0,14.0,5.0,2.0,2.0,"Borivali East MPCB, Mumbai"
2023-04-10,99.0,80.0,49.0,6.0,2.0,2.0,"Borivali East MPCB, Mumbai"
2023-04-11,97.0,78.0,61.0,6.0,2.0,2.0,"Borivali East MPCB, Mumbai"
2023-04-12,99.0,75.0,56.0,10.0,2.0,3.0,"Borivali East MPCB, Mumbai"
2023-04-13,108.0,72.0,45.0,6.0,2.0,2.0,"Borivali East MPCB, Mumbai"
2023-04-14,101.0,56.0,27.0,4.0,2.0,1.0,"Borivali East MPCB, Mumbai"
2023-04-15,72.0,57.0,23.0,4.0,2.0,1.0,"Borivali East MPCB, Mumbai"
2023-04-16,71.5,60.0,28.0,4.0,2.0,1.0,"Borivali East MPCB, Mumbai"
2023-04-17,71.0,74.0,45.0,6.0,2.0,2.0,"Borivali East MPCB, Mumbai"
2023-04-18,89.0,111.0,21.0,11.0,3.0,5.0,"Borivali East MPCB, Mumbai"
2023-04-19,109.0,66.0,30.0,4.0,2.0,1.0,"Borivali East MPCB, Mumbai"
2023-04-20,66.0,53.0,21.0,3.0,2.0,1.0,"Borivali East MPCB, Mumbai"
2023-04-21,46.0,50.0,14.0,2.0,2.0,1.0,"Borivali East MPCB, Mumbai"
2023-04-22,40.0,57.0,17.0,2.0,2.0,1.0,"Borivali East MPCB, Mumbai"
2023-04-23,43.0,54.0,21.0,2.0,2.0,1.0,"Borivali East MPCB, Mumbai"
2023-04-24,60.0,69.0,31.0,3.0,3.0,2.0,"Borivali East MPCB, Mumbai"
2023-04-25,85.0,70.0,23.0,5.0,2.0,1.0,"Borivali East MPCB, Mumbai"
2023-04-26,81.0,62.0,25.0,3.0,2.0,1.0,"Borivali East MPCB, Mumbai"
2023-04-27,61.0,52.0,20.0,3.0,7.0,1.0,"Borivali East MPCB, Mumbai"
2023-04-28,53.0,53.0,18.0,4.0,7.0,2.0,"Borivali East MPCB, Mumbai"
2023-04-29,57.0,43.0,15.0,4.0,8.0,1.0,"Borivali East MPCB, Mumbai"
2023-04-30,53.0,46.0,23.0,3.0,8.0,1.0,"Borivali East MPCB, Mumbai"
2023-05-01,43.0,46.0,19.0,3.0,7.0,1.0,"Borivali East MPCB, Mumbai"
2023-05-02,47.0,47.0,19.0,3.0,7.0,1.0,"Borivali East MPCB, Mumbai"
2023-05-03,53.0,48.0,21.0,2.0,7.0,1.0,"Borivali East MPCB, Mumbai"
2023-05-04,51.0,50.0,18.0,2.0,7.0,1.0,"Borivali East MPCB, Mumbai"
2023-05-05,64.0,51.0,16.0,2.0,7.0,1.0,"Borivali East MPCB, Mumbai"
2023-05-06,67.0,54.0,14.0,3.0,8.0,1.0,"Borivali East MPCB, Mumbai"
2023-05-07,69.0,52.0,15.0,2.0,8.0,1.0,"Borivali East MPCB, Mumbai"
2023-05-08,59.0,72.0,16.0,3.0,8.0,1.0,"Borivali East MPCB, Mumbai"
2023-05-09,50.0,72.0,23.0,4.0,8.0,1.0,"Borivali East MPCB, Mumbai"
2023-05-10,58.0,74.0,33.0,4.0,8.0,2.0,"Borivali East MPCB, Mumbai"
2023-05-11,76.0,73.0,26.0,5.0,8.0,2.0,"Borivali East MPCB, Mumbai"
2023-05-12,79.0,57.0,21.0,3.0,8.0,1.0,"Borivali East MPCB, Mumbai"
2023-05-13,56.0,39.0,18.0,1.0,8.0,1.0,"Borivali East MPCB, Mumbai"
2023-05-14,31.0,54.0,13.0,2.0,8.0,1.0,"Borivali East MPCB, Mumbai"
2023-05-15,59.0,51.0,13.0,2.0,8.0,1.0,"Borivali East MPCB, Mumbai"
2023-05-16,59.0,46.0,14.0,2.0,8.0,1.0,"Borivali East MPCB, Mumbai"
2023-05-17,50.0,47.0,17.0,2.0,8.0,1.0,"Borivali East MPCB, Mumbai"
2023-05-18,36.0,47.0,17.0,2.0,8.0,1.0,"Borivali East MPCB, Mumbai"
2023-05-19,34.0,48.333333333333336,16.0,2.0,8.0,1.0,"Borivali East MPCB, Mumbai"
2023-05-21,40.666666666666664,51.0,14.0,2.0,8.0,1.0,"Borivali East MPCB, Mumbai"
2023-05-22,44.0,53.0,16.0,2.0,8.0,1.0,"Borivali East MPCB, Mumbai"
2023-05-23,42.0,48.0,13.0,2.0,8.0,1.0,"Borivali East MPCB, Mumbai"
2023-05-24,42.0,48.0,15.0,2.0,8.0,1.0,"Borivali East MPCB, Mumbai"
2023-05-25,41.0,50.0,12.0,3.0,8.0,1.0,"Borivali East MPCB, Mumbai"
2023-05-26,46.0,43.0,13.0,2.0,8.0,1.0,"Borivali East MPCB, Mumbai"
2023-05-27,46.0,49.0,14.5,1.0,8.0,1.0,"Borivali East MPCB, Mumbai"
2023-05-28,33.0,53.0,16.0,2.0,8.0,1.0,"Borivali East MPCB, Mumbai"
2023-05-29,48.0,52.0,24.0,3.0,8.0,2.0,"Borivali East MPCB, Mumbai"
2023-05-30,54.0,59.0,21.0,3.0,8.0,1.0,"Borivali East MPCB, Mumbai"
2023-05-31,57.0,50.0,21.0,3.0,8.0,1.0,"Borivali East MPCB, Mumbai"
2023-06-01,36.0,45.0,10.0,2.0,8.0,1.0,"Borivali East MPCB, Mumbai"
2023-06-02,37.0,37.0,13.0,2.0,8.0,1.0,"Borivali East MPCB, Mumbai"
2023-06-03,21.0,46.0,11.0,2.0,8.0,1.0,"Borivali East MPCB, Mumbai"
2023-06-04,27.0,47.0,14.0,2.0,8.0,1.0,"Borivali East MPCB, Mumbai"
2023-06-05,42.0,56.0,14.0,2.0,8.0,1.0,"Borivali East MPCB, Mumbai"
2023-06-06,38.0,54.0,12.0,2.0,8.0,1.0,"Borivali East MPCB, Mumbai"
2023-06-07,38.0,51.0,18.0,4.0,8.0,1.0,"Borivali East MPCB, Mumbai"
2023-06-08,36.0,47.0,19.0,5.0,8.0,1.0,"Borivali East MPCB, Mumbai"
2023-06-09,29.0,54.0,21.0,4.0,8.0,1.0,"Borivali East MPCB, Mumbai"
2023-06-10,26.0,63.0,17.0,5.0,8.0,1.0,"Borivali East MPCB, Mumbai"
2023-06-11,38.0,60.0,13.0,4.0,8.0,1.0,"Borivali East MPCB, Mumbai"
2023-06-12,40.0,56.0,12.0,5.0,8.0,1.0,"Borivali East MPCB, Mumbai"
2023-06-13,29.0,54.0,8.0,3.0,8.0,1.0,"Borivali East MPCB, Mumbai"
2023-06-14,24.0,56.0,9.0,3.0,8.0,1.0,"Borivali East MPCB, Mumbai"
2023-06-15,25.0,58.0,10.0,3.0,8.0,1.0,"Borivali East MPCB, Mumbai"
2023-06-16,26.0,58.0,9.0,2.0,7.0,1.0,"Borivali East MPCB, Mumbai"
2023-06-17,28.0,60.0,9.0,2.0,7.0,1.0,"Borivali East MPCB, Mumbai"
2023-06-18,26.0,59.0,9.0,2.0,7.0,1.0,"Borivali East MPCB, Mumbai"
2023-06-19,34.0,61.0,10.0,2.0,7.0,3.0,"Borivali East MPCB, Mumbai"
2023-06-20,32.0,58.0,11.0,2.0,7.0,3.0,"Borivali East MPCB, Mumbai"
2023-06-21,29.0,56.0,9.0,2.0,7.0,3.0,"Borivali East MPCB, Mumbai"
2023-06-22,28.0,51.0,9.0,2.0,8.0,3.0,"Borivali East MPCB, Mumbai"
2023-06-23,27.0,35.0,11.0,2.0,8.0,3.0,"Borivali East MPCB, Mumbai"
2023-06-24,35.0,30.0,9.0,3.0,8.0,1.0,"Borivali East MPCB, Mumbai"
2023-06-25,35.0,41.0,10.0,3.0,8.0,1.0,"Borivali East MPCB, Mumbai"
2023-06-26,36.0,35.0,6.0,3.0,7.0,6.0,"Borivali East MPCB, Mumbai"
2023-06-27,30.0,32.0,7.0,4.0,7.0,6.0,"Borivali East MPCB, Mumbai"
2023-06-28,27.0,33.0,11.0,3.0,7.0,4.0,"Borivali East MPCB, Mumbai"
2023-06-29,29.0,29.0,10.0,3.0,8.0,2.0,"Borivali East MPCB, Mumbai"
2023-06-30,27.0,37.0,8.0,4.0,8.0,1.0,"Borivali East MPCB, Mumbai"
2023-07-01,31.0,29.0,5.0,3.0,8.0,1.0,"Borivali East MPCB, Mumbai"
2023-07-02,26.0,31.0,8.0,3.0,8.0,1.0,"Borivali East MPCB, Mumbai"
2023-07-03,27.0,33.0,8.0,2.0,8.0,1.0,"Borivali East MPCB, Mumbai"
2023-07-04,30.0,38.0,8.0,3.0,8.0,1.0,"Borivali East MPCB, Mumbai"
2023-07-05,42.0,26.0,10.0,4.0,8.0,1.0,"Borivali East MPCB, Mumbai"
2023-07-06,23.0,29.0,11.0,3.0,8.0,1.0,"Borivali East MPCB, Mumbai"
2023-07-07,19.0,54.0,10.0,3.0,7.0,2.0,"Borivali East MPCB, Mumbai"
2023-07-08,28.0,46.0,8.0,2.0,7.0,2.0,"Borivali East MPCB, Mumbai"
2023-07-09,27.0,59.0,9.0,3.0,7.0,2.0,"Borivali East MPCB, Mumbai"
2023-07-10,36.0,52.0,7.0,2.0,7.0,2.0,"Borivali East MPCB, Mumbai"
2023-07-11,29.0,49.0,6.0,2.0,7.0,2.0,"Borivali East MPCB, Mumbai"
2023-07-12,25.0,48.0,8.0,2.0,7.0,2.0,"Borivali East MPCB, Mumbai"
2023-07-13,24.0,35.0,7.0,3.0,7.0,2.0,"Borivali East MPCB, Mumbai"
2023-07-14,32.0,44.0,6.0,4.0,7.0,3.0,"Borivali East MPCB, Mumbai"
2023-07-15,25.0,40.0,6.0,2.0,7.0,2.0,"Borivali East MPCB, Mumbai"
2023-07-16,20.0,30.0,7.0,3.0,7.0,2.0,"Borivali East MPCB, Mumbai"
2023-07-17,27.0,31.0,8.0,3.0,8.0,2.0,"Borivali East MPCB, Mumbai"
2023-07-18,21.0,34.0,10.0,3.0,8.0,2.0,"Borivali East MPCB, Mumbai"
2023-07-19,30.0,42.0,9.0,4.0,7.0,3.0,"Borivali East MPCB, Mumbai"
2023-07-20,34.0,35.0,8.0,4.0,7.0,3.0,"Borivali East MPCB, Mumbai"
2023-07-21,29.0,33.0,9.0,3.0,7.0,2.0,"Borivali East MPCB, Mumbai"
2023-07-22,33.0,33.0,7.0,3.0,8.0,3.0,"Borivali East MPCB, Mumbai"
2023-07-23,33.0,30.0,9.0,3.0,8.0,2.0,"Borivali East MPCB, Mumbai"
2023-07-24,32.0,37.0,8.0,4.0,8.0,2.0,"Borivali East MPCB, Mumbai"
2023-07-25,30.0,26.0,8.0,3.0,7.0,3.0,"Borivali East MPCB, Mumbai"
2023-07-26,19.0,28.0,8.0,3.0,7.0,2.0,"Borivali East MPCB, Mumbai"
2023-07-27,22.0,36.0,8.0,3.0,8.0,2.0,"Borivali East MPCB, Mumbai"
2023-07-28,24.0,36.0,5.0,3.0,8.0,3.0,"Borivali East MPCB, Mumbai"
2023-07-29,33.0,44.0,7.0,3.0,8.0,3.0,"Borivali East MPCB, Mumbai"
2023-07-30,29.0,43.0,7.0,3.0,8.0,3.0,"Borivali East MPCB, Mumbai"
2023-07-31,30.0,48.0,8.0,3.0,8.0,3.0,"Borivali East MPCB, Mumbai"
2023-08-01,31.0,49.0,8.0,2.0,7.0,3.0,"Borivali East MPCB, Mumbai"
2023-08-02,27.0,50.0,8.0,2.142857142857143,7.0,3.0,"Borivali East MPCB, Mumbai"
2023-08-08,27.0,56.0,8.0,3.0,7.0,3.0,"Borivali East MPCB, Mumbai"
2023-08-09,27.0,52.0,8.0,3.0,7.0,3.0,"Borivali East MPCB, Mumbai"
2023-08-10,35.0,48.0,9.0,2.0,8.0,3.0,"Borivali East MPCB, Mumbai"
2023-08-11,30.0,48.0,10.0,2.0,7.0,3.0,"Borivali East MPCB, Mumbai"
2023-08-12,30.0,50.0,9.0,2.0,8.0,3.0,"Borivali East MPCB, Mumbai"
2023-08-13,29.0,53.0,9.0,3.0,8.0,3.0,"Borivali East MPCB, Mumbai"
2023-08-14,33.0,49.0,8.0,2.0,7.0,4.0,"Borivali East MPCB, Mumbai"
2023-08-15,32.0,45.0,9.0,3.0,8.0,3.0,"Borivali East MPCB, Mumbai"
2023-08-16,27.0,38.0,7.0,2.0,7.0,4.0,"Borivali East MPCB, Mumbai"
2023-08-17,27.0,40.0,7.0,2.0,8.0,3.0,"Borivali East MPCB, Mumbai"
2023-08-18,22.0,46.0,7.0,2.0,8.0,4.0,"Borivali East MPCB, Mumbai"
2023-08-19,30.0,47.0,8.0,2.0,7.0,4.0,"Borivali East MPCB, Mumbai"
2023-08-20,26.0,41.0,9.0,2.0,8.0,4.0,"Borivali East MPCB, Mumbai"
2023-08-21,26.0,32.0,6.0,2.0,8.0,4.0,"Borivali East MPCB, Mumbai"
2023-08-22,25.0,33.0,5.0,2.0,7.0,4.0,"Borivali East MPCB, Mumbai"
2023-08-23,22.0,34.0,5.0,2.0,8.0,4.0,"Borivali East MPCB, Mumbai"
2023-08-24,19.0,33.0,6.0,2.0,8.0,4.0,"Borivali East MPCB, Mumbai"
2023-08-25,18.0,33.0,6.0,3.0,7.0,4.0,"Borivali East MPCB, Mumbai"
2023-08-26,26.0,34.0,9.0,3.0,8.0,4.0,"Borivali East MPCB, Mumbai"
2023-08-27,26.0,38.0,8.5,3.0,7.0,4.0,"Borivali East MPCB, Mumbai"
2023-08-28,26.0,42.0,8.0,1.0,7.0,4.0,"Borivali East MPCB, Mumbai"
2023-08-29,28.0,46.0,10.0,2.0,8.0,4.0,"Borivali East MPCB, Mumbai"
2023-08-30,34.0,48.0,13.0,1.0,8.0,4.0,"Borivali East MPCB, Mumbai"
2023-08-31,32.0,51.0,15.0,1.0,7.0,4.0,"Borivali East MPCB, Mumbai"
2023-09-01,39.0,43.0,2.0,2.0,8.0,5.0,"Borivali East MPCB, Mumbai"
2023-09-02,35.0,47.0,5.0,2.0,8.0,5.0,"Borivali East MPCB, Mumbai"
2023-09-03,44.0,55.0,9.0,2.0,7.0,4.0,"Borivali East MPCB, Mumbai"
2023-09-04,39.0,51.0,11.0,2.0,8.0,4.0,"Borivali East MPCB, Mumbai"
2023-09-05,36.0,48.0,8.0,2.0,8.0,5.0,"Borivali East MPCB, Mumbai"
2023-09-06,40.0,40.0,9.0,4.0,8.0,5.0,"Borivali East MPCB, Mumbai"
2023-09-07,42.0,39.0,9.0,3.0,8.0,5.0,"Borivali East MPCB, Mumbai"
2023-09-08,34.0,35.0,3.0,1.0,8.0,5.0,"Borivali East MPCB, Mumbai"
2023-09-09,25.0,36.666666666666664,5.0,1.0,7.666666666666667,5.0,"Borivali East MPCB, Mumbai"
2023-09-10,26.5,38.333333333333336,7.0,1.0,7.333333333333333,5.0,"Borivali East MPCB, Mumbai"
2023-09-11,28.0,40.0,9.0,1.0,7.0,5.0,"Borivali East MPCB, Mumbai"
2023-09-12,32.0,36.0,9.0,2.0,8.0,5.0,"Borivali East MPCB, Mumbai"
2023-09-13,33.0,33.0,9.0,2.0,8.0,5.0,"Borivali East MPCB, Mumbai"
2023-09-14,29.0,41.0,8.0,5.0,7.0,6.0,"Borivali East MPCB, Mumbai"
2023-09-15,41.0,42.0,6.0,3.0,8.0,5.0,"Borivali East MPCB, Mumbai"
2023-09-16,32.0,44.0,8.0,2.0,7.0,5.0,"Borivali East MPCB, Mumbai"
2023-09-17,30.0,40.0,7.0,2.0,8.0,4.0,"Borivali East MPCB, Mumbai"
2023-09-18,21.0,38.0,5.0,3.0,7.0,2.0,"Borivali East MPCB, Mumbai"
2023-09-19,31.0,28.0,4.0,3.0,6.0,3.0,"Borivali East MPCB, Mumbai"
2023-09-20,27.0,33.0,4.0,1.0,5.0,3.0,"Borivali East MPCB, Mumbai"
2023-09-21,26.0,34.0,4.0,6.0,3.0,3.0,"Borivali East MPCB, Mumbai"
2023-09-22,40.0,39.0,5.0,5.0,6.0,4.0,"Borivali East MPCB, Mumbai"
2023-09-23,48.0,35.0,7.0,4.0,10.0,3.0,"Borivali East MPCB, Mumbai"
2023-09-24,35.0,40.0,10.0,5.0,9.0,3.0,"Borivali East MPCB, Mumbai"
2023-09-25,32.0,41.0,13.0,2.0,7.0,2.0,"Borivali East MPCB, Mumbai"
2023-09-26,37.0,32.0,5.0,1.0,7.0,2.0,"Borivali East MPCB, Mumbai"
2023-09-27,31.0,54.0,17.0,3.0,9.0,3.0,"Borivali East MPCB, Mumbai"
2023-09-28,70.0,48.0,22.0,2.0,8.0,3.0,"Borivali East MPCB, Mumbai"
2023-09-29,64.0,48.0,20.0,3.0,8.0,3.0,"Borivali East MPCB, Mumbai"
2023-09-30,71.0,62.0,22.0,4.0,9.0,4.0,"Borivali East MPCB, Mumbai"
2023-10-01,75.0,74.0,20.0,5.0,9.0,4.0,"Borivali East MPCB, Mumbai"
2023-10-02,67.0,65.0,14.0,3.0,9.0,3.0,"Borivali East MPCB, Mumbai"
2023-10-03,54.0,65.0,24.0,2.0,9.0,3.0,"Borivali East MPCB, Mumbai"
2023-10-04,60.0,64.0,22.0,2.0,9.0,3.0,"Borivali East MPCB, Mumbai"
2023-10-05,63.0,63.0,20.0,2.0,9.0,3.0,"Borivali East MPCB, Mumbai"
2023-10-06,67.0,62.0,21.0,2.0,9.0,3.0,"Borivali East MPCB, Mumbai"
2023-10-07,70.0,64.0,25.0,2.0,9.0,4.0,"Borivali East MPCB, Mumbai"
2023-10-08,79.0,71.0,33.0,3.0,9.0,4.0,"Borivali East MPCB, Mumbai"
2023-10-09,98.0,59.0,27.0,3.0,9.0,4.0,"Borivali East MPCB, Mumbai"
2023-10-10,80.0,49.0,23.0,3.0,9.0,3.0,"Borivali East MPCB, Mumbai"
2023-10-11,58.0,60.0,36.0,3.0,9.0,4.0,"Borivali East MPCB, Mumbai"
2023-10-12,90.0,78.0,47.0,4.0,10.0,6.0,"Borivali East MPCB, Mumbai"
2023-10-13,123.0,71.0,37.0,3.0,9.0,5.0,"Borivali East MPCB, Mumbai"
2023-10-14,119.0,71.0,36.0,2.0,10.0,5.0,"Borivali East MPCB, Mumbai"
2023-10-15,115.0,76.0,29.0,2.0,10.0,5.0,"Borivali East MPCB, Mumbai"
2023-10-16,126.0,71.0,62.0,5.0,10.0,5.0,"Borivali East MPCB, Mumbai"
2023-10-17,109.0,79.0,31.0,3.0,10.0,5.0,"Borivali East MPCB, Mumbai"
2023-10-18,128.0,70.0,37.0,3.0,9.0,4.0,"Borivali East MPCB, Mumbai"
2023-10-19,98.0,78.0,50.0,4.0,9.0,5.0,"Borivali East MPCB, Mumbai"
2023-10-20,115.0,74.0,46.0,4.0,9.0,5.0,"Borivali East MPCB, Mumbai"
2023-10-21,120.0,80.0,43.0,3.0,9.0,5.0,"Borivali East MPCB, Mumbai"
2023-10-22,132.0,76.0,27.0,3.0,8.0,5.0,"Borivali East MPCB, Mumbai"
2023-10-23,121.0,72.0,8.0,3.0,6.0,5.0,"Borivali East MPCB, Mumbai"
2023-10-24,109.0,69.0,42.0,3.0,5.0,5.0,"Borivali East MPCB, Mumbai"
2023-10-25,96.0,70.0,36.0,3.0,5.0,5.0,"Borivali East MPCB, Mumbai"
2023-10-26,93.0,69.0,38.0,3.0,5.0,4.0,"Borivali East MPCB, Mumbai"
2023-10-27,82.0,71.0,36.0,3.0,5.0,5.0,"Borivali East MPCB, Mumbai"
2023-10-28,94.0,71.0,41.0,4.0,6.0,5.0,"Borivali East MPCB, Mumbai"
2023-10-29,94.0,74.0,48.0,4.0,6.0,5.0,"Borivali East MPCB, Mumbai"
2023-10-30,110.0,78.0,49.0,5.0,6.0,6.0,"Borivali East MPCB, Mumbai"
2023-10-31,120.0,77.0,43.0,4.0,6.0,6.0,"Borivali East MPCB, Mumbai"
2023-11-01,121.0,76.0,40.0,4.0,6.0,5.0,"Borivali East MPCB, Mumbai"
2023-11-02,122.0,79.0,41.0,3.0,6.0,6.0,"Borivali East MPCB, Mumbai"
2023-11-03,127.0,80.0,43.0,4.0,6.0,6.0,"Borivali East MPCB, Mumbai"
2023-11-04,131.0,85.0,54.0,5.0,6.0,7.0,"Borivali East MPCB, Mumbai"
2023-11-05,132.0,83.0,44.0,5.0,6.0,7.0,"Borivali East MPCB, Mumbai"
2023-11-06,126.0,76.0,44.0,3.0,5.0,6.0,"Borivali East MPCB, Mumbai"
2023-11-07,111.0,72.0,35.0,7.0,6.0,6.0,"Borivali East MPCB, Mumbai"
2023-11-08,100.0,62.0,41.0,3.0,6.0,6.0,"Borivali East MPCB, Mumbai"
2023-11-09,86.0,51.0,41.0,4.0,6.0,5.7894736842105265,"Borivali East MPCB, Mumbai"
2023-11-10,67.0,45.0,4.0,3.0,6.0,5.578947368421052,"Borivali East MPCB, Mumbai"
2023-11-11,56.0,47.125,6.75,3.0,5.375,5.368421052631579,"Borivali East MPCB, Mumbai"
2023-11-18,105.875,62.0,26.0,3.0,1.0,3.0,"Borivali East MPCB, Mumbai"
2023-11-19,113.0,46.0,19.0,2.0,2.0,3.0,"Borivali East MPCB, Mumbai"
2023-11-20,80.0,57.0,23.0,2.5,1.5,3.0,"Borivali East MPCB, Mumbai"
2023-11-21,103.5,68.0,27.0,3.0,1.0,3.0,"Borivali East MPCB, Mumbai"
2023-11-22,127.0,108.0,28.0,2.0,1.0,3.0,"Borivali East MPCB, Mumbai"
2023-11-23,155.0,63.0,8.0,2.0,2.0,3.0,"Borivali East MPCB, Mumbai"
2023-11-24,115.0,56.0,7.0,3.0,3.0,3.0,"Borivali East MPCB, Mumbai"
2023-11-25,99.0,40.0,18.0,2.0,3.0,3.0,"Borivali East MPCB, Mumbai"
2023-11-26,75.0,46.0,10.0,6.0,8.0,3.0,"Borivali East MPCB, Mumbai"
2023-11-27,55.0,46.0,14.0,3.0,6.0,2.0,"Borivali East MPCB, Mumbai"
2023-11-28,60.0,52.0,17.0,3.0,6.0,2.0,"Borivali East MPCB, Mumbai"
2023-11-29,74.0,58.0,20.0,3.0,6.0,1.0,"Borivali East MPCB, Mumbai"
2023-11-30,87.0,60.0,23.0,2.0,6.0,1.0,"Borivali East MPCB, Mumbai"
2023-12-01,88.0,69.0,18.0,3.0,4.0,3.0,"Borivali East MPCB, Mumbai"
2023-12-02,112.0,65.0,22.0,2.0,4.0,1.0,"Borivali East MPCB, Mumbai"
2023-12-03,107.0,66.0,17.0,2.0,4.0,1.0,"Borivali East MPCB, Mumbai"
2023-12-04,105.0,73.0,21.0,2.0,4.0,1.0,"Borivali East MPCB, Mumbai"
2023-12-05,119.0,66.0,21.5,1.5,4.0,1.0,"Borivali East MPCB, Mumbai"
2023-12-06,100.0,59.0,22.0,1.0,4.0,1.0,"Borivali East MPCB, Mumbai"
2023-12-07,81.0,59.0,18.0,2.0,4.0,1.0,"Borivali East MPCB, Mumbai"
2023-12-08,89.0,62.0,24.0,2.0,4.0,1.0,"Borivali East MPCB, Mumbai"
2023-12-09,93.0,62.0,22.0,2.0,3.0,1.0,"Borivali East MPCB, Mumbai"
2023-12-10,94.0,57.0,14.0,1.0,4.0,1.0,"Borivali East MPCB, Mumbai"
2023-12-11,87.0,56.0,20.0,2.0,3.0,1.0,"Borivali East MPCB, Mumbai"
2023-12-12,83.0,63.5,24.0,2.5,2.0,1.0,"Borivali East MPCB, Mumbai"
2023-12-13,100.0,71.0,28.0,3.0,1.0,1.0,"Borivali East MPCB, Mumbai"
2023-12-14,117.0,61.0,9.0,2.0,1.0,3.0,"Borivali East MPCB, Mumbai"
2023-12-15,99.0,65.0,4.0,2.0,1.0,5.0,"Borivali East MPCB, Mumbai"
2023-12-16,95.0,72.0,3.0,2.0,1.0,8.0,"Borivali East MPCB, Mumbai"
2023-12-17,123.5,85.0,4.0,3.0,1.0,5.0,"Borivali East MPCB, Mumbai"
2023-12-18,152.0,82.0,3.0,4.0,2.0,5.0,"Borivali East MPCB, Mumbai"
2023-12-19,146.0,71.0,3.0,4.0,2.0,1.0,"Borivali East MPCB, Mumbai"
2023-12-20,109.0,77.0,3.0,5.0,2.0,2.5,"Borivali East MPCB, Mumbai"
2023-12-21,142.0,70.0,3.0,4.0,3.0,4.0,"Borivali East MPCB, Mumbai"
2023-12-22,127.0,79.0,3.0,4.0,3.0,3.0,"Borivali East MPCB, Mumbai"
2023-12-23,148.0,65.0,3.0,2.0,2.0,3.0,"Borivali East MPCB, Mumbai"
2023-12-24,120.0,66.0,3.0,3.0,2.0,7.0,"Borivali East MPCB, Mumbai"
2023-12-25,125.0,73.0,3.0,5.0,2.0,2.0,"Borivali East MPCB, Mumbai"
2023-12-26,126.0,70.0,3.0,3.0,2.0,5.0,"Borivali East MPCB, Mumbai"
2023-12-27,123.0,85.0,3.0,5.0,3.0,2.0,"Borivali East MPCB, Mumbai"
2023-12-28,151.0,68.0,3.0,2.0,3.0,2.0,"Borivali East MPCB, Mumbai"
2023-12-29,123.0,61.0,3.0,2.0,3.0,5.0,"Borivali East MPCB, Mumbai"
2023-12-30,100.0,74.0,3.0,4.0,3.0,8.0,"Borivali East MPCB, Mumbai"
2023-12-31,129.0,72.0,3.0,3.0,3.0,8.0,"Borivali East MPCB, Mumbai"
2024-01-01,132.0,83.0,3.0,3.0,3.0,5.0,"Borivali East MPCB, Mumbai"
2024-01-02,136.0,84.0,3.0,6.0,3.0,1.0,"Borivali East MPCB, Mumbai"
2024-01-03,122.0,78.0,3.0,4.0,2.0,6.0,"Borivali East MPCB, Mumbai"
2024-01-04,122.0,84.0,3.0,5.0,2.0,5.0,"Borivali East MPCB, Mumbai"
2024-01-05,126.0,76.0,3.0,4.0,2.0,4.0,"Borivali East MPCB, Mumbai"
2024-01-06,131.0,78.0,3.0,4.0,2.0,3.0,"Borivali East MPCB, Mumbai"
2024-01-07,135.0,67.0,3.0,4.0,3.0,4.0,"Borivali East MPCB, Mumbai"
2024-01-08,115.0,65.0,3.0,2.0,3.0,1.0,"Borivali East MPCB, Mumbai"
2024-01-09,118.0,46.0,3.0,5.0,3.0,5.0,"Borivali East MPCB, Mumbai"
2024-01-10,83.0,70.0,3.0,3.0,3.0,6.0,"Borivali East MPCB, Mumbai"
2024-01-11,135.0,70.0,3.0,4.0,3.0,7.0,"Borivali East MPCB, Mumbai"
2024-01-12,119.0,59.0,3.0,3.0,3.0,6.5,"Borivali East MPCB, Mumbai"
2024-01-13,100.0,49.0,3.0,2.0,3.0,6.0,"Borivali East MPCB, Mumbai"
2024-01-14,84.0,40.0,3.0,4.0,3.0,5.5,"Borivali East MPCB, Mumbai"
2024-01-15,57.0,45.0,3.0,4.0,2.0,2.0,"Borivali East MPCB, Mumbai"
2024-01-16,82.0,54.0,3.0,3.0,2.0,2.0,"Borivali East MPCB, Mumbai"
2024-01-17,94.0,55.0,3.0,3.0,2.0,2.0,"Borivali East MPCB, Mumbai"
2024-01-18,94.0,53.0,3.0,2.0,2.0,2.0,"Borivali East MPCB, Mumbai"
2024-01-19,99.0,70.0,3.0,5.0,2.0,3.0,"Borivali East MPCB, Mumbai"
2024-01-20,129.0,58.0,3.0,3.0,2.0,1.0,"Borivali East MPCB, Mumbai"
2024-01-21,101.0,66.0,3.0,5.0,2.0,6.0,"Borivali East MPCB, Mumbai"
2024-01-22,118.0,49.0,3.0,3.0,2.0,4.5,"Borivali East MPCB, Mumbai"
2024-01-23,86.0,60.0,3.0,4.0,2.0,3.0,"Borivali East MPCB, Mumbai"
2024-01-24,91.0,225.0,3.0,4.0,2.0,8.0,"Borivali East MPCB, Mumbai"
2024-01-25,89.0,138.5,3.0,4.0,2.0,2.0,"Borivali East MPCB, Mumbai"
2024-01-26,94.0,52.0,3.0,2.0,2.0,5.0,"Borivali East MPCB, Mumbai"
2024-01-27,77.0,41.0,3.0,3.0,2.0,3.0,"Borivali East MPCB, Mumbai"
2024-01-28,73.0,50.0,3.0,5.0,2.0,1.0,"Borivali East MPCB, Mumbai"
2024-01-29,92.0,57.0,3.0,6.0,2.0,2.0,"Borivali East MPCB, Mumbai"
2024-01-30,99.0,70.0,3.0,6.0,2.0,3.0,"Borivali East MPCB, Mumbai"
2024-01-31,111.0,45.0,3.0,3.0,2.0,3.8,"Borivali East MPCB, Mumbai"
2024-02-01,78.0,40.0,3.0,2.0,2.0,4.6,"Borivali East MPCB, Mumbai"
2024-02-02,60.0,51.66666666666667,3.0,3.0,2.0,5.4,"Borivali East MPCB, Mumbai"
2024-02-04,94.66666666666666,75.0,3.0,5.0,2.0,7.0,"Borivali East MPCB, Mumbai"
2024-02-05,112.0,51.0,3.0,5.0,2.0,1.0,"Borivali East MPCB, Mumbai"
2024-02-06,72.0,75.0,3.0,5.0,2.0,4.0,"Borivali East MPCB, Mumbai"
2024-02-07,105.0,64.0,6.0,4.0,1.0,1.0,"Borivali East MPCB, Mumbai"
2024-02-08,92.0,70.0,6.0,5.0,1.0,3.0,"Borivali East MPCB, Mumbai"
2024-02-09,102.0,66.0,6.0,6.0,1.0,5.0,"Borivali East MPCB, Mumbai"
2024-02-10,98.0,61.0,6.0,5.0,1.0,1.0,"Borivali East MPCB, Mumbai"
2024-02-11,98.0,60.0,6.0,6.0,1.0,1.3125,"Borivali East MPCB, Mumbai"
2024-02-12,102.0,50.0,6.0,3.0,1.0,1.625,"Borivali East MPCB, Mumbai"
2024-02-13,81.0,59.0,6.0,3.0,1.0,1.9375,"Borivali East MPCB, Mumbai"
2024-02-14,107.0,60.15384615384615,5.923076923076923,3.230769230769231,1.1538461538461537,2.0,"Borivali East MPCB, Mumbai"
2024-02-26,97.76923076923077,74.0,5.0,6.0,3.0,6.0,"Borivali East MPCB, Mumbai"
2024-02-27,97.0,94.0,5.0,11.0,2.0,7.0,"Borivali East MPCB, Mumbai"
2024-02-28,131.0,79.0,6.0,7.0,2.0,4.0,"Borivali East MPCB, Mumbai"
2024-02-29,118.0,71.0,6.0,9.0,3.0,4.0,"Borivali East MPCB, Mumbai"
2024-03-01,118.0,38.0,6.0,2.0,3.0,1.0,"Borivali East MPCB, Mumbai"
2024-03-02,67.0,42.0,6.0,4.0,2.0,1.0,"Borivali East MPCB, Mumbai"
2024-03-03,29.0,31.0,6.0,2.0,1.0,1.0,"Borivali East MPCB, Mumbai"
2024-03-04,45.0,58.0,6.0,5.0,1.0,1.0,"Borivali East MPCB, Mumbai"
2024-03-05,106.0,73.0,6.0,7.0,2.0,4.0,"Borivali East MPCB, Mumbai"
2024-03-06,126.0,72.0,6.0,8.0,2.0,3.0,"Borivali East MPCB, Mumbai"
2024-03-07,102.0,77.0,6.0,6.0,2.0,3.0,"Borivali East MPCB, Mumbai"
2024-03-08,103.0,70.0,6.0,7.0,2.0,1.0,"Borivali East MPCB, Mumbai"
2024-03-09,107.0,75.0,6.0,5.0,2.0,1.0,"Borivali East MPCB, Mumbai"
2024-03-10,136.0,50.0,6.0,3.0,2.0,1.0,"Borivali East MPCB, Mumbai"
2024-03-11,94.0,68.0,5.0,7.0,3.0,1.5,"Borivali East MPCB, Mumbai"
2024-03-12,130.0,53.0,6.0,5.0,2.0,2.0,"Borivali East MPCB, Mumbai"
2024-03-13,79.0,33.0,6.0,3.0,2.0,2.8,"Borivali East MPCB, Mumbai"
2024-03-14,56.0,74.5,6.0,3.5,2.0,3.5999999999999996,"Borivali East MPCB, Mumbai"
2024-03-15,72.0,116.0,6.0,4.0,2.0,4.4,"Borivali East MPCB, Mumbai"
2024-03-16,88.0,96.5,6.0,2.0,2.0,2.0,"Borivali East MPCB, Mumbai"
2024-03-17,84.0,77.0,6.0,4.0,2.0,6.0,"Borivali East MPCB, Mumbai"
2024-03-18,84.0,65.0,5.0,4.0,2.0,2.0,"Borivali East MPCB, Mumbai"
2024-03-19,96.0,67.5,5.5,5.5,2.0,3.5,"Borivali East MPCB, Mumbai"
2024-03-20,104.0,70.0,6.0,7.0,2.0,5.0,"Borivali East MPCB, Mumbai"
2024-03-21,112.0,72.0,6.0,7.0,2.0,3.0,"Borivali East MPCB, Mumbai"
2024-03-22,134.0,55.0,6.0,5.0,3.0,2.0,"Borivali East MPCB, Mumbai"
2024-03-23,89.0,52.0,6.0,3.0,2.0,4.0,"Borivali East MPCB, Mumbai"
2024-03-24,70.0,51.0,6.0,2.0,2.0,2.0,"Borivali East MPCB, Mumbai"
2024-03-25,79.0,50.0,6.0,9.0,2.0,6.0,"Borivali East MPCB, Mumbai"
2024-03-26,60.0,49.0,6.0,5.0,2.0,4.0,"Borivali East MPCB, Mumbai"
2024-03-27,67.0,47.0,6.0,3.0,2.0,4.0,"Borivali East MPCB, Mumbai"
2024-03-28,64.0,42.0,6.0,3.0,2.0,3.0,"Borivali East MPCB, Mumbai"
2024-03-29,72.0,80.0,6.0,6.0,2.0,6.0,"Borivali East MPCB, Mumbai"
2024-03-30,107.0,59.0,6.0,4.0,2.0,4.0,"Borivali East MPCB, Mumbai"
2024-03-31,70.0,75.0,6.0,5.0,2.0,4.0,"Borivali East MPCB, Mumbai"
2024-04-01,82.0,73.0,6.0,4.5,2.0,4.5,"Borivali East MPCB, Mumbai"
2024-04-02,74.0,71.0,6.0,4.0,2.0,5.0,"Borivali East MPCB, Mumbai"
2024-04-03,66.0,40.0,6.0,3.0,2.0,5.0,"Borivali East MPCB, Mumbai"
2024-04-04,61.0,89.0,6.0,4.0,3.0,6.0,"Borivali East MPCB, Mumbai"
2024-04-05,95.0,74.5,6.0,4.0,2.5,5.5,"Borivali East MPCB, Mumbai"
2024-04-06,84.0,60.0,6.0,4.0,2.0,5.0,"Borivali East MPCB, Mumbai"
2024-04-07,73.0,36.0,6.0,2.0,2.0,4.5,"Borivali East MPCB, Mumbai"
2024-04-08,68.0,58.0,6.0,4.0,3.0,4.0,"Borivali East MPCB, Mumbai"
2024-04-09,75.0,47.0,6.0,4.0,2.0,3.0,"Borivali East MPCB, Mumbai"
2024-04-10,71.0,49.0,6.0,4.0,2.0,4.0,"Borivali East MPCB, Mumbai"
2024-04-11,63.0,48.0,6.0,3.5,2.0,3.5,"Borivali East MPCB, Mumbai"
2024-04-12,58.0,47.0,6.0,3.0,2.0,3.0,"Borivali East MPCB, Mumbai"
2024-04-13,53.0,43.0,6.0,2.0,2.0,5.0,"Borivali East MPCB, Mumbai"
2024-04-14,54.0,62.0,6.0,5.0,2.0,4.0,"Borivali East MPCB, Mumbai"
2024-04-15,96.0,80.0,6.0,7.0,2.0,4.0,"Borivali East MPCB, Mumbai"
2024-04-16,127.0,63.0,6.0,7.0,3.0,4.0,"Borivali East MPCB, Mumbai"
2024-04-17,97.0,59.0,6.0,5.0,3.0,5.0,"Borivali East MPCB, Mumbai"
2024-04-18,94.0,52.0,6.0,4.0,2.0,5.0,"Borivali East MPCB, Mumbai"
2024-04-19,70.0,68.0,6.0,3.0,2.0,5.0,"Borivali East MPCB, Mumbai"
2024-04-20,54.0,49.0,6.0,4.0,2.0,3.0,"Borivali East MPCB, Mumbai"
2024-04-21,50.0,42.0,6.0,4.0,2.0,3.0,"Borivali East MPCB, Mumbai"
2024-04-22,64.0,52.0,6.0,3.0,2.0,4.0,"Borivali East MPCB, Mumbai"
2024-04-23,65.0,51.0,6.0,3.0,2.0,3.0,"Borivali East MPCB, Mumbai"
2024-04-24,67.0,60.0,5.0,4.0,3.0,6.0,"Borivali East MPCB, Mumbai"
2024-04-25,64.0,62.0,5.5,4.5,3.5,5.5,"Borivali East MPCB, Mumbai"
2024-04-26,73.5,64.0,6.0,5.0,4.0,5.0,"Borivali East MPCB, Mumbai"
2024-04-27,83.0,86.0,5.0,6.0,4.0,5.0,"Borivali East MPCB, Mumbai"
2024-04-28,106.0,74.0,5.0,6.0,4.0,4.0,"Borivali East MPCB, Mumbai"
2024-04-29,85.0,75.0,5.0,6.0,5.0,5.0,"Borivali East MPCB, Mumbai"
2024-04-30,76.0,73.0,6.0,4.0,4.0,5.0,"Borivali East MPCB, Mumbai"
2024-05-01,61.0,66.0,6.0,3.0,3.0,4.0,"Borivali East MPCB, Mumbai"
2024-05-02,51.0,74.0,5.0,3.0,4.0,5.0,"Borivali East MPCB, Mumbai"
2024-05-03,54.0,178.0,6.0,2.0,2.0,6.0,"Borivali East MPCB, Mumbai"
2024-05-04,130.0,47.0,6.0,3.0,4.0,5.0,"Borivali East MPCB, Mumbai"
2024-05-05,57.0,33.0,6.0,2.0,3.0,5.0,"Borivali East MPCB, Mumbai"
2024-05-06,41.0,56.0,6.0,2.0,4.0,6.0,"Borivali East MPCB, Mumbai"
2024-05-07,40.0,40.0,6.0,2.0,3.0,5.0,"Borivali East MPCB, Mumbai"
2024-05-08,40.0,35.0,6.0,2.0,3.0,6.0,"Borivali East MPCB, Mumbai"
2024-05-09,39.0,39.0,6.0,2.0,2.0,5.0,"Borivali East MPCB, Mumbai"
2024-05-10,46.0,47.0,6.0,2.0,4.0,6.0,"Borivali East MPCB, Mumbai"
2024-05-11,41.0,38.5,6.0,3.0,3.5,6.0,"Borivali East MPCB, Mumbai"
2024-05-12,47.5,30.0,6.0,4.0,3.0,6.0,"Borivali East MPCB, Mumbai"
2024-05-13,54.0,38.666666666666664,6.0,7.0,3.0,6.0,"Borivali East MPCB, Mumbai"
2024-05-14,94.0,47.33333333333333,6.0,8.0,3.0,6.0,"Borivali East MPCB, Mumbai"
2024-05-15,226.0,56.0,6.0,3.0,6.0,6.0,"Borivali East MPCB, Mumbai"
2024-05-16,77.0,55.0,6.0,7.0,3.0,6.0,"Borivali East MPCB, Mumbai"
2024-05-17,76.0,44.0,6.0,3.0,4.0,6.0,"Borivali East MPCB, Mumbai"
2024-05-18,51.0,52.0,6.0,4.0,4.0,6.0,"Borivali East MPCB, Mumbai"
2024-05-19,54.0,34.0,6.0,3.0,4.0,6.0,"Borivali East MPCB, Mumbai"
2024-05-20,30.0,41.0,6.0,3.0,4.0,6.0,"Borivali East MPCB, Mumbai"
2024-05-21,35.0,48.0,6.0,2.0,4.0,6.0,"Borivali East MPCB, Mumbai"
2024-05-22,33.0,46.0,6.0,1.0,5.0,6.0,"Borivali East MPCB, Mumbai"
2024-05-23,35.0,42.0,6.0,1.0,5.0,6.0,"Borivali East MPCB, Mumbai"
2024-05-24,36.0,43.0,6.0,1.0,5.0,6.0,"Borivali East MPCB, Mumbai"
2024-05-25,37.0,39.0,6.0,1.0,4.0,6.0,"Borivali East MPCB, Mumbai"
2024-05-26,33.0,53.0,6.0,1.0,4.0,6.0,"Borivali East MPCB, Mumbai"
2024-05-27,35.0,44.0,6.0,1.0,5.0,6.0,"Borivali East MPCB, Mumbai"
2024-05-28,20.0,60.0,6.0,2.0,6.0,6.0,"Borivali East MPCB, Mumbai"
2024-05-29,35.0,50.0,6.0,1.0,5.0,5.0,"Borivali East MPCB, Mumbai"
2024-05-30,28.0,38.0,6.0,1.0,5.0,4.0,"Borivali East MPCB, Mumbai"
2024-05-31,22.0,37.0,6.0,2.0,10.0,6.0,"Borivali East MPCB, Mumbai"
2024-06-01,23.0,34.0,6.0,2.0,4.0,6.0,"Borivali East MPCB, Mumbai"
2024-06-02,9.0,45.0,6.0,1.0,6.0,6.0,"Borivali East MPCB, Mumbai"
2024-06-03,24.0,47.0,6.0,1.0,7.0,6.0,"Borivali East MPCB, Mumbai"
2024-06-04,26.0,34.0,6.0,1.0,6.0,6.0,"Borivali East MPCB, Mumbai"
2024-06-05,29.0,36.0,6.0,1.0,5.0,6.0,"Borivali East MPCB, Mumbai"
2024-06-06,23.0,42.0,6.0,1.0,5.0,6.0,"Borivali East MPCB, Mumbai"
2024-06-07,21.0,42.0,6.0,1.0,6.0,6.0,"Borivali East MPCB, Mumbai"
2024-06-08,29.0,36.0,6.0,1.0,5.0,6.0,"Borivali East MPCB, Mumbai"
2024-06-09,24.0,24.0,6.0,1.0,4.0,6.0,"Borivali East MPCB, Mumbai"
2024-06-10,42.0,28.0,6.0,1.0,3.0,6.0,"Borivali East MPCB, Mumbai"
2024-06-11,26.0,24.0,6.0,1.0,3.0,6.0,"Borivali East MPCB, Mumbai"
2024-06-12,21.0,20.0,6.0,1.0,3.0,6.0,"Borivali East MPCB, Mumbai"
2024-06-13,18.0,20.0,6.0,1.0,3.0,6.0,"Borivali East MPCB, Mumbai"
2024-06-14,20.0,25.0,6.0,1.0,3.0,6.0,"Borivali East MPCB, Mumbai"
2024-06-15,30.0,36.0,6.0,1.0,3.0,6.0,"Borivali East MPCB, Mumbai"
2024-06-16,36.0,25.0,6.0,1.0,4.0,6.0,"Borivali East MPCB, Mumbai"
2024-06-17,37.0,31.0,6.0,1.0,4.0,6.0,"Borivali East MPCB, Mumbai"
2024-06-18,38.0,18.0,6.0,1.0,4.0,6.0,"Borivali East MPCB, Mumbai"
2024-06-19,24.0,28.0,6.0,1.0,3.0,6.0,"Borivali East MPCB, Mumbai"
2024-06-20,14.0,27.0,6.0,2.0,4.0,6.0,"Borivali East MPCB, Mumbai"
2024-06-21,13.0,25.75,6.0,2.0,4.0,6.0,"Borivali East MPCB, Mumbai"
2024-06-24,26.5,22.0,6.0,1.0,4.0,6.0,"Borivali East MPCB, Mumbai"
2024-06-25,31.0,15.0,6.0,1.0,3.0,4.0,"Borivali East MPCB, Mumbai"
2024-06-26,21.0,14.0,6.0,1.0,3.0,3.0,"Borivali East MPCB, Mumbai"
2024-06-27,11.0,31.0,6.0,1.0,3.0,3.0,"Borivali East MPCB, Mumbai"
2024-06-28,15.0,46.0,6.0,2.0,4.0,3.0,"Borivali East MPCB, Mumbai"
2024-06-29,28.0,51.0,6.0,2.0,3.0,3.0,"Borivali East MPCB, Mumbai"
2024-06-30,10.0,52.0,6.0,2.0,3.0,3.0,"Borivali East MPCB, Mumbai"
2024-07-01,13.0,51.0,6.0,2.0,3.0,3.0,"Borivali East MPCB, Mumbai"
2024-07-02,22.0,52.0,6.0,2.0,3.0,3.0,"Borivali East MPCB, Mumbai"
2024-07-03,10.0,42.0,6.0,2.0,4.0,3.0,"Borivali East MPCB, Mumbai"
2024-07-04,8.0,26.0,6.0,2.0,4.0,3.0,"Borivali East MPCB, Mumbai"
2024-07-05,6.0,47.0,6.0,2.0,3.0,3.0,"Borivali East MPCB, Mumbai"
2024-07-06,15.0,38.0,6.0,2.0,3.0,3.0,"Borivali East MPCB, Mumbai"
2024-07-07,15.0,18.0,6.0,2.0,3.0,3.0,"Borivali East MPCB, Mumbai"
2024-07-08,19.0,14.0,6.0,2.0,3.0,3.0,"Borivali East MPCB, Mumbai"
2024-07-09,14.0,20.5,6.0,2.0,2.3333333333333335,3.0,"Borivali East MPCB, Mumbai"
2024-07-10,15.0,27.0,6.0,2.0,1.6666666666666667,3.0,"Borivali East MPCB, Mumbai"
2024-07-11,16.0,25.0,6.0,2.0,1.0,2.0,"Borivali East MPCB, Mumbai"
2024-07-12,16.0,13.0,6.0,2.0,3.0,2.0,"Borivali East MPCB, Mumbai"
2024-07-13,19.0,22.0,6.0,2.0,3.0,2.0,"Borivali East MPCB, Mumbai"
2024-07-14,14.0,17.0,6.0,2.0,3.0,1.0,"Borivali East MPCB, Mumbai"
2024-07-15,18.0,18.5,6.0,2.0,3.0,2.0,"Borivali East MPCB, Mumbai"
2024-07-16,34.0,20.0,6.0,1.0,1.0,3.0,"Borivali East MPCB, Mumbai"
2024-07-17,19.0,66.33333333333334,5.666666666666667,1.3333333333333333,3.5,3.0,"Borivali East MPCB, Mumbai"
2024-07-19,13.0,159.0,5.0,2.0,8.5,3.0,"Borivali East MPCB, Mumbai"
2024-07-20,35.0,21.0,7.25,9.0,11.0,3.0,"Borivali East MPCB, Mumbai"
2024-07-21,9.0,29.0,9.5,6.0,3.0,3.0,"Borivali East MPCB, Mumbai"
2024-07-22,9.0,32.0,11.75,5.0,16.0,3.0,"Borivali East MPCB, Mumbai"
2024-07-23,4.0,29.0,14.0,5.0,5.0,3.0,"Borivali East MPCB, Mumbai"
2024-07-24,137.0,27.0,26.5,5.0,10.0,3.0,"Borivali East MPCB, Mumbai"
2024-07-25,10.0,124.0,39.0,4.0,15.0,1.0,"Borivali East MPCB, Mumbai"
2024-07-26,97.0,97.0,37.0,2.0,20.0,3.0,"Borivali East MPCB, Mumbai"
2024-07-27,69.0,31.0,45.0,1.0,25.0,1.0,"Borivali East MPCB, Mumbai"
2024-07-28,36.0,58.0,12.0,1.0,3.0,1.0,"Borivali East MPCB, Mumbai"
2024-07-29,17.0,41.0,12.0,1.0,3.0,1.0,"Borivali East MPCB, Mumbai"
2024-07-30,12.0,6.0,4.0,1.0,3.0,1.0,"Borivali East MPCB, Mumbai"
2024-07-31,8.0,19.0,4.0,1.0,3.0,1.0,"Borivali East MPCB, Mumbai"
2024-08-01,17.0,25.0,4.0,1.0,3.0,2.0,"Borivali East MPCB, Mumbai"
2024-08-02,12.0,27.0,4.0,1.0,3.0,2.0,"Borivali East MPCB, Mumbai"
2024-08-03,7.0,29.0,4.0,1.0,3.0,2.0,"Borivali East MPCB, Mumbai"
2024-08-04,15.0,29.0,2.0,2.0,4.0,1.0,"Borivali East MPCB, Mumbai"
2024-08-05,35.0,24.0,4.0,1.0,4.0,3.0,"Borivali East MPCB, Mumbai"
2024-08-06,18.0,24.0,5.0,1.0,3.0,3.0,"Borivali East MPCB, Mumbai"
2024-08-07,24.0,31.0,4.0,1.0,3.0,3.0,"Borivali East MPCB, Mumbai"
2024-08-08,37.0,26.0,4.0,2.0,3.0,2.0,"Borivali East MPCB, Mumbai"
2024-08-09,37.0,22.0,5.0,1.0,3.0,2.0,"Borivali East MPCB, Mumbai"
2024-08-10,27.0,23.0,5.0,1.0,4.0,3.0,"Borivali East MPCB, Mumbai"
2024-08-11,26.0,24.0,5.0,1.0,3.0,3.0,"Borivali East MPCB, Mumbai"
2024-08-12,25.0,26.0,4.0,1.0,3.0,3.0,"Borivali East MPCB, Mumbai"
2024-08-13,30.0,24.0,6.0,1.0,3.0,3.0,"Borivali East MPCB, Mumbai"
2024-08-14,34.0,26.0,5.0,1.0,3.0,3.0,"Borivali East MPCB, Mumbai"
2024-08-15,37.0,23.0,5.0,1.0,3.0,3.0,"Borivali East MPCB, Mumbai"
2024-08-16,31.0,23.0,6.0,1.0,3.0,2.0,"Borivali East MPCB, Mumbai"
2024-08-17,33.0,33.0,6.0,1.0,3.0,3.0,"Borivali East MPCB, Mumbai"
2024-08-18,45.0,32.0,7.0,1.0,3.0,3.0,"Borivali East MPCB, Mumbai"
2024-08-19,49.0,27.0,7.0,1.0,3.0,2.0,"Borivali East MPCB, Mumbai"
2024-08-20,51.0,32.0,13.0,1.0,2.0,2.0,"Borivali East MPCB, Mumbai"
2024-08-21,59.0,36.0,1.0,1.0,2.0,2.0,"Borivali East MPCB, Mumbai"
2024-08-22,66.0,16.0,1.0,1.0,2.0,1.0,"Borivali East MPCB, Mumbai"
2024-08-23,27.0,14.0,1.0,1.0,1.0,1.0,"Borivali East MPCB, Mumbai"
2024-08-24,32.0,21.0,1.0,1.0,1.0,1.0,"Borivali East MPCB, Mumbai"
2024-08-25,29.0,32.0,1.0,1.0,1.0,1.0,"Borivali East MPCB, Mumbai"
2024-08-26,39.0,26.0,1.0,1.0,1.0,1.0,"Borivali East MPCB, Mumbai"
2024-08-27,33.0,34.0,1.0,1.0,1.1111111111111112,1.2222222222222223,"Borivali East MPCB, Mumbai"
2024-08-28,37.0,34.0,1.0,1.0,1.2222222222222223,1.4444444444444444,"Borivali East MPCB, Mumbai"
2024-08-29,44.0,28.0,1.0,1.0,1.3333333333333333,1.6666666666666665,"Borivali East MPCB, Mumbai"
2024-08-30,37.0,21.0,1.0,1.0,2.0,2.0,"Borivali East MPCB, Mumbai"
2024-08-31,29.0,24.0,1.0,1.0,2.0,2.0,"Borivali East MPCB, Mumbai"
2024-09-01,32.0,24.0,1.0,2.0,2.0,3.0,"Borivali East MPCB, Mumbai"
2024-09-02,34.0,28.0,1.0,2.0,2.0,3.0,"Borivali East MPCB, Mumbai"
2024-09-03,41.0,30.0,1.0,2.0,2.0,3.0,"Borivali East MPCB, Mumbai"
2024-09-04,41.0,21.0,1.0,2.0,2.0,3.0,"Borivali East MPCB, Mumbai"
2024-09-05,32.0,28.0,1.0,2.0,4.0,3.0,"Borivali East MPCB, Mumbai"
2024-09-06,39.0,18.0,1.0,2.0,4.0,3.0,"Borivali East MPCB, Mumbai"
2024-09-07,26.0,21.0,1.0,2.0,3.0,3.0,"Borivali East MPCB, Mumbai"
2024-09-08,35.0,20.0,1.0,2.0,3.0,3.0,"Borivali East MPCB, Mumbai"
2024-09-09,32.0,23.0,1.0,2.0,3.0,3.0,"Borivali East MPCB, Mumbai"
2024-09-10,32.0,23.0,1.0,2.0,3.0,3.0,"Borivali East MPCB, Mumbai"
2024-09-11,40.0,34.0,1.0,2.0,3.0,3.0,"Borivali East MPCB, Mumbai"
2024-09-12,49.0,37.0,1.0,2.0,3.0,3.0,"Borivali East MPCB, Mumbai"
2024-09-13,51.0,21.0,1.0,2.0,3.0,3.0,"Borivali East MPCB, Mumbai"
2024-09-14,41.0,18.0,1.0,2.0,3.0,3.0,"Borivali East MPCB, Mumbai"
2024-09-15,35.0,29.0,1.0,2.0,3.0,2.0,"Borivali East MPCB, Mumbai"
2024-09-16,47.0,33.0,1.0,2.0,3.0,2.0,"Borivali East MPCB, Mumbai"
2024-09-17,48.0,31.5,1.0,2.0,2.0,2.0,"Borivali East MPCB, Mumbai"
2024-09-18,55.0,30.0,1.0,2.0,2.0,2.0,"Borivali East MPCB, Mumbai"
2024-09-19,52.0,33.0,1.0,2.0,3.0,2.0,"Borivali East MPCB, Mumbai"
2024-09-20,56.0,27.0,1.0,2.0,2.0,2.0,"Borivali East MPCB, Mumbai"
2024-09-21,51.0,32.0,1.0,2.0,2.0,2.0,"Borivali East MPCB, Mumbai"
2024-09-22,199.0,35.0,1.0,2.0,2.0,2.0,"Borivali East MPCB, Mumbai"
2024-09-23,84.0,21.0,1.0,1.0,2.0,2.0,"Borivali East MPCB, Mumbai"
2024-09-24,39.0,16.0,1.0,1.0,2.0,2.0,"Borivali East MPCB, Mumbai"
2024-09-25,40.0,9.0,1.0,1.0,2.0,2.0,"Borivali East MPCB, Mumbai"
2024-09-26,25.0,6.0,1.0,1.0,2.0,2.0,"Borivali East MPCB, Mumbai"
2024-09-27,16.0,10.0,1.0,1.0,2.0,2.0,"Borivali East MPCB, Mumbai"
2024-09-28,20.0,15.0,1.0,1.0,2.0,1.0,"Borivali East MPCB, Mumbai"
2024-09-29,25.0,13.0,1.0,1.0,2.0,2.0,"Borivali East MPCB, Mumbai"
2024-09-30,27.0,46.0,6.0,3.0,2.0,1.0,"Borivali East MPCB, Mumbai"
2024-10-01,63.0,25.0,6.0,3.0,2.0,2.0,"Borivali East MPCB, Mumbai"
2024-10-02,26.0,14.0,5.0,2.0,2.0,2.0,"Borivali East MPCB, Mumbai"
2024-10-03,19.0,28.0,1.0,2.0,2.0,2.0,"Borivali East MPCB, Mumbai"
2024-10-04,41.0,27.0,1.0,1.0,2.0,2.0,"Borivali East MPCB, Mumbai"
2024-10-05,40.0,28.0,1.0,1.0,2.0,2.0,"Borivali East MPCB, Mumbai"
2024-10-06,41.0,36.0,1.0,1.0,2.0,2.0,"Borivali East MPCB, Mumbai"
2024-10-07,51.0,37.0,1.0,1.0,2.0,2.0,"Borivali East MPCB, Mumbai"
2024-10-08,53.0,33.0,1.0,1.0,2.0,2.0,"Borivali East MPCB, Mumbai"
2024-10-09,50.0,31.0,1.0,1.0,2.0,2.0,"Borivali East MPCB, Mumbai"
2024-10-10,49.0,29.0,1.0,1.0,2.0,2.0,"Borivali East MPCB, Mumbai"
2024-10-11,44.0,34.0,1.0,1.0,2.0,2.0,"Borivali East MPCB, Mumbai"
2024-10-12,48.0,31.0,1.0,1.0,2.0,2.0,"Borivali East MPCB, Mumbai"
2024-10-13,47.0,28.0,1.0,1.0,2.0,2.0,"Borivali East MPCB, Mumbai"
2024-10-14,43.0,28.0,1.0,1.0,2.0,1.0,"Borivali East MPCB, Mumbai"
2024-10-15,43.0,33.0,1.0,1.0,2.0,2.0,"Borivali East MPCB, Mumbai"
2024-10-16,48.0,36.0,1.0,1.0,2.0,2.0,"Borivali East MPCB, Mumbai"
2024-10-17,51.0,33.0,1.0,1.0,2.0,2.0,"Borivali East MPCB, Mumbai"
2024-10-18,48.0,28.0,1.0,1.0,2.0,2.0,"Borivali East MPCB, Mumbai"
2024-10-19,41.0,28.0,1.0,1.0,2.0,2.0,"Borivali East MPCB, Mumbai"
2024-10-20,42.0,28.0,1.0,1.0,2.0,2.0,"Borivali East MPCB, Mumbai"
2024-10-21,42.0,30.0,1.0,1.0,2.0,2.0,"Borivali East MPCB, Mumbai"
2024-10-22,47.0,34.0,1.0,1.0,2.0,2.0,"Borivali East MPCB, Mumbai"
2024-10-23,51.0,41.0,2.0,1.0,2.0,2.0,"Borivali East MPCB, Mumbai"
2024-10-24,60.0,37.0,3.0,1.0,3.0,2.0,"Borivali East MPCB, Mumbai"
2024-10-25,54.0,37.0,3.0,1.0,3.0,2.0,"Borivali East MPCB, Mumbai"
2024-10-26,54.0,41.0,1.0,1.0,2.0,2.0,"Borivali East MPCB, Mumbai"
2024-10-27,57.0,39.0,4.0,1.0,2.0,2.0,"Borivali East MPCB, Mumbai"
2024-10-28,55.0,37.0,1.0,1.0,2.0,2.0,"Borivali East MPCB, Mumbai"
2024-10-29,53.0,49.0,3.0,1.0,2.0,2.0,"Borivali East MPCB, Mumbai"
2024-10-30,65.0,44.0,5.0,1.0,2.0,2.0,"Borivali East MPCB, Mumbai"
2024-10-31,66.0,44.0,3.5,1.0,2.5,2.5,"Borivali East MPCB, Mumbai"
2024-11-01,65.5,44.0,2.0,1.0,3.0,3.0,"Borivali East MPCB, Mumbai"
2024-11-02,65.0,58.0,1.0,1.0,3.0,3.0,"Borivali East MPCB, Mumbai"
2024-11-03,81.0,63.0,2.0,1.0,3.0,3.0,"Borivali East MPCB, Mumbai"
2024-11-04,88.0,66.0,2.0,1.0,3.0,3.0,"Borivali East MPCB, Mumbai"
2024-11-05,89.0,64.0,2.0,1.0,3.0,3.0,"Borivali East MPCB, Mumbai"
2024-11-06,86.0,65.0,3.0,1.0,3.0,3.0,"Borivali East MPCB, Mumbai"
2024-11-07,89.0,72.0,2.0,1.0,3.0,3.0,"Borivali East MPCB, Mumbai"
2024-11-08,98.0,74.0,1.0,1.0,3.0,3.0,"Borivali East MPCB, Mumbai"
2024-11-09,94.0,69.0,1.0,1.0,3.0,3.0,"Borivali East MPCB, Mumbai"
2024-11-10,97.0,69.0,1.0,1.0,3.0,3.0,"Borivali East MPCB, Mumbai"
2024-11-11,103.0,70.0,1.0,1.0,3.0,3.0,"Borivali East MPCB, Mumbai"
2024-11-12,101.0,64.0,1.0,1.0,3.0,3.0,"Borivali East MPCB, Mumbai"
2024-11-13,92.0,63.0,4.0,1.0,3.0,3.0,"Borivali East MPCB, Mumbai"
2024-11-14,89.0,65.0,5.0,1.0,3.0,3.0,"Borivali East MPCB, Mumbai"
2024-11-15,94.0,69.0,4.5,1.0,3.0,3.0,"Borivali East MPCB, Mumbai"
2024-11-16,96.0,73.0,4.0,1.0,3.0,3.0,"Borivali East MPCB, Mumbai"
2024-11-17,98.0,63.0,4.0,1.0,3.0,3.0,"Borivali East MPCB, Mumbai"
2024-11-18,89.0,64.0,10.5,1.0,3.0,3.0,"Borivali East MPCB, Mumbai"
2024-11-19,92.0,70.0,17.0,1.0,3.0,3.0,"Borivali East MPCB, Mumbai"
2024-11-20,100.0,72.0,27.0,2.0,3.0,3.0,"Borivali East MPCB, Mumbai"
2024-11-21,102.0,72.0,37.0,2.0,3.0,3.0,"Borivali East MPCB, Mumbai"
2024-11-22,106.0,80.0,53.0,3.0,3.0,3.0,"Borivali East MPCB, Mumbai"
2024-11-23,117.0,80.0,43.0,2.0,3.0,3.0,"Borivali East MPCB, Mumbai"
2024-11-24,119.0,76.0,41.0,2.0,3.0,3.0,"Borivali East MPCB, Mumbai"
2024-11-25,113.0,68.0,42.0,2.0,3.0,3.0,"Borivali East MPCB, Mumbai"
2024-11-26,98.0,67.0,41.0,2.0,3.0,3.0,"Borivali East MPCB, Mumbai"
2024-11-27,94.0,69.0,47.0,2.0,3.0,3.0,"Borivali East MPCB, Mumbai"
2024-11-28,93.0,63.0,42.0,2.0,3.0,3.0,"Borivali East MPCB, Mumbai"
2024-11-29,87.0,68.0,47.0,2.0,3.0,3.0,"Borivali East MPCB, Mumbai"
2024-11-30,96.0,78.0,37.0,2.0,3.0,3.0,"Borivali East MPCB, Mumbai"
2024-12-01,104.0,71.0,41.0,1.0,3.0,3.0,"Borivali East MPCB, Mumbai"
2024-12-02,110.0,73.0,29.0,3.0,3.0,3.0,"Borivali East MPCB, Mumbai"
2024-12-03,103.0,69.0,27.0,2.0,3.0,3.0,"Borivali East MPCB, Mumbai"
2024-12-04,99.0,73.0,50.0,3.0,3.0,3.0,"Borivali East MPCB, Mumbai"
2024-12-05,103.0,69.0,39.0,3.0,3.0,3.0,"Borivali East MPCB, Mumbai"
2024-12-06,96.0,63.0,5.0,1.0,3.0,3.0,"Borivali East MPCB, Mumbai"
2024-12-07,97.0,125.5,9.0,2.0,5.0,5.0,"Borivali East MPCB, Mumbai"
2024-12-08,127.0,188.0,13.0,3.0,7.0,7.0,"Borivali East MPCB, Mumbai"
2024-12-09,157.0,71.0,40.0,5.0,9.0,9.0,"Borivali East MPCB, Mumbai"
2024-12-10,85.0,67.0,45.0,3.0,4.0,4.0,"Borivali East MPCB, Mumbai"
2024-12-11,88.0,65.0,42.0,3.0,4.0,3.0,"Borivali East MPCB, Mumbai"
2024-12-12,89.0,67.0,45.0,3.0,5.0,4.0,"Borivali East MPCB, Mumbai"
2024-12-13,91.0,71.0,49.0,4.0,4.0,4.0,"Borivali East MPCB, Mumbai"
2024-12-14,93.0,67.0,46.0,4.0,4.0,4.0,"Borivali East MPCB, Mumbai"
2024-12-15,91.0,57.0,15.0,2.0,4.0,4.0,"Borivali East MPCB, Mumbai"
2024-12-16,86.0,65.66666666666667,14.333333333333334,2.6666666666666665,4.095238095238095,3.7,"Borivali East MPCB, Mumbai"
2024-12-18,109.33333333333334,83.0,13.0,4.0,4.285714285714286,3.1,"Borivali East MPCB, Mumbai"
2024-12-19,121.0,85.0,55.0,4.0,4.380952380952381,2.8,"Borivali East MPCB, Mumbai"
2024-12-20,124.0,90.0,46.0,5.0,4.095238095238095,3.0,"Borivali East MPCB, Mumbai"
2024-12-21,130.0,82.0,34.0,3.0,4.095238095238095,3.0,"Borivali East MPCB, Mumbai"
2024-12-22,118.0,73.0,35.0,3.0,4.095238095238095,3.0,"Borivali East MPCB, Mumbai"
2024-12-23,105.0,83.0,61.0,6.0,4.095238095238095,3.0,"Borivali East MPCB, Mumbai"
2024-12-24,123.0,92.0,40.0,9.0,4.095238095238095,3.0,"Borivali East MPCB, Mumbai"
2024-12-25,125.0,92.0,43.0,6.0,4.095238095238095,1.0,"Borivali East MPCB, Mumbai"
2024-12-26,171.0,91.0,40.0,4.0,4.095238095238095,1.0,"Borivali East MPCB, Mumbai"
2024-12-27,113.0,94.0,46.0,6.0,4.095238095238095,1.0,"Borivali East MPCB, Mumbai"
2024-12-28,146.0,69.0,37.0,4.0,4.095238095238095,1.0,"Borivali East MPCB, Mumbai"
2024-12-29,106.0,66.0,28.0,3.6666666666666665,4.095238095238095,1.0,"Borivali East MPCB, Mumbai"
2024-12-31,99.33333333333333,60.0,10.0,3.0,4.095238095238095,1.0,"Borivali East MPCB, Mumbai"
2025-01-01,96.0,59.0,45.0,3.0,5.0,1.0,"Borivali East MPCB, Mumbai"
2025-01-02,89.0,51.0,38.0,3.0,5.0,1.0,"Borivali East MPCB, Mumbai"
2025-01-03,75.0,54.0,46.5,5.0,5.0,1.0,"Borivali East MPCB, Mumbai"
2025-01-04,78.0,67.0,55.0,7.0,5.0,1.0,"Borivali East MPCB, Mumbai"
2025-01-05,98.0,68.0,30.0,5.0,6.0,1.0,"Borivali East MPCB, Mumbai"
2025-01-06,99.0,65.0,27.0,4.0,5.0,1.0,"Borivali East MPCB, Mumbai"
2025-01-07,97.0,69.0,30.0,5.0,5.0,1.0,"Borivali East MPCB, Mumbai"
2025-01-08,101.0,64.0,32.0,4.0,4.0,1.0,"Borivali East MPCB, Mumbai"
2025-01-09,94.0,58.0,27.0,3.0,4.0,1.0,"Borivali East MPCB, Mumbai"
2025-01-10,93.0,62.333333333333336,20.5,3.6666666666666665,4.333333333333333,1.0,"Borivali East MPCB, Mumbai"
2025-01-12,97.66666666666667,71.0,7.5,5.0,5.0,1.0,"Borivali East MPCB, Mumbai"
2025-01-13,100.0,72.0,1.0,5.0,4.0,1.0,"Borivali East MPCB, Mumbai"
2025-01-14,106.0,75.0,1.0264900662251655,6.0,5.0,1.0,"Borivali East MPCB, Mumbai"
2025-01-15,115.0,79.0,1.0529801324503312,6.0,5.0,1.0,"Borivali East MPCB, Mumbai"
2025-01-16,122.0,72.0,1.0794701986754967,4.0,5.0,1.0,"Borivali East MPCB, Mumbai"
2025-01-17,110.0,67.0,11.0,4.0,5.0,1.0,"Borivali East MPCB, Mumbai"
2025-01-18,99.0,64.0,11.0,3.0,4.0,1.0,"Borivali East MPCB, Mumbai"
2025-01-19,99.0,66.0,11.0,4.0,4.0,1.0,"Borivali East MPCB, Mumbai"
2025-01-20,98.0,67.0,11.0,5.0,4.0,1.0,"Borivali East MPCB, Mumbai"
2025-01-21,99.0,77.0,11.0,9.0,5.0,1.0,"Borivali East MPCB, Mumbai"
2025-01-22,112.0,74.0,11.0,7.0,5.0,1.0,"Borivali East MPCB, Mumbai"
2025-01-23,103.0,68.0,11.0,6.0,5.0,1.0,"Borivali East MPCB, Mumbai"
2025-01-24,96.0,75.0,11.0,7.0,5.0,1.0,"Borivali East MPCB, Mumbai"
2025-01-25,112.0,79.0,11.0,7.0,5.0,1.0,"Borivali East MPCB, Mumbai"
2025-01-26,103.0,71.0,11.0,8.0,5.0,1.0,"Borivali East MPCB, Mumbai"
2025-01-27,101.0,59.0,11.0,8.0,5.0,1.0,"Borivali East MPCB, Mumbai"
2025-01-28,84.0,50.0,11.0,5.0,4.0,1.0,"Borivali East MPCB, Mumbai"
2025-01-29,73.0,65.0,11.0,6.0,5.0,1.0,"Borivali East MPCB, Mumbai"
2025-01-30,91.0,54.0,11.0,5.0,4.0,1.0,"Borivali East MPCB, Mumbai"
2025-01-31,75.0,56.0,11.0,4.0,4.0,1.0,"Borivali East MPCB, Mumbai"
2025-02-01,77.0,67.0,19.0,7.0,4.0,1.0,"Borivali East MPCB, Mumbai"
2025-02-02,86.0,63.0,19.0,5.0,4.0,1.0,"Borivali East MPCB, Mumbai"
2025-02-03,85.0,59.0,19.0,5.0,4.0,1.0,"Borivali East MPCB, Mumbai"
2025-02-04,82.0,61.0,19.0,6.0,4.0,1.0,"Borivali East MPCB, Mumbai"
2025-02-05,81.0,66.0,19.0,8.0,5.0,1.0,"Borivali East MPCB, Mumbai"
2025-02-06,92.0,76.0,19.0,8.0,6.0,1.0,"Borivali East MPCB, Mumbai"
2025-02-07,104.0,67.0,19.0,6.0,6.0,1.0,"Borivali East MPCB, Mumbai"
2025-02-08,97.0,65.0,19.0,7.0,6.0,1.0,"Borivali East MPCB, Mumbai"
2025-02-09,90.0,58.0,19.0,8.0,5.0,1.0,"Borivali East MPCB, Mumbai"
2025-02-10,84.0,65.0,19.0,7.0,5.0,1.0,"Borivali East MPCB, Mumbai"
2025-02-11,93.0,65.0,19.0,7.0,5.0,1.0,"Borivali East MPCB, Mumbai"
2025-02-12,92.0,58.0,19.0,4.0,5.0,1.0,"Borivali East MPCB, Mumbai"
2025-02-13,83.0,59.0,19.0,5.0,5.0,1.0,"Borivali East MPCB, Mumbai"
2025-02-14,89.0,71.0,19.0,10.0,7.0,1.0,"Borivali East MPCB, Mumbai"
2025-02-15,98.0,62.0,19.0,8.0,5.0,1.0,"Borivali East MPCB, Mumbai"
2025-02-16,87.0,51.0,19.0,6.0,4.0,1.0,"Borivali East MPCB, Mumbai"
2025-02-17,76.0,58.0,19.0,7.666666666666667,5.333333333333333,1.3333333333333333,"Borivali East MPCB, Mumbai"
2025-02-19,91.33333333333333,72.0,19.0,11.0,8.0,2.0,"Borivali East MPCB, Mumbai"
2025-02-20,99.0,59.0,19.0,7.0,6.0,1.0,"Borivali East MPCB, Mumbai"
2025-02-21,81.0,65.0,19.0,8.0,7.0,1.0,"Borivali East MPCB, Mumbai"
2025-02-22,83.0,62.0,19.0,7.0,5.0,1.0,"Borivali East MPCB, Mumbai"
2025-02-23,82.0,57.0,19.0,6.0,7.0,1.0,"Borivali East MPCB, Mumbai"
2025-02-24,78.0,65.0,19.0,8.0,6.0,1.0,"Borivali East MPCB, Mumbai"
2025-02-25,84.0,74.0,19.0,6.0,4.0,1.0,"Borivali East MPCB, Mumbai"
2025-02-26,84.0,100.0,19.0,8.0,5.0,1.0,"Borivali East MPCB, Mumbai"
2025-02-27,156.0,126.0,19.0,10.0,6.0,1.0,"Borivali East MPCB, Mumbai"
2025-02-28,105.0,76.0,19.0,13.0,7.0,1.0,"Borivali East MPCB, Mumbai"
2025-03-01,92.0,69.0,20.0,8.0,6.0,1.0,"Borivali East MPCB, Mumbai"
2025-03-02,83.0,59.0,20.0,8.0,5.0,1.0,"Borivali East MPCB, Mumbai"
2025-03-03,80.0,87.0,20.0,11.0,16.0,4.0,"Borivali East MPCB, Mumbai"
2025-03-04,85.0,70.0,20.0,9.0,9.0,2.0,"Borivali East MPCB, Mumbai"
2025-03-05,77.0,64.0,20.0,11.0,7.0,1.0,"Borivali East MPCB, Mumbai"
2025-03-06,77.0,69.0,20.0,13.0,8.0,1.0,"Borivali East MPCB, Mumbai"
2025-03-07,91.0,88.0,20.0,12.0,10.0,2.0,"Borivali East MPCB, Mumbai"
2025-03-08,125.0,75.0,20.0,11.0,10.0,2.0,"Borivali East MPCB, Mumbai"
2025-03-09,110.0,85.0,20.0,12.0,13.0,3.0,"Borivali East MPCB, Mumbai"
2025-03-10,125.0,80.0,20.0,12.5,13.0,3.0,"Borivali East MPCB, Mumbai"
2025-03-11,120.0,76.0,20.0,13.0,15.0,3.0,"Borivali East MPCB, Mumbai"
2025-03-12,112.0,69.0,20.0,13.0,13.0,3.0,"Borivali East MPCB, Mumbai"
2025-03-13,95.0,66.0,20.0,8.0,12.0,3.0,"Borivali East MPCB, Mumbai"
2025-03-14,91.0,49.0,20.0,7.0,12.0,2.0,"Borivali East MPCB, Mumbai"
2025-03-15,69.0,54.0,20.0,7.0,9.0,2.0,"Borivali East MPCB, Mumbai"
2025-03-16,74.0,60.0,20.0,6.0,7.0,1.0,"Borivali East MPCB, Mumbai"
2025-03-17,83.0,60.0,20.0,8.0,12.0,2.0,"Borivali East MPCB, Mumbai"
2025-03-18,73.0,56.0,20.0,6.0,7.0,1.0,"Borivali East MPCB, Mumbai"
2025-03-19,75.0,58.0,20.0,8.0,9.0,2.0,"Borivali East MPCB, Mumbai"
2025-03-20,77.0,53.0,20.0,6.0,8.0,1.0,"Borivali East MPCB, Mumbai"
2025-03-21,71.0,48.0,20.0,5.0,8.0,1.0,"Borivali East MPCB, Mumbai"
2025-03-22,65.0,58.0,20.0,8.0,10.0,2.0,"Borivali East MPCB, Mumbai"
2025-03-23,75.0,59.0,20.0,9.0,10.0,2.0,"Borivali East MPCB, Mumbai"
2025-03-24,82.0,60.0,20.0,8.0,10.0,2.0,"Borivali East MPCB, Mumbai"
2025-03-25,83.0,49.0,20.0,6.0,9.0,2.0,"Borivali East MPCB, Mumbai"
2025-03-26,68.0,42.0,20.0,4.0,6.0,1.0,"Borivali East MPCB, Mumbai"
2025-03-27,61.0,50.0,20.0,5.0,6.0,1.0,"Borivali East MPCB, Mumbai"
2025-03-28,69.0,75.0,20.0,6.0,8.0,2.0,"Borivali East MPCB, Mumbai"
2025-03-29,83.0,105.0,20.0,7.0,8.0,2.0,"Borivali East MPCB, Mumbai"
2025-03-30,97.0,85.5,20.0,8.0,10.0,2.5,"Borivali East MPCB, Mumbai"
2025-03-31,89.0,66.0,20.0,5.0,12.0,3.0,"Borivali East MPCB, Mumbai"
2025-04-01,81.0,68.0,10.0,3.0,15.0,3.0,"Borivali East MPCB, Mumbai"
2025-04-02,88.0,58.0,10.0,11.0,13.0,3.0,"Borivali East MPCB, Mumbai"
2025-04-03,79.0,55.0,10.0,8.0,14.0,3.0,"Borivali East MPCB, Mumbai"
2025-04-04,72.0,57.0,10.0,8.0,7.0,1.0,"Borivali East MPCB, Mumbai"
2025-04-05,148.0,57.0,10.0,9.0,5.0,1.0,"Borivali East MPCB, Mumbai"
2025-04-06,146.0,59.0,10.0,9.0,7.0,1.0,"Borivali East MPCB, Mumbai"
2025-04-07,144.0,63.0,10.0,11.0,8.0,1.0,"Borivali East MPCB, Mumbai"
2025-04-08,142.0,56.0,10.0,9.0,9.0,2.0,"Borivali East MPCB, Mumbai"
2025-04-09,102.0,48.0,10.0,5.0,3.0,1.9285714285714286,"Borivali East MPCB, Mumbai"
2025-04-10,80.0,44.0,10.0,4.0,2.0,1.8571428571428572,"Borivali East MPCB, Mumbai"
2025-04-11,64.0,40.0,10.0,3.0,2.0,1.7857142857142858,"Borivali East MPCB, Mumbai"
2025-04-12,64.0,41.81818181818182,10.0,3.0,2.090909090909091,2.0,"Borivali East MPCB, Mumbai"
2025-04-22,69.45454545454545,60.0,10.0,3.0,3.0,1.0,"Borivali East MPCB, Mumbai"
2025-04-23,70.0,53.0,10.0,4.0,3.0,1.0,"Borivali East MPCB, Mumbai"
2025-04-24,67.0,46.0,10.0,3.0,3.0,1.0,"Borivali East MPCB, Mumbai"
2025-04-25,62.0,45.0,10.0,2.0,3.0,1.0,"Borivali East MPCB, Mumbai"
2025-04-26,62.0,76.0,10.0,2.0,3.0,2.0,"Borivali East MPCB, Mumbai"
2025-04-27,64.0,99.0,10.0,2.0,2.0,2.0,"Borivali East MPCB, Mumbai"
2025-04-28,64.0,72.0,10.0,3.0,2.0,2.0,"Borivali East MPCB, Mumbai"
2025-04-29,67.0,62.0,10.0,2.0,3.0,2.0,"Borivali East MPCB, Mumbai"
2025-04-30,79.0,45.0,10.0,1.0,3.0,2.0,"Borivali East MPCB, Mumbai"
2025-05-01,63.0,45.0,12.0,1.0,3.0,1.0,"Borivali East MPCB, Mumbai"
2025-05-02,62.0,43.0,12.0,2.0,2.0,1.0,"Borivali East MPCB, Mumbai"
2025-05-03,61.0,42.0,12.0,1.0,2.0,1.0,"Borivali East MPCB, Mumbai"
2025-05-04,59.0,44.0,12.0,2.0,2.0,1.0,"Borivali East MPCB, Mumbai"
2025-05-05,63.0,44.0,12.0,2.0,2.0,1.0,"Borivali East MPCB, Mumbai"
2025-05-06,60.0,37.0,12.0,3.0,2.0,1.0,"Borivali East MPCB, Mumbai"
2025-05-07,57.0,30.0,12.0,4.0,2.0,1.0,"Borivali East MPCB, Mumbai"
2025-05-08,54.0,33.0,12.0,3.0,2.0,1.0,"Borivali East MPCB, Mumbai"
2025-05-09,54.0,32.0,12.0,2.0,2.0,1.0,"Borivali East MPCB, Mumbai"
2025-05-10,55.0,34.0,12.0,2.0,2.0,1.0,"Borivali East MPCB, Mumbai"
2025-05-11,57.0,31.0,12.0,2.0,1.0,1.0,"Borivali East MPCB, Mumbai"
2025-05-12,56.0,38.0,12.0,1.0,2.0,1.0,"Borivali East MPCB, Mumbai"
2025-05-13,60.0,53.0,12.0,2.0,1.0,1.0,"Borivali East MPCB, Mumbai"
2025-05-14,65.0,44.0,12.0,2.0,2.0,1.0,"Borivali East MPCB, Mumbai"
2025-05-15,64.0,40.0,12.0,1.0,1.0,1.0,"Borivali East MPCB, Mumbai"
2025-05-16,59.0,36.0,12.0,1.0,1.0,1.0,"Borivali East MPCB, Mumbai"
2025-05-17,58.0,37.0,12.0,2.0,1.0,1.0,"Borivali East MPCB, Mumbai"
2025-05-18,58.0,42.0,12.0,1.0,1.0,1.0,"Borivali East MPCB, Mumbai"
2025-05-19,58.0,61.0,12.0,1.0,1.0,1.0,"Borivali East MPCB, Mumbai"
2025-05-20,60.0,35.0,12.0,3.0,1.0,1.0,"Borivali East MPCB, Mumbai"
2025-05-21,60.0,55.0,12.0,4.0,1.0,1.0,"Borivali East MPCB, Mumbai"
2025-05-22,59.0,64.0,12.0,2.0,1.0,1.0,"Borivali East MPCB, Mumbai"
2025-05-23,65.0,72.0,12.0,3.0,1.0,1.0,"Borivali East MPCB, Mumbai"
2025-05-24,69.0,120.0,12.0,1.0,1.0,1.0,"Borivali East MPCB, Mumbai"
2025-05-25,61.0,108.0,12.0,1.0,1.0,1.0,"Borivali East MPCB, Mumbai"
2025-05-26,57.0,34.0,12.0,3.0,1.0,1.0,"Borivali East MPCB, Mumbai"
2025-05-27,59.0,38.0,12.0,2.0,1.0,1.0,"Borivali East MPCB, Mumbai"
2025-05-28,60.0,80.0,12.0,2.0,2.0,1.0,"Borivali East MPCB, Mumbai"
2025-05-29,62.0,72.0,12.0,1.8,2.0,1.0,"Borivali East MPCB, Mumbai"
2025-06-02,59.6,40.0,7.0,1.0,2.0,3.0,"Borivali East MPCB, Mumbai"
2025-06-03,59.0,31.0,7.0,2.0,2.0,3.0,"Borivali East MPCB, Mumbai"
2025-06-04,57.0,52.0,7.0,2.0,2.0,3.0,"Borivali East MPCB, Mumbai"
2025-06-05,64.0,49.0,7.0,1.0,2.0,3.0,"Borivali East MPCB, Mumbai"
2025-06-06,61.0,41.0,7.0,1.0,2.0,3.0,"Borivali East MPCB, Mumbai"
2025-06-07,57.0,53.0,7.0,1.0,2.0,3.0,"Borivali East MPCB, Mumbai"
2025-06-08,63.0,48.0,7.0,1.0,2.0,3.0,"Borivali East MPCB, Mumbai"
2025-06-09,60.0,40.0,7.0,1.0,2.0,3.0,"Borivali East MPCB, Mumbai"
2025-06-10,57.0,33.0,7.0,1.0,2.0,3.0,"Borivali East MPCB, Mumbai"
2025-06-11,55.0,41.0,7.0,1.0,2.0,3.0,"Borivali East MPCB, Mumbai"
2025-06-12,58.0,39.0,7.0,1.0,2.0,3.0,"Borivali East MPCB, Mumbai"
2025-06-13,57.0,36.666666666666664,5.0,1.0,4.0,1.0,"Borivali East MPCB, Mumbai"
2025-06-14,31.0,34.333333333333336,6.0,2.0,3.0,1.0,"Borivali East MPCB, Mumbai"
2025-06-15,42.5,32.0,7.0,3.0,2.0,1.0,"Borivali East MPCB, Mumbai"
2025-06-16,54.0,43.0,7.0,2.0,2.0,1.0,"Borivali East MPCB, Mumbai"
2025-06-17,58.0,35.0,6.0,2.0,2.0,3.0,"Borivali East MPCB, Mumbai"
2025-06-18,55.0,35.0,4.0,1.0,2.0,3.0,"Borivali East MPCB, Mumbai"
2025-06-19,55.0,37.0,3.0,1.0,2.0,3.0,"Borivali East MPCB, Mumbai"
2025-06-20,56.0,38.0,3.0,1.0,2.0,3.0,"Borivali East MPCB, Mumbai"
2025-06-21,56.0,38.0,3.0,1.0,2.0,3.0,"Borivali East MPCB, Mumbai"
2025-06-22,56.0,43.0,3.0,1.0,2.0,3.0,"Borivali East MPCB, Mumbai"
2025-06-23,58.0,44.0,3.0,1.0,2.0,3.0,"Borivali East MPCB, Mumbai"
2025-06-24,58.0,44.0,3.0,1.0,2.0,3.0,"Borivali East MPCB, Mumbai"
2025-06-25,59.0,46.0,3.0,1.0,2.0,3.0,"Borivali East MPCB, Mumbai"
2025-06-26,59.0,46.0,2.0,1.0,2.0,3.0,"Borivali East MPCB, Mumbai"
2025-06-27,59.0,50.0,3.0,1.0,2.0,3.0,"Borivali East MPCB, Mumbai"
2025-06-28,61.0,41.0,2.0,1.0,2.0,3.0,"Borivali East MPCB, Mumbai"
2025-06-29,57.0,44.0,2.0,1.0,2.0,3.0,"Borivali East MPCB, Mumbai"
2025-06-30,58.0,39.0,2.0,1.0,2.0,3.0,"Borivali East MPCB, Mumbai"
2025-07-01,57.0,36.0,2.0,1.0,2.0,2.0,"Borivali East MPCB, Mumbai"
2025-07-02,56.0,41.0,3.0,1.0,2.0,2.0,"Borivali East MPCB, Mumbai"
2025-07-03,58.0,49.0,2.0,1.0,2.0,2.0,"Borivali East MPCB, Mumbai"
2025-07-04,29.0,57.0,2.0,1.0,2.0,2.0,"Borivali East MPCB, Mumbai"
2025-07-05,29.0,65.0,2.0,1.0,2.0,2.0,"Borivali East MPCB, Mumbai"
2025-07-06,49.5,73.0,3.0,1.0,2.0,2.0,"Borivali East MPCB, Mumbai"
2025-07-07,70.0,60.5,8.5,1.0,3.5,2.0,"Borivali East MPCB, Mumbai"
2025-07-08,65.5,48.0,14.0,1.0,5.0,1.0,"Borivali East MPCB, Mumbai"
2025-07-09,61.0,30.0,14.0,1.0,5.0,1.0,"Borivali East MPCB, Mumbai"
2025-07-10,52.0,31.0,14.0,1.0,4.0,1.0,"Borivali East MPCB, Mumbai"
2025-07-11,53.0,28.0,13.0,1.0,4.0,1.0,"Borivali East MPCB, Mumbai"
2025-07-12,50.0,22.0,12.0,2.0,4.0,1.0,"Borivali East MPCB, Mumbai"
2025-07-13,39.0,18.0,12.0,2.0,3.0,1.0,"Borivali East MPCB, Mumbai"
2025-07-14,31.0,23.0,12.0,2.0,3.0,1.0,"Borivali East MPCB, Mumbai"
2025-07-15,41.0,30.0,11.0,2.0,3.0,1.0,"Borivali East MPCB, Mumbai"
2025-07-16,53.0,25.0,11.0,2.0,2.0,1.0,"Borivali East MPCB, Mumbai"
2025-07-17,44.0,23.0,10.0,2.0,2.0,1.0,"Borivali East MPCB, Mumbai"
2025-07-18,39.0,24.0,9.333333333333334,2.0,2.0,2.0,"Borivali East MPCB, Mumbai"
2025-07-20,44.333333333333336,26.0,8.0,2.0,2.0,2.0,"Borivali East MPCB, Mumbai"
2025-07-21,47.0,27.0,9.0,2.0,2.0,2.0,"Borivali East MPCB, Mumbai"
2025-07-22,47.0,25.0,8.0,2.0,2.0,2.0,"Borivali East MPCB, Mumbai"
2025-07-23,46.0,26.0,8.0,2.0,2.0,2.0,"Borivali East MPCB, Mumbai"
2025-07-24,47.0,25.0,7.0,1.0,2.0,2.0,"Borivali East MPCB, Mumbai"
2025-07-25,43.0,28.0,7.0,1.0,2.0,2.0,"Borivali East MPCB, Mumbai"
2025-07-26,48.0,27.0,7.0,1.0,2.0,2.0,"Borivali East MPCB, Mumbai"
2025-07-27,47.0,23.0,8.0,1.0,2.0,2.0,"Borivali East MPCB, Mumbai"
2025-07-28,42.0,27.0,7.0,1.0,2.0,2.0,"Borivali East MPCB, Mumbai"
2025-07-29,50.0,28.0,7.0,1.0,2.0,2.0,"Borivali East MPCB, Mumbai"
2025-07-30,49.0,31.0,6.0,1.0,2.0,2.0,"Borivali East MPCB, Mumbai"
2025-07-31,55.0,24.0,7.0,1.0,2.0,2.0,"Borivali East MPCB, Mumbai"
2025-08-01,42.0,31.0,6.0,1.0,2.0,2.0,"Borivali East MPCB, Mumbai"
2025-08-02,55.0,25.0,6.0,1.2,1.0,2.0,"Borivali East MPCB, Mumbai"
2025-08-03,44.0,25.0,6.0,1.4,1.0,2.0,"Borivali East MPCB, Mumbai"
2025-08-04,45.0,25.0,5.666666666666667,1.6,1.3333333333333333,2.0,"Borivali East MPCB, Mumbai"
2025-08-06,46.333333333333336,25.0,5.0,2.0,2.0,2.0,"Borivali East MPCB, Mumbai"
2025-08-07,47.0,27.5,4.5,1.9285714285714286,2.0,2.0,"Borivali East MPCB, Mumbai"
2025-08-08,50.5,30.0,4.0,1.8571428571428572,2.0,2.0,"Borivali East MPCB, Mumbai"
2025-08-09,54.0,23.0,5.0,1.7857142857142858,2.0,2.0,"Borivali East MPCB, Mumbai"
2025-08-10,41.0,26.0,4.0,1.0,2.0,2.0,"Borivali East MPCB, Mumbai"
2025-08-11,47.0,23.0,6.0,1.0,2.0,2.0,"Borivali East MPCB, Mumbai"
2025-08-12,41.0,21.0,4.0,1.0,2.0,2.0,"Borivali East MPCB, Mumbai"
2025-08-13,35.0,22.625,4.0,1.0,1.8888888888888888,2.0,"Borivali East MPCB, Mumbai"
2025-08-20,56.0,34.0,4.0,1.0,1.1111111111111112,2.0,"Borivali East MPCB, Mumbai"
2025-08-21,59.0,25.0,4.0,1.0,1.0,2.0,"Borivali East MPCB, Mumbai"
2025-08-22,44.0,24.0,5.0,1.0,1.0,2.0,"Borivali East MPCB, Mumbai"
2025-08-23,43.0,21.0,4.0,1.0,1.0,2.0,"Borivali East MPCB, Mumbai"
2025-08-24,38.0,20.0,4.0,1.0,1.0,2.0,"Borivali East MPCB, Mumbai"
2025-08-25,35.0,198.0,4.0,1.0,1.0,2.0,"Borivali East MPCB, Mumbai"
2025-08-26,174.0,120.0,4.0,1.0,1.0,2.0,"Borivali East MPCB, Mumbai"
2025-08-27,120.0,42.0,7.0,1.0,1.0,2.0,"Borivali East MPCB, Mumbai"
2025-08-28,66.0,25.0,5.0,1.0,2.0,2.0,"Borivali East MPCB, Mumbai"
2025-08-29,44.0,31.0,9.0,1.0,1.0,2.0,"Borivali East MPCB, Mumbai"
2025-08-30,55.0,24.0,6.5,1.0,1.0,2.0,"Borivali East MPCB, Mumbai"
2025-08-31,44.0,85.0,4.0,1.0,1.0,2.0,"Borivali East MPCB, Mumbai"
2025-09-01,77.0,35.0,4.0,1.0,2.0,3.0,"Borivali East MPCB, Mumbai"
2025-09-02,53.0,43.0,3.0,2.0,1.0,3.0,"Borivali East MPCB, Mumbai"
2025-09-03,54.0,27.0,4.0,2.0,1.0,3.0,"Borivali East MPCB, Mumbai"
2025-09-04,50.0,28.0,4.0,2.0,1.0,3.0,"Borivali East MPCB, Mumbai"
2025-09-05,53.0,22.0,4.0,1.0,1.0,3.0,"Borivali East MPCB, Mumbai"
2025-09-06,54.0,19.0,3.0,1.0,1.0,3.0,"Borivali East MPCB, Mumbai"
2025-09-07,58.0,19.0,3.0,1.0,1.0,3.0,"Borivali East MPCB, Mumbai"
2025-09-08,62.0,19.0,2.0,1.0,1.0,3.0,"Borivali East MPCB, Mumbai"
2025-09-09,59.0,19.0,2.0,2.0,1.0,3.0,"Borivali East MPCB, Mumbai"
2025-09-10,60.0,19.0,2.0,2.0,1.0,3.0,"Borivali East MPCB, Mumbai"
2025-09-11,53.0,19.0,3.0,2.0,1.0,3.0,"Borivali East MPCB, Mumbai"
2025-09-12,47.0,19.0,5.0,2.0,1.0,3.0,"Borivali East MPCB, Mumbai"
2025-09-13,56.0,23.1,5.0,1.0,1.0,3.0,"Borivali East MPCB, Mumbai"
2025-09-14,77.0,27.2,4.866666666666666,1.0714285714285714,1.0,3.0,"Borivali East MPCB, Mumbai"
2025-09-15,58.0,31.3,4.733333333333333,1.1428571428571428,1.0,3.0,"Borivali East MPCB, Mumbai"
2025-09-16,54.0,28.0,4.6,1.2142857142857142,1.0,3.0,"Borivali East MPCB, Mumbai"
2025-09-17,66.0,28.0,5.0,2.0,1.0,3.0,"Borivali East MPCB, Mumbai"
2025-09-18,44.0,28.0,5.0,2.0,1.0,3.0,"Borivali East MPCB, Mumbai"
2025-09-19,49.0,28.0,5.0,2.0,1.0,3.0,"Borivali East MPCB, Mumbai"
2025-09-20,50.0,28.0,5.0,2.0,1.0,3.0,"Borivali East MPCB, Mumbai"
2025-09-21,41.0,28.0,5.0,2.0,1.0,3.0,"Borivali East MPCB, Mumbai"
2025-09-22,49.0,28.0,5.0,2.0,1.0,3.0,"Borivali East MPCB, Mumbai"
2025-09-23,52.0,28.0,5.0,2.0,1.0,3.0,"Borivali East MPCB, Mumbai"
2025-09-24,43.0,28.0,5.0,2.0,1.0,3.0,"Borivali East MPCB, Mumbai"
2025-09-25,44.0,28.0,5.0,2.0,1.0,3.0,"Borivali East MPCB, Mumbai"
2025-09-26,52.0,28.0,5.0,2.0,1.0,3.0,"Borivali East MPCB, Mumbai"
2025-09-27,58.0,28.0,5.0,2.0,1.0,3.0,"Borivali East MPCB, Mumbai"
2025-09-28,48.0,28.0,5.0,2.0,1.0,3.0,"Borivali East MPCB, Mumbai"
2025-09-29,67.0,28.0,5.0,1.0,1.0,3.0,"Borivali East MPCB, Mumbai"
2025-09-30,58.0,28.0,5.0,1.0,1.0,3.0,"Borivali East MPCB, Mumbai"
2025-10-01,58.0,44.0,9.0,1.0,1.0,3.0,"Borivali East MPCB, Mumbai"
2025-10-02,49.0,44.0,9.0,1.0,1.0,3.0,"Borivali East MPCB, Mumbai"
2025-10-03,48.0,44.0,9.0,1.0,1.0,3.0,"Borivali East MPCB, Mumbai"
2025-10-04,43.0,44.0,9.0,1.0,1.0,3.0,"Borivali East MPCB, Mumbai"
2025-10-05,58.0,44.0,9.0,1.0,1.0,3.0,"Borivali East MPCB, Mumbai"
2025-10-06,61.0,44.0,9.0,2.0,1.0,3.0,"Borivali East MPCB, Mumbai"
2025-10-07,48.0,44.0,9.0,1.0,1.0,3.0,"Borivali East MPCB, Mumbai"
2025-10-08,63.0,44.0,9.0,1.0,1.0,3.0,"Borivali East MPCB, Mumbai"
2025-10-09,111.0,44.0,9.0,1.0,1.0,3.0,"Borivali East MPCB, Mumbai"
2025-10-10,119.0,44.0,9.0,1.0,1.0,3.0,"Borivali East MPCB, Mumbai"
2025-10-11,134.0,44.0,9.0,1.0,2.0,3.0,"Borivali East MPCB, Mumbai"
2025-10-12,136.0,142.0,9.0,2.0,1.0,3.0,"Borivali East MPCB, Mumbai"
2025-10-13,125.0,60.0,1.0,1.0,1.0,3.0,"Borivali East MPCB, Mumbai"
2025-10-14,107.0,55.25,1.25,1.5,1.75,3.0,"Borivali East MPCB, Mumbai"
2025-10-17,77.0,41.0,2.0,3.0,4.0,1.0,"Borivali East MPCB, Mumbai"
2025-10-18,67.0,85.0,5.0,1.0,5.0,1.0,"Borivali East MPCB, Mumbai"
2025-10-19,147.0,108.0,6.0,1.0,5.0,1.0,"Borivali East MPCB, Mumbai"
2025-10-20,166.0,93.0,6.0,1.0,8.0,1.0,"Borivali East MPCB, Mumbai"
2025-10-21,152.0,59.0,6.0,1.0,10.0,2.0,"Borivali East MPCB, Mumbai"
2025-10-22,104.0,53.0,6.0,1.0,10.0,2.0,"Borivali East MPCB, Mumbai"
2025-10-23,93.0,43.0,5.0,1.0,9.0,2.0,"Borivali East MPCB, Mumbai"
2025-10-24,78.0,21.0,5.0,1.0,10.0,2.0,"Borivali East MPCB, Mumbai"
2025-10-25,45.0,31.0,4.0,1.5,10.0,2.0,"Borivali East MPCB, Mumbai"
2025-10-26,59.0,21.0,6.0,2.0,8.0,2.0,"Borivali East MPCB, Mumbai"
2025-10-27,45.0,41.0,5.0,2.0,7.0,2.0,"Borivali East MPCB, Mumbai"
2025-10-28,73.0,50.0,4.714285714285714,2.0,6.0,1.0,"Borivali East MPCB, Mumbai"
2025-10-29,84.0,33.0,4.428571428571429,2.0,6.0,1.0,"Borivali East MPCB, Mumbai"
2025-10-30,62.0,57.6,4.142857142857143,2.0,5.6,1.0,"Borivali East MPCB, Mumbai"
2025-11-03,139.6,156.0,3.0,2.0,4.0,1.0,"Borivali East MPCB, Mumbai"
2025-11-04,159.0,37.0,4.0,1.0,4.0,1.0,"Borivali East MPCB, Mumbai"
2025-11-05,68.0,55.0,4.0,1.0,3.0,1.0,"Borivali East MPCB, Mumbai"
2025-11-06,100.0,68.0,4.0,1.0,3.0,1.0,"Borivali East MPCB, Mumbai"
2025-11-07,126.0,58.0,3.0,1.0,3.0,1.0,"Borivali East MPCB, Mumbai"
2025-11-08,101.0,51.0,3.0,1.0,3.0,1.0,"Borivali East MPCB, Mumbai"
2025-11-09,87.0,55.0,3.0,1.0,3.0,1.0,"Borivali East MPCB, Mumbai"
2025-11-10,93.0,62.0,2.75,1.3333333333333333,3.3333333333333335,1.0,"Borivali East MPCB, Mumbai"
2025-11-12,127.0,76.0,2.25,2.0,4.0,3.0,"Borivali East MPCB, Mumbai"
2025-11-13,144.0,89.0,2.0,5.0,4.0,1.0,"Borivali East MPCB, Mumbai"
2025-11-14,156.0,84.0,3.0,9.0,5.0,1.0,"Borivali East MPCB, Mumbai"
2025-11-15,142.0,81.0,4.0,4.0,4.0,1.0,"Borivali East MPCB, Mumbai"
2025-11-16,143.0,88.0,1.0,3.0,4.0,1.0,"Borivali East MPCB, Mumbai"
2025-11-17,155.0,98.0,3.0,1.0,3.0,1.0,"Borivali East MPCB, Mumbai"
2025-11-18,161.0,91.0,4.142857142857142,3.0,3.0,1.0,"Borivali East MPCB, Mumbai"
2025-11-19,157.0,86.2,5.285714285714286,3.5,3.25,1.0,"Borivali East MPCB, Mumbai"
2025-11-20,148.8,81.4,6.428571428571429,4.0,3.5,1.0,"Borivali East MPCB, Mumbai"
2025-11-21,140.6,76.6,23.0,2.0,3.75,1.0,"Borivali East MPCB, Mumbai"
2025-11-22,132.4,68.0,23.0,1.0,4.0,3.0,"Borivali East MPCB, Mumbai"
2025-11-23,119.0,67.0,23.0,2.0,4.0,3.0,"Borivali East MPCB, Mumbai"
2025-11-24,116.0,107.0,11.0,4.0,4.0,3.0,"Borivali East MPCB, Mumbai"
2025-11-25,165.0,135.0,26.0,4.0,4.0,3.0,"Borivali East MPCB, Mumbai"
2025-11-26,180.0,106.0,16.0,3.0,5.0,1.0,"Borivali East MPCB, Mumbai"
2025-11-27,155.0,84.0,18.0,2.0,5.0,1.0,"Borivali East MPCB, Mumbai"
2025-11-28,132.0,73.0,9.0,2.0,5.0,1.0,"Borivali East MPCB, Mumbai"
2025-11-29,113.0,65.0,8.6,1.0,6.0,1.0,"Borivali East MPCB, Mumbai"
2025-11-30,99.0,78.0,8.2,4.0,6.0,1.0,"Borivali East MPCB, Mumbai"
2025-12-01,122.0,68.0,7.8,1.0,6.0,1.0,"Borivali East MPCB, Mumbai"
2025-12-02,102.0,78.0,18.0,2.0,6.0,1.0,"Borivali East MPCB, Mumbai"
2025-12-03,123.0,88.0,18.0,2.0,6.0,1.0,"Borivali East MPCB, Mumbai"
2025-12-04,140.0,81.0,18.0,3.0,6.0,1.0,"Borivali East MPCB, Mumbai"
2025-12-05,129.0,78.0,18.0,3.0,6.0,1.0,"Borivali East MPCB, Mumbai"
2025-12-06,122.0,78.0,18.0,3.0,6.0,1.0,"Borivali East MPCB, Mumbai"
2025-12-07,122.0,83.0,18.0,3.0,6.0,1.0,"Borivali East MPCB, Mumbai"
2025-12-08,116.0,59.0,5.0,2.0,6.0,1.0,"Borivali East MPCB, Mumbai"
2025-12-09,88.0,226.0,6.0,2.0,6.0,1.5,"Borivali East MPCB, Mumbai"
2025-12-10,101.0,71.0,5.0,2.0,7.0,2.0,"Borivali East MPCB, Mumbai"
2025-12-11,108.0,60.0,5.0,3.0,7.0,3.0,"Borivali East MPCB, Mumbai"
2025-12-12,110.0,65.0,5.0,3.0,7.0,3.0,"Borivali East MPCB, Mumbai"
2025-12-13,119.0,78.0,5.0,1.0,6.0,3.0,"Borivali East MPCB, Mumbai"
2025-12-14,143.0,72.0,5.0,2.0,6.0,2.0,"Borivali East MPCB, Mumbai"
2025-12-15,138.0,109.0,10.666666666666668,1.6666666666666667,6.0,2.0,"Borivali East MPCB, Mumbai"
2025-12-17,196.66666666666666,183.0,22.0,1.0,6.0,2.0,"Borivali East MPCB, Mumbai"
2025-12-18,226.0,68.0,25.0,1.0,6.0,2.0,"Borivali East MPCB, Mumbai"
2025-12-19,129.0,51.0,18.0,1.0,7.0,3.0,"Borivali East MPCB, Mumbai"
2025-12-20,91.0,51.0,17.0,1.0,7.0,3.0,"Borivali East MPCB, Mumbai"
2025-12-21,91.0,65.0,17.0,1.0,6.0,3.0,"Borivali East MPCB, Mumbai"
2025-12-22,122.0,60.0,15.0,1.0,7.0,3.0,"Borivali East MPCB, Mumbai"
2025-12-23,109.0,53.0,13.0,1.0,6.0,2.0,"Borivali East MPCB, Mumbai"
2025-12-24,95.0,64.0,14.0,1.0,6.0,2.0,"Borivali East MPCB, Mumbai"
2025-12-25,120.0,81.0,12.0,1.0,6.0,3.0,"Borivali East MPCB, Mumbai"
2025-12-26,143.0,86.0,11.0,1.0,6.0,2.0,"Borivali East MPCB, Mumbai"
2025-12-27,157.0,96.0,10.75,1.0,6.0,2.0,"Borivali East MPCB, Mumbai"
2025-12-28,163.0,84.25,10.5,1.0,6.25,2.25,"Borivali East MPCB, Mumbai"
2025-12-31,84.25,49.0,9.75,1.0,7.0,3.0,"Borivali East MPCB, Mumbai"
2026-01-01,58.0,71.0,11.0,3.0,6.0,2.0,"Borivali East MPCB, Mumbai"
2026-01-02,86.0,78.0,11.0,3.0,6.0,2.0,"Borivali East MPCB, Mumbai"
2026-01-03,94.0,95.0,11.0,4.0,6.0,2.0,"Borivali East MPCB, Mumbai"
2026-01-04,119.0,80.0,11.0,4.0,6.0,2.0,"Borivali East MPCB, Mumbai"
2026-01-05,101.0,70.0,11.0,4.0,5.0,2.0,"Borivali East MPCB, Mumbai"
2026-01-06,92.0,67.0,11.0,4.0,5.0,2.0,"Borivali East MPCB, Mumbai"
2026-01-07,87.0,57.0,8.0,4.0,5.0,2.0,"Borivali East MPCB, Mumbai"
2026-01-08,74.0,54.0,8.0,4.0,5.0,2.0,"Borivali East MPCB, Mumbai"
2026-01-09,71.0,201.0,8.0,3.0,5.0,2.0,"Borivali East MPCB, Mumbai"
2026-01-10,129.0,131.5,8.0,3.0,5.0,2.0,"Borivali East MPCB, Mumbai"
2026-01-11,103.5,62.0,8.0,3.0,5.0,2.0,"Borivali East MPCB, Mumbai"
2026-01-12,78.0,56.0,7.0,4.0,6.0,2.0,"Borivali East MPCB, Mumbai"
2026-01-13,71.0,58.0,7.0,4.0,6.0,2.0,"Borivali East MPCB, Mumbai"
2026-01-14,74.0,55.0,7.0,4.0,6.0,2.0,"Borivali East MPCB, Mumbai"
2026-01-15,70.0,66.0,7.0,5.0,6.0,2.0,"Borivali East MPCB, Mumbai"
2026-01-16,86.0,33.0,7.0,6.0,7.0,3.0,"Borivali East MPCB, Mumbai"
2026-01-17,46.0,40.25,7.0,5.75,6.75,2.75,"Borivali East MPCB, Mumbai"
2026-01-20,71.5,62.0,7.0,5.0,6.0,2.0,"Borivali East MPCB, Mumbai"
2026-01-21,80.0,61.0,7.0,5.0,6.0,2.0,"Borivali East MPCB, Mumbai"
2026-01-22,79.0,56.0,7.0,3.0,5.0,2.0,"Borivali East MPCB, Mumbai"
2026-01-23,73.0,46.0,7.0,4.0,5.0,2.0,"Borivali East MPCB, Mumbai"
2026-01-24,60.0,61.0,7.0,4.0,5.0,2.0,"Borivali East MPCB, Mumbai"
2026-01-25,77.0,70.0,7.0,4.0,5.0,2.0,"Borivali East MPCB, Mumbai"
2026-01-26,91.0,55.0,7.0,3.0,4.0,2.0,"Borivali East MPCB, Mumbai"
2026-01-27,72.0,75.0,7.0,4.0,4.0,2.0,"Borivali East MPCB, Mumbai"
2026-01-28,73.0,56.0,7.0,4.0,5.0,2.0,"Borivali East MPCB, Mumbai"
2026-01-29,71.0,133.0,7.0,6.0,5.0,2.0,"Borivali East MPCB, Mumbai"
2026-01-30,110.0,99.0,7.0,5.0,5.0,2.0,"Borivali East MPCB, Mumbai"
2026-01-31,233.0,65.0,7.0,5.0,6.0,2.0,"Borivali East MPCB, Mumbai"
2026-02-01,84.0,74.0,7.0,4.0,6.0,2.0,"Borivali East MPCB, Mumbai"
2026-02-02,98.0,69.0,7.0,4.5,5.0,2.0,"Borivali East MPCB, Mumbai"
2026-02-03,90.0,75.0,7.0,5.0,6.0,2.0,"Borivali East MPCB, Mumbai"
2026-02-04,99.0,66.0,8.0,4.0,5.0,2.0,"Borivali East MPCB, Mumbai"
2026-02-05,88.0,56.0,7.0,4.0,5.0,2.0,"Borivali East MPCB, Mumbai"
2026-02-06,83.0,56.0,7.0,6.0,5.0,2.0,"Borivali East MPCB, Mumbai"
2026-02-07,84.0,54.0,7.0,5.666666666666667,6.0,2.0,"Borivali East MPCB, Mumbai"
2026-02-08,80.0,54.6,7.0,5.333333333333333,6.0,2.0,"Borivali East MPCB, Mumbai"
2026-02-12,84.0,57.0,7.0,4.0,6.0,2.0,"Borivali East MPCB, Mumbai"
2026-02-13,85.0,58.0,7.0,4.0,6.0,2.0,"Borivali East MPCB, Mumbai"
2026-02-14,88.0,61.0,19.0,4.0,6.0,2.0,"Borivali East MPCB, Mumbai"
2026-02-15,88.0,50.0,19.0,4.0,6.0,2.0,"Borivali East MPCB, Mumbai"
2026-02-16,76.0,49.0,19.0,4.0,6.0,2.0,"Borivali East MPCB, Mumbai"
2026-02-17,73.0,40.0,19.0,4.0,6.0,2.0,"Borivali East MPCB, Mumbai"
2026-02-18,63.0,40.0,19.0,4.0,6.0,2.0,"Borivali East MPCB, Mumbai"
