date,pm25,pm10,o3,no2,co,location
27-12-2021,150,69,14,4,1,"Siddharth Nagar Worli, Mumbai"
28-12-2021,146,53,28,4,2,"Siddharth Nagar Worli, Mumbai"
29-12-2021,111,70,10,4,4,"Siddharth Nagar Worli, Mumbai"
30-12-2021,143,73,11,10,5,"Siddharth Nagar Worli, Mumbai"
31-12-2021,147,65,11,8,6,"Siddharth Nagar Worli, Mumbai"
01-01-2022,132,22,15,7,5,"Siddharth Nagar Worli, Mumbai"
02-01-2022,48,39,17,6,6,"Siddharth Nagar Worli, Mumbai"
03-01-2022,80,70,33,16,6,"Siddharth Nagar Worli, Mumbai"
04-01-2022,145,91,20,7,6,"Siddharth Nagar Worli, Mumbai"
05-01-2022,156,63,23,16,4,"Siddharth Nagar Worli, Mumbai"
06-01-2022,124,81,27,16,5,"Siddharth Nagar Worli, Mumbai"
07-01-2022,152,49,14,6,4,"Siddharth Nagar Worli, Mumbai"
08-01-2022,108,30,14,6,3,"Siddharth Nagar Worli, Mumbai"
09-01-2022,67,38,25,7,3,"Siddharth Nagar Worli, Mumbai"
10-01-2022,82,61,20,6,5,"Siddharth Nagar Worli, Mumbai"
11-01-2022,124,55,19,5,4,"Siddharth Nagar Worli, Mumbai"
12-01-2022,113,65,22,4,5,"Siddharth Nagar Worli, Mumbai"
13-01-2022,138,70,23,4,6,"Siddharth Nagar Worli, Mumbai"
14-01-2022,143,67,25,18,5,"Siddharth Nagar Worli, Mumbai"
15-01-2022,135,62,14,4,5,"Siddharth Nagar Worli, Mumbai"
16-01-2022,125,60,11,4,5,"Siddharth Nagar Worli, Mumbai"
17-01-2022,122,64,17,4,5,"Siddharth Nagar Worli, Mumbai"
18-01-2022,132,65,52,18,6,"Siddharth Nagar Worli, Mumbai"
19-01-2022,136,47,21,7,4,"Siddharth Nagar Worli, Mumbai"
20-01-2022,99,34,8,10,4,"Siddharth Nagar Worli, Mumbai"
21-01-2022,76,38,15,7,4,"Siddharth Nagar Worli, Mumbai"
22-01-2022,84,85,18,10,2,"Siddharth Nagar Worli, Mumbai"
23-01-2022,304,146,37,16,3,"Siddharth Nagar Worli, Mumbai"
24-01-2022,210,116,23,9,5,"Siddharth Nagar Worli, Mumbai"
25-01-2022,182,102,37,6,5,"Siddharth Nagar Worli, Mumbai"
26-01-2022,176,80,18,4,6,"Siddharth Nagar Worli, Mumbai"
27-01-2022,157,70,14,4,5,"Siddharth Nagar Worli, Mumbai"
28-01-2022,151,65,14,4,4,"Siddharth Nagar Worli, Mumbai"
29-01-2022,140,67,18,4,6,"Siddharth Nagar Worli, Mumbai"
30-01-2022,143,66,45,4,6,"Siddharth Nagar Worli, Mumbai"
31-01-2022,139,59,33,4,5,"Siddharth Nagar Worli, Mumbai"
01-02-2022,127,75,29.66666667,8,4.333333333,"Siddharth Nagar Worli, Mumbai"
03-02-2022,161,107,23,16,3,"Siddharth Nagar Worli, Mumbai"
04-02-2022,178,91.33333333,24.33333333,12,3.333333333,"Siddharth Nagar Worli, Mumbai"
06-02-2022,146,60,27,4,4,"Siddharth Nagar Worli, Mumbai"
07-02-2022,130,40,26,19,4,"Siddharth Nagar Worli, Mumbai"
08-02-2022,83,49,20,5,4,"Siddharth Nagar Worli, Mumbai"
09-02-2022,105,66,21,5,6,"Siddharth Nagar Worli, Mumbai"
10-02-2022,141,74,15,4,6,"Siddharth Nagar Worli, Mumbai"
11-02-2022,144,64,17,6,6,"Siddharth Nagar Worli, Mumbai"
12-02-2022,132,62,34,4,6,"Siddharth Nagar Worli, Mumbai"
13-02-2022,127,54,26,17,7,"Siddharth Nagar Worli, Mumbai"
14-02-2022,113,42,30,17,5,"Siddharth Nagar Worli, Mumbai"
15-02-2022,82,22,9,5,4,"Siddharth Nagar Worli, Mumbai"
16-02-2022,57,34,9,4,5,"Siddharth Nagar Worli, Mumbai"
17-02-2022,77,46,13,6,6,"Siddharth Nagar Worli, Mumbai"
18-02-2022,96,67,25,5,6,"Siddharth Nagar Worli, Mumbai"
19-02-2022,139,67,37,18,6,"Siddharth Nagar Worli, Mumbai"
20-02-2022,140,77,48,4,7,"Siddharth Nagar Worli, Mumbai"
21-02-2022,154,73,12,4,6,"Siddharth Nagar Worli, Mumbai"
22-02-2022,138,66,18,4,8,"Siddharth Nagar Worli, Mumbai"
23-02-2022,138,83,55,4,7,"Siddharth Nagar Worli, Mumbai"
24-02-2022,162,118,67,4,8,"Siddharth Nagar Worli, Mumbai"
25-02-2022,186,100,32,4,7,"Siddharth Nagar Worli, Mumbai"
26-02-2022,174,88,28,4,6,"Siddharth Nagar Worli, Mumbai"
27-02-2022,166,99,30,4,8,"Siddharth Nagar Worli, Mumbai"
28-02-2022,172,91,56,5,7,"Siddharth Nagar Worli, Mumbai"
01-03-2022,167,96,20,19,8,"Siddharth Nagar Worli, Mumbai"
02-03-2022,169,97,23,4,9,"Siddharth Nagar Worli, Mumbai"
03-03-2022,170,83,21,5,7,"Siddharth Nagar Worli, Mumbai"
04-03-2022,160,90,42,18,7,"Siddharth Nagar Worli, Mumbai"
05-03-2022,166,90,21,4,10,"Siddharth Nagar Worli, Mumbai"
06-03-2022,165,77,17,4,8,"Siddharth Nagar Worli, Mumbai"
07-03-2022,154,91,14,4,8,"Siddharth Nagar Worli, Mumbai"
08-03-2022,162,104,39,5,11,"Siddharth Nagar Worli, Mumbai"
09-03-2022,175,92,29,4,10,"Siddharth Nagar Worli, Mumbai"
10-03-2022,165,93,37,4,10,"Siddharth Nagar Worli, Mumbai"
11-03-2022,167,54,52,4,8,"Siddharth Nagar Worli, Mumbai"
12-03-2022,105,62,26,18,9,"Siddharth Nagar Worli, Mumbai"
13-03-2022,124,61,43,5,8,"Siddharth Nagar Worli, Mumbai"
14-03-2022,121,72,22,4,9,"Siddharth Nagar Worli, Mumbai"
15-03-2022,139,69,22,4,7,"Siddharth Nagar Worli, Mumbai"
16-03-2022,130,59,39,18,7,"Siddharth Nagar Worli, Mumbai"
17-03-2022,111,59,36,4,9,"Siddharth Nagar Worli, Mumbai"
18-03-2022,119,53,9,3,7,"Siddharth Nagar Worli, Mumbai"
19-03-2022,102,54,15,18,6,"Siddharth Nagar Worli, Mumbai"
20-03-2022,111,82,19,18,7,"Siddharth Nagar Worli, Mumbai"
21-03-2022,153,70,18,4,8,"Siddharth Nagar Worli, Mumbai"
22-03-2022,139,64,14,4,6,"Siddharth Nagar Worli, Mumbai"
23-03-2022,130,65,15.33333333,4,6.166666667,"Siddharth Nagar Worli, Mumbai"
28-03-2022,126.6666667,70,22,4,7,"Siddharth Nagar Worli, Mumbai"
29-03-2022,126,35,13,4,7,"Siddharth Nagar Worli, Mumbai"
30-03-2022,76,72,11,4,7,"Siddharth Nagar Worli, Mumbai"
31-03-2022,107,61,17,4,7,"Siddharth Nagar Worli, Mumbai"
01-04-2022,130,60,9,19,7,"Siddharth Nagar Worli, Mumbai"
02-04-2022,127,48,18,4,8,"Siddharth Nagar Worli, Mumbai"
03-04-2022,103,43,18,19,8,"Siddharth Nagar Worli, Mumbai"
04-04-2022,95,57,21,4,6,"Siddharth Nagar Worli, Mumbai"
05-04-2022,99,37,21,4,5,"Siddharth Nagar Worli, Mumbai"
06-04-2022,78,39,28,19,6,"Siddharth Nagar Worli, Mumbai"
07-04-2022,89,36,25,18,6,"Siddharth Nagar Worli, Mumbai"
08-04-2022,78,39,21,4,6,"Siddharth Nagar Worli, Mumbai"
09-04-2022,82,37,11,19,5,"Siddharth Nagar Worli, Mumbai"
10-04-2022,73,52,25,4,5,"Siddharth Nagar Worli, Mumbai"
11-04-2022,95,31,17,4,6,"Siddharth Nagar Worli, Mumbai"
12-04-2022,71,45,22,4,7,"Siddharth Nagar Worli, Mumbai"
13-04-2022,92,34,13,19,6,"Siddharth Nagar Worli, Mumbai"
14-04-2022,71,47,21,4,7,"Siddharth Nagar Worli, Mumbai"
15-04-2022,97,41.66666667,21.66666667,4,6.333333333,"Siddharth Nagar Worli, Mumbai"
17-04-2022,74.33333333,31,23,4,5,"Siddharth Nagar Worli, Mumbai"
18-04-2022,63,40,11,4,6,"Siddharth Nagar Worli, Mumbai"
19-04-2022,84,29,10,4,6,"Siddharth Nagar Worli, Mumbai"
20-04-2022,67,30.44444444,10,4,6.111111111,"Siddharth Nagar Worli, Mumbai"
28-04-2022,87.44444444,42,10,4,7,"Siddharth Nagar Worli, Mumbai"
29-04-2022,90,35,21,19,8,"Siddharth Nagar Worli, Mumbai"
30-04-2022,78,29,14,4,7,"Siddharth Nagar Worli, Mumbai"
01-05-2022,69,35,15,19,7,"Siddharth Nagar Worli, Mumbai"
02-05-2022,77,50,16,19,7,"Siddharth Nagar Worli, Mumbai"
03-05-2022,101,55,17,19,7,"Siddharth Nagar Worli, Mumbai"
04-05-2022,113,63,18,18,7,"Siddharth Nagar Worli, Mumbai"
05-05-2022,137,95,8,19,7,"Siddharth Nagar Worli, Mumbai"
06-05-2022,169,92,18,4,9,"Siddharth Nagar Worli, Mumbai"
07-05-2022,168,56,9,22,11,"Siddharth Nagar Worli, Mumbai"
08-05-2022,124,59,12,5,9,"Siddharth Nagar Worli, Mumbai"
09-05-2022,97,39,4,19,11,"Siddharth Nagar Worli, Mumbai"
10-05-2022,66,34,6,5,9,"Siddharth Nagar Worli, Mumbai"
11-05-2022,78,50,13,18,11,"Siddharth Nagar Worli, Mumbai"
12-05-2022,102,28,12,19,10,"Siddharth Nagar Worli, Mumbai"
13-05-2022,67,29,8,19,10,"Siddharth Nagar Worli, Mumbai"
14-05-2022,63,30,5,18,10,"Siddharth Nagar Worli, Mumbai"
15-05-2022,66,36,26,18,7,"Siddharth Nagar Worli, Mumbai"
16-05-2022,76,38,27,19,5,"Siddharth Nagar Worli, Mumbai"
17-05-2022,82,56,15,19,5,"Siddharth Nagar Worli, Mumbai"
18-05-2022,110,92,24,18,5,"Siddharth Nagar Worli, Mumbai"
19-05-2022,156,104,12,17.63333333,5,"Siddharth Nagar Worli, Mumbai"
20-05-2022,176,79,9,17.26666667,4,"Siddharth Nagar Worli, Mumbai"
21-05-2022,158,50,8,16.9,4,"Siddharth Nagar Worli, Mumbai"
22-05-2022,103,35,3,7,3,"Siddharth Nagar Worli, Mumbai"
23-05-2022,76,40,8,7,4,"Siddharth Nagar Worli, Mumbai"
24-05-2022,83,44,7,7,4,"Siddharth Nagar Worli, Mumbai"
25-05-2022,92,50,7,7,5,"Siddharth Nagar Worli, Mumbai"
26-05-2022,106,38,7,7,4,"Siddharth Nagar Worli, Mumbai"
27-05-2022,80,32,8,7,5,"Siddharth Nagar Worli, Mumbai"
28-05-2022,70,37,4,7,4,"Siddharth Nagar Worli, Mumbai"
29-05-2022,77,48,8,7,4,"Siddharth Nagar Worli, Mumbai"
30-05-2022,99,51,4,7,4,"Siddharth Nagar Worli, Mumbai"
31-05-2022,107,53,9,7,4,"Siddharth Nagar Worli, Mumbai"
01-06-2022,112,59,10,4,4,"Siddharth Nagar Worli, Mumbai"
02-06-2022,127,61,5,4,4,"Siddharth Nagar Worli, Mumbai"
03-06-2022,133,48,7,4,5,"Siddharth Nagar Worli, Mumbai"
04-06-2022,99,38,10,4,5,"Siddharth Nagar Worli, Mumbai"
05-06-2022,83,39,9,4,5,"Siddharth Nagar Worli, Mumbai"
06-06-2022,83,34,9,4,5,"Siddharth Nagar Worli, Mumbai"
07-06-2022,76,18,9,4,5,"Siddharth Nagar Worli, Mumbai"
08-06-2022,47,17,10,4,6,"Siddharth Nagar Worli, Mumbai"
09-06-2022,43,27,4,4,6,"Siddharth Nagar Worli, Mumbai"
10-06-2022,58,14,3,4,6,"Siddharth Nagar Worli, Mumbai"
11-06-2022,36,9,5,4,7,"Siddharth Nagar Worli, Mumbai"
12-06-2022,26,23,3,4,6,"Siddharth Nagar Worli, Mumbai"
13-06-2022,55,35,6,4,6,"Siddharth Nagar Worli, Mumbai"
14-06-2022,78,34,7,4,7,"Siddharth Nagar Worli, Mumbai"
15-06-2022,75,32,3,4,6,"Siddharth Nagar Worli, Mumbai"
16-06-2022,70,34,7,4,7,"Siddharth Nagar Worli, Mumbai"
17-06-2022,74,28,2,7,7,"Siddharth Nagar Worli, Mumbai"
18-06-2022,67,17,3,8,8,"Siddharth Nagar Worli, Mumbai"
19-06-2022,44,14,3,3,8,"Siddharth Nagar Worli, Mumbai"
20-06-2022,39,26,3,4,8,"Siddharth Nagar Worli, Mumbai"
21-06-2022,54,35,4,7,7,"Siddharth Nagar Worli, Mumbai"
22-06-2022,65,29,10,4,9,"Siddharth Nagar Worli, Mumbai"
23-06-2022,59,30,5,10,9,"Siddharth Nagar Worli, Mumbai"
24-06-2022,68,15,8,3,9,"Siddharth Nagar Worli, Mumbai"
25-06-2022,38,21,4,4,8,"Siddharth Nagar Worli, Mumbai"
26-06-2022,54,27,6,6,9,"Siddharth Nagar Worli, Mumbai"
27-06-2022,64,31,8,8,10,"Siddharth Nagar Worli, Mumbai"
28-06-2022,68,93,8,3,6,"Siddharth Nagar Worli, Mumbai"
29-06-2022,126,22,4,5,3,"Siddharth Nagar Worli, Mumbai"
30-06-2022,49,34,5,7,4,"Siddharth Nagar Worli, Mumbai"
01-07-2022,78,68,8,1,3,"Siddharth Nagar Worli, Mumbai"
02-07-2022,143,62,9,1,4,"Siddharth Nagar Worli, Mumbai"
03-07-2022,137,49,10,1,4,"Siddharth Nagar Worli, Mumbai"
04-07-2022,108,48,5,1,4,"Siddharth Nagar Worli, Mumbai"
05-07-2022,106,49,10,4,3,"Siddharth Nagar Worli, Mumbai"
06-07-2022,108,56,10,4,4,"Siddharth Nagar Worli, Mumbai"
07-07-2022,126,49,12,1,4,"Siddharth Nagar Worli, Mumbai"
08-07-2022,107,44,13,3,5,"Siddharth Nagar Worli, Mumbai"
09-07-2022,92,44,14,3,6,"Siddharth Nagar Worli, Mumbai"
10-07-2022,89,46,14,3,6,"Siddharth Nagar Worli, Mumbai"
11-07-2022,97,29,7,3,8,"Siddharth Nagar Worli, Mumbai"
12-07-2022,61,34,10.5,3.5,7.5,"Siddharth Nagar Worli, Mumbai"
13-07-2022,68,39,14,4,7,"Siddharth Nagar Worli, Mumbai"
14-07-2022,75,50,8,4,6,"Siddharth Nagar Worli, Mumbai"
15-07-2022,110,53,14,5,1,"Siddharth Nagar Worli, Mumbai"
16-07-2022,117,41,10,14,2,"Siddharth Nagar Worli, Mumbai"
17-07-2022,93,37,6,5,1,"Siddharth Nagar Worli, Mumbai"
18-07-2022,81,41,7,5,2,"Siddharth Nagar Worli, Mumbai"
19-07-2022,87,28,13,16,2,"Siddharth Nagar Worli, Mumbai"
20-07-2022,66,25,9,12,2,"Siddharth Nagar Worli, Mumbai"
21-07-2022,62,37,14,3,3,"Siddharth Nagar Worli, Mumbai"
22-07-2022,84,30,14,3,5,"Siddharth Nagar Worli, Mumbai"
23-07-2022,69,23,6,2,5,"Siddharth Nagar Worli, Mumbai"
24-07-2022,59,24,6,4,6,"Siddharth Nagar Worli, Mumbai"
25-07-2022,60,24,6,6,5,"Siddharth Nagar Worli, Mumbai"
26-07-2022,62,23,10,11,6,"Siddharth Nagar Worli, Mumbai"
27-07-2022,57,36,5,2,6,"Siddharth Nagar Worli, Mumbai"
28-07-2022,80,31,9,4,6,"Siddharth Nagar Worli, Mumbai"
29-07-2022,69,25,9,3.666666667,5,"Siddharth Nagar Worli, Mumbai"
30-07-2022,58,16,5,3.333333333,5,"Siddharth Nagar Worli, Mumbai"
31-07-2022,40,11,11,3,6,"Siddharth Nagar Worli, Mumbai"
01-08-2022,28,8,12,2,6,"Siddharth Nagar Worli, Mumbai"
02-08-2022,23,10,12,1,7,"Siddharth Nagar Worli, Mumbai"
03-08-2022,29,9,8,1,7,"Siddharth Nagar Worli, Mumbai"
04-08-2022,29,9,6,2,6,"Siddharth Nagar Worli, Mumbai"
05-08-2022,27,9.666666667,9,3,5.571428571,"Siddharth Nagar Worli, Mumbai"
07-08-2022,28.33333333,11,15,5,4.714285714,"Siddharth Nagar Worli, Mumbai"
08-08-2022,29,31,17,3,4.285714286,"Siddharth Nagar Worli, Mumbai"
09-08-2022,73,37,15.33333333,4,3,"Siddharth Nagar Worli, Mumbai"
11-08-2022,95.66666667,49,12,6,3,"Siddharth Nagar Worli, Mumbai"
12-08-2022,107,41,13,19,2.666666667,"Siddharth Nagar Worli, Mumbai"
13-08-2022,94,37,12.6,17.2,2.333333333,"Siddharth Nagar Worli, Mumbai"
17-08-2022,66,21,11,10,1,"Siddharth Nagar Worli, Mumbai"
18-08-2022,59,20,12,21,2,"Siddharth Nagar Worli, Mumbai"
19-08-2022,54,18,12,22,1,"Siddharth Nagar Worli, Mumbai"
20-08-2022,51,21,12,23,2,"Siddharth Nagar Worli, Mumbai"
21-08-2022,52,23,11,22,1,"Siddharth Nagar Worli, Mumbai"
22-08-2022,58,20,12,24,3,"Siddharth Nagar Worli, Mumbai"
23-08-2022,54,22,12,23,2,"Siddharth Nagar Worli, Mumbai"
24-08-2022,56,26,11,27,3,"Siddharth Nagar Worli, Mumbai"
25-08-2022,64,31,12,15,2,"Siddharth Nagar Worli, Mumbai"
26-08-2022,70,50,11,31,3,"Siddharth Nagar Worli, Mumbai"
27-08-2022,100,40,11,31,3,"Siddharth Nagar Worli, Mumbai"
28-08-2022,84,32,4,16,3,"Siddharth Nagar Worli, Mumbai"
29-08-2022,70,56,15,33,4,"Siddharth Nagar Worli, Mumbai"
30-08-2022,115,50,19,32,4,"Siddharth Nagar Worli, Mumbai"
31-08-2022,101,39,8,18,6,"Siddharth Nagar Worli, Mumbai"
01-09-2022,81,55,9,17,6,"Siddharth Nagar Worli, Mumbai"
02-09-2022,112,41,25,36,7,"Siddharth Nagar Worli, Mumbai"
03-09-2022,88,28,12,18,6,"Siddharth Nagar Worli, Mumbai"
04-09-2022,61,21,3,18,5,"Siddharth Nagar Worli, Mumbai"
05-09-2022,52,25,4,37,5,"Siddharth Nagar Worli, Mumbai"
06-09-2022,55,36,7,34,5,"Siddharth Nagar Worli, Mumbai"
07-09-2022,77,40.4,7.6,31.2,5.4,"Siddharth Nagar Worli, Mumbai"
11-09-2022,88.2,58,10,20,7,"Siddharth Nagar Worli, Mumbai"
12-09-2022,91,10,10,20,7,"Siddharth Nagar Worli, Mumbai"
13-09-2022,30,13,20,32,6,"Siddharth Nagar Worli, Mumbai"
14-09-2022,38,18,8,31,6,"Siddharth Nagar Worli, Mumbai"
15-09-2022,48,20,8,34,6,"Siddharth Nagar Worli, Mumbai"
16-09-2022,53,19,12,35,6,"Siddharth Nagar Worli, Mumbai"
17-09-2022,51,11,7,37,7,"Siddharth Nagar Worli, Mumbai"
18-09-2022,31,23,5,43,8,"Siddharth Nagar Worli, Mumbai"
19-09-2022,56,33,6,44,9,"Siddharth Nagar Worli, Mumbai"
20-09-2022,73,27,3,44,7,"Siddharth Nagar Worli, Mumbai"
21-09-2022,62,43,2,24,8,"Siddharth Nagar Worli, Mumbai"
22-09-2022,85,37,3,45,8,"Siddharth Nagar Worli, Mumbai"
23-09-2022,80,20,7,42,9,"Siddharth Nagar Worli, Mumbai"
24-09-2022,38,16,10,43,7,"Siddharth Nagar Worli, Mumbai"
25-09-2022,33,20,7,44,7,"Siddharth Nagar Worli, Mumbai"
26-09-2022,48,26,3,23,8,"Siddharth Nagar Worli, Mumbai"
27-09-2022,62,53,11,47,9,"Siddharth Nagar Worli, Mumbai"
28-09-2022,103,48,18,42,8,"Siddharth Nagar Worli, Mumbai"
29-09-2022,98,51,19,43,8,"Siddharth Nagar Worli, Mumbai"
30-09-2022,106,50,10,43,10,"Siddharth Nagar Worli, Mumbai"
01-10-2022,101,10,5,23,9,"Siddharth Nagar Worli, Mumbai"
02-10-2022,27,27,6,42,8,"Siddharth Nagar Worli, Mumbai"
03-10-2022,61,39,8,23,9,"Siddharth Nagar Worli, Mumbai"
04-10-2022,82,38,21,22,10,"Siddharth Nagar Worli, Mumbai"
05-10-2022,79,21,14,43,10,"Siddharth Nagar Worli, Mumbai"
06-10-2022,54,26,11,23,9,"Siddharth Nagar Worli, Mumbai"
07-10-2022,61,15,10,44,10,"Siddharth Nagar Worli, Mumbai"
08-10-2022,38,13,4,23,9,"Siddharth Nagar Worli, Mumbai"
09-10-2022,33,43,7,25,11,"Siddharth Nagar Worli, Mumbai"
10-10-2022,87,40,9,43,12,"Siddharth Nagar Worli, Mumbai"
11-10-2022,82,46,8,47,14,"Siddharth Nagar Worli, Mumbai"
12-10-2022,97,57,5,26,15,"Siddharth Nagar Worli, Mumbai"
13-10-2022,117,48,5,45,13,"Siddharth Nagar Worli, Mumbai"
14-10-2022,93,48,7,25,16,"Siddharth Nagar Worli, Mumbai"
15-10-2022,95,63,28,45,12,"Siddharth Nagar Worli, Mumbai"
16-10-2022,119,61.375,25,45.375,12.5,"Siddharth Nagar Worli, Mumbai"
23-10-2022,98,50,4,48,16,"Siddharth Nagar Worli, Mumbai"
24-10-2022,95,46,24,45,15,"Siddharth Nagar Worli, Mumbai"
25-10-2022,88,55,19,45,15,"Siddharth Nagar Worli, Mumbai"
26-10-2022,102,60,23,46,15,"Siddharth Nagar Worli, Mumbai"
27-10-2022,114,54,23,46,14,"Siddharth Nagar Worli, Mumbai"
28-10-2022,104,58,12,46,13,"Siddharth Nagar Worli, Mumbai"
29-10-2022,108,50,18,48,11,"Siddharth Nagar Worli, Mumbai"
30-10-2022,96,56,23,54,12,"Siddharth Nagar Worli, Mumbai"
31-10-2022,109,57,26,59,12,"Siddharth Nagar Worli, Mumbai"
01-11-2022,109,52,31,59,12,"Siddharth Nagar Worli, Mumbai"
02-11-2022,95,51,21,61,13,"Siddharth Nagar Worli, Mumbai"
03-11-2022,99,57,15,58,13,"Siddharth Nagar Worli, Mumbai"
04-11-2022,111,59,25,52,9,"Siddharth Nagar Worli, Mumbai"
05-11-2022,111,74,22,52,3,"Siddharth Nagar Worli, Mumbai"
06-11-2022,133,72,29,52,3,"Siddharth Nagar Worli, Mumbai"
07-11-2022,139,71,23,50,3,"Siddharth Nagar Worli, Mumbai"
08-11-2022,139,79,27,49,4,"Siddharth Nagar Worli, Mumbai"
09-11-2022,146,76,19,51,4,"Siddharth Nagar Worli, Mumbai"
10-11-2022,142,68,19,49,2,"Siddharth Nagar Worli, Mumbai"
11-11-2022,133,65,26,48,1,"Siddharth Nagar Worli, Mumbai"
12-11-2022,129,68,35,45,1,"Siddharth Nagar Worli, Mumbai"
13-11-2022,131,76,43,42,3,"Siddharth Nagar Worli, Mumbai"
14-11-2022,147,89,39,21,5,"Siddharth Nagar Worli, Mumbai"
15-11-2022,157,77,24,16,4,"Siddharth Nagar Worli, Mumbai"
16-11-2022,141,70,22,15,1,"Siddharth Nagar Worli, Mumbai"
17-11-2022,132,60,19,29,1,"Siddharth Nagar Worli, Mumbai"
18-11-2022,115,59,25,33,1,"Siddharth Nagar Worli, Mumbai"
19-11-2022,113,66,28,32,1,"Siddharth Nagar Worli, Mumbai"
20-11-2022,127,61,38,34,1,"Siddharth Nagar Worli, Mumbai"
21-11-2022,118,75,36,32,1,"Siddharth Nagar Worli, Mumbai"
22-11-2022,142,80,40,35,3,"Siddharth Nagar Worli, Mumbai"
23-11-2022,144,82,34,32,3,"Siddharth Nagar Worli, Mumbai"
24-11-2022,156,87,24,35,4,"Siddharth Nagar Worli, Mumbai"
25-11-2022,159,100,26,34,7,"Siddharth Nagar Worli, Mumbai"
26-11-2022,171,95,33,34,6,"Siddharth Nagar Worli, Mumbai"
27-11-2022,165,70,30,33,5,"Siddharth Nagar Worli, Mumbai"
28-11-2022,142,68,28,32,3,"Siddharth Nagar Worli, Mumbai"
29-11-2022,139,91,30,34,7,"Siddharth Nagar Worli, Mumbai"
30-11-2022,165,86,35,33,4,"Siddharth Nagar Worli, Mumbai"
01-12-2022,160,92,27,33,7,"Siddharth Nagar Worli, Mumbai"
02-12-2022,162,84,27,31,4,"Siddharth Nagar Worli, Mumbai"
03-12-2022,158,93,30,31,6,"Siddharth Nagar Worli, Mumbai"
04-12-2022,162,94,9,30,8,"Siddharth Nagar Worli, Mumbai"
05-12-2022,167,100,17.5,32,9,"Siddharth Nagar Worli, Mumbai"
06-12-2022,171,97,26,31,9,"Siddharth Nagar Worli, Mumbai"
07-12-2022,169,92,18,35,8,"Siddharth Nagar Worli, Mumbai"
08-12-2022,164,69,25,33,3,"Siddharth Nagar Worli, Mumbai"
09-12-2022,134,68,28,36,3,"Siddharth Nagar Worli, Mumbai"
10-12-2022,135,76,26,33,5,"Siddharth Nagar Worli, Mumbai"
11-12-2022,150,79,13,33,4,"Siddharth Nagar Worli, Mumbai"
12-12-2022,138,64.66666667,15.66666667,25.66666667,4,"Siddharth Nagar Worli, Mumbai"
14-12-2022,96,36,21,11,4,"Siddharth Nagar Worli, Mumbai"
15-12-2022,75,45,18,6,3,"Siddharth Nagar Worli, Mumbai"
16-12-2022,90,33,18,9,3,"Siddharth Nagar Worli, Mumbai"
17-12-2022,69,38,27,11,3,"Siddharth Nagar Worli, Mumbai"
18-12-2022,73,27,33,11,2,"Siddharth Nagar Worli, Mumbai"
19-12-2022,60,43,48,12,4,"Siddharth Nagar Worli, Mumbai"
20-12-2022,85,87,40,12,7,"Siddharth Nagar Worli, Mumbai"
21-12-2022,159,93,57,13,8,"Siddharth Nagar Worli, Mumbai"
22-12-2022,163,100,37,13,7,"Siddharth Nagar Worli, Mumbai"
23-12-2022,163,72,37,13,4,"Siddharth Nagar Worli, Mumbai"
24-12-2022,134,89,32,13,5,"Siddharth Nagar Worli, Mumbai"
25-12-2022,156,80,62,13,6,"Siddharth Nagar Worli, Mumbai"
26-12-2022,150,100,60,13,7,"Siddharth Nagar Worli, Mumbai"
27-12-2022,171,82,58,13,7,"Siddharth Nagar Worli, Mumbai"
28-12-2022,155,92,43,14,9,"Siddharth Nagar Worli, Mumbai"
29-12-2022,164,123,64,14,7,"Siddharth Nagar Worli, Mumbai"
30-12-2022,179,69,36,13,5,"Siddharth Nagar Worli, Mumbai"
31-12-2022,135,69,46,14,4,"Siddharth Nagar Worli, Mumbai"
01-01-2023,121,71,57,13,5,"Siddharth Nagar Worli, Mumbai"
02-01-2023,145,78,61,14,6,"Siddharth Nagar Worli, Mumbai"
03-01-2023,150,75,39,14,6,"Siddharth Nagar Worli, Mumbai"
04-01-2023,146,96,47,14,8,"Siddharth Nagar Worli, Mumbai"
05-01-2023,167,91,36,14,8,"Siddharth Nagar Worli, Mumbai"
06-01-2023,159,134,30,13,7,"Siddharth Nagar Worli, Mumbai"
07-01-2023,173,75,19,12,6,"Siddharth Nagar Worli, Mumbai"
08-01-2023,148,60,34,12,4,"Siddharth Nagar Worli, Mumbai"
09-01-2023,120,65,69,12,4,"Siddharth Nagar Worli, Mumbai"
10-01-2023,127,83,70,12,5,"Siddharth Nagar Worli, Mumbai"
11-01-2023,144,63,52,12,3,"Siddharth Nagar Worli, Mumbai"
12-01-2023,128,78,28,12,1,"Siddharth Nagar Worli, Mumbai"
13-01-2023,140,84,53,12,3,"Siddharth Nagar Worli, Mumbai"
14-01-2023,154,84,71,12,5,"Siddharth Nagar Worli, Mumbai"
15-01-2023,157,83,82,12,6,"Siddharth Nagar Worli, Mumbai"
16-01-2023,157,85,83,12,7,"Siddharth Nagar Worli, Mumbai"
17-01-2023,159,98,76,12,9,"Siddharth Nagar Worli, Mumbai"
18-01-2023,172,101,78,10,9,"Siddharth Nagar Worli, Mumbai"
19-01-2023,174,80,70,5,3,"Siddharth Nagar Worli, Mumbai"
20-01-2023,155,66,73,4,3,"Siddharth Nagar Worli, Mumbai"
21-01-2023,137,67,58,3,2,"Siddharth Nagar Worli, Mumbai"
22-01-2023,135,67,57,4,1,"Siddharth Nagar Worli, Mumbai"
23-01-2023,136,71,62,3,1,"Siddharth Nagar Worli, Mumbai"
24-01-2023,146,102,74,4,2,"Siddharth Nagar Worli, Mumbai"
25-01-2023,165,104,58,4,5,"Siddharth Nagar Worli, Mumbai"
26-01-2023,164,96,47,5,8,"Siddharth Nagar Worli, Mumbai"
27-01-2023,167,63,52,5,5,"Siddharth Nagar Worli, Mumbai"
28-01-2023,115,77,44,6,14,"Siddharth Nagar Worli, Mumbai"
29-01-2023,146,73,70,4,4,"Siddharth Nagar Worli, Mumbai"
30-01-2023,142,98,69,5,6,"Siddharth Nagar Worli, Mumbai"
31-01-2023,163,83,48,5,11,"Siddharth Nagar Worli, Mumbai"
01-02-2023,157,83.33333333,56.66666667,5.333333333,8.666666667,"Siddharth Nagar Worli, Mumbai"
03-02-2023,151,84,74,6,4,"Siddharth Nagar Worli, Mumbai"
04-02-2023,148,83,76,2,4,"Siddharth Nagar Worli, Mumbai"
05-02-2023,160,72,69,6,3,"Siddharth Nagar Worli, Mumbai"
06-02-2023,147,67,72,8,1,"Siddharth Nagar Worli, Mumbai"
07-02-2023,138,88,74,8,3,"Siddharth Nagar Worli, Mumbai"
08-02-2023,164,90,62,8,3,"Siddharth Nagar Worli, Mumbai"
09-02-2023,164,68,69,8,3,"Siddharth Nagar Worli, Mumbai"
10-02-2023,143,52,63,8,3,"Siddharth Nagar Worli, Mumbai"
11-02-2023,107,73,83,8,5,"Siddharth Nagar Worli, Mumbai"
12-02-2023,145,74,70,8,2,"Siddharth Nagar Worli, Mumbai"
13-02-2023,150,75,75,8,3,"Siddharth Nagar Worli, Mumbai"
14-02-2023,148,81,71,8,5,"Siddharth Nagar Worli, Mumbai"
15-02-2023,156,87,74,8,6,"Siddharth Nagar Worli, Mumbai"
16-02-2023,160,84,81,8,5,"Siddharth Nagar Worli, Mumbai"
17-02-2023,160,90,79,8,5,"Siddharth Nagar Worli, Mumbai"
18-02-2023,164,78,64,8,4,"Siddharth Nagar Worli, Mumbai"
19-02-2023,155,64,64,8,4,"Siddharth Nagar Worli, Mumbai"
20-02-2023,134,75,56,8,5,"Siddharth Nagar Worli, Mumbai"
21-02-2023,141,53,41,8,2,"Siddharth Nagar Worli, Mumbai"
22-02-2023,111,73,69,8,4,"Siddharth Nagar Worli, Mumbai"
23-02-2023,150,77,68,8,4,"Siddharth Nagar Worli, Mumbai"
24-02-2023,152,70,78,8,3,"Siddharth Nagar Worli, Mumbai"
25-02-2023,149,82,64,8,4,"Siddharth Nagar Worli, Mumbai"
26-02-2023,159,84,19,9,7,"Siddharth Nagar Worli, Mumbai"
27-02-2023,162,66,51,8,2,"Siddharth Nagar Worli, Mumbai"
28-02-2023,129,73,54,8,4,"Siddharth Nagar Worli, Mumbai"
01-03-2023,142,94,52,8,9,"Siddharth Nagar Worli, Mumbai"
02-03-2023,167,113,58,8,13,"Siddharth Nagar Worli, Mumbai"
03-03-2023,181,114,57,8,13,"Siddharth Nagar Worli, Mumbai"
04-03-2023,182,121,69,8,13,"Siddharth Nagar Worli, Mumbai"
05-03-2023,182,109,61,8,9,"Siddharth Nagar Worli, Mumbai"
06-03-2023,173,67,46,8,4,"Siddharth Nagar Worli, Mumbai"
07-03-2023,126,60,57,8,6,"Siddharth Nagar Worli, Mumbai"
08-03-2023,124,75,64,8,5,"Siddharth Nagar Worli, Mumbai"
09-03-2023,148,60,59,8,3,"Siddharth Nagar Worli, Mumbai"
10-03-2023,123,74,73,8,6,"Siddharth Nagar Worli, Mumbai"
11-03-2023,144,84,56,8,8,"Siddharth Nagar Worli, Mumbai"
12-03-2023,159,91,59,8,10,"Siddharth Nagar Worli, Mumbai"
13-03-2023,161,85,60,8,8,"Siddharth Nagar Worli, Mumbai"
14-03-2023,154,61,49,8,6,"Siddharth Nagar Worli, Mumbai"
15-03-2023,125,57,40,8,7,"Siddharth Nagar Worli, Mumbai"
16-03-2023,118,67,41,8,7,"Siddharth Nagar Worli, Mumbai"
17-03-2023,121,56,35,8,6,"Siddharth Nagar Worli, Mumbai"
18-03-2023,111,39,27,8,5,"Siddharth Nagar Worli, Mumbai"
19-03-2023,82,59,23,8,3,"Siddharth Nagar Worli, Mumbai"
20-03-2023,94,27,22,3,4,"Siddharth Nagar Worli, Mumbai"
21-03-2023,61,35,23,6,5,"Siddharth Nagar Worli, Mumbai"
22-03-2023,78,36,23,6,5,"Siddharth Nagar Worli, Mumbai"
23-03-2023,77,31,25,6,6,"Siddharth Nagar Worli, Mumbai"
24-03-2023,70,41,41,6,5,"Siddharth Nagar Worli, Mumbai"
25-03-2023,86,39,39,2,4,"Siddharth Nagar Worli, Mumbai"
26-03-2023,81,49.5,41,2,8,"Siddharth Nagar Worli, Mumbai"
27-03-2023,107,60,43,2,12,"Siddharth Nagar Worli, Mumbai"
28-03-2023,133,62,34,4,7,"Siddharth Nagar Worli, Mumbai"
29-03-2023,130,37,27,4,7,"Siddharth Nagar Worli, Mumbai"
30-03-2023,82,35,22,3,8,"Siddharth Nagar Worli, Mumbai"
31-03-2023,80,25.66666667,23.66666667,3.666666667,8.666666667,"Siddharth Nagar Worli, Mumbai"
02-04-2023,41.33333333,7,27,5,10,"Siddharth Nagar Worli, Mumbai"
03-04-2023,22,4,29,3,10,"Siddharth Nagar Worli, Mumbai"
04-04-2023,13,21,21,4,11,"Siddharth Nagar Worli, Mumbai"
05-04-2023,46,53,77,4,10,"Siddharth Nagar Worli, Mumbai"
06-04-2023,111,67,53,6,10,"Siddharth Nagar Worli, Mumbai"
07-04-2023,144,69,57,10,13,"Siddharth Nagar Worli, Mumbai"
08-04-2023,145,85,52,12,15,"Siddharth Nagar Worli, Mumbai"
09-04-2023,144,64,61,8,12,"Siddharth Nagar Worli, Mumbai"
10-04-2023,136,46,48,3,12,"Siddharth Nagar Worli, Mumbai"
11-04-2023,101,50,78,4,12,"Siddharth Nagar Worli, Mumbai"
12-04-2023,109,51,65,2,13,"Siddharth Nagar Worli, Mumbai"
13-04-2023,111,54,45,2,13,"Siddharth Nagar Worli, Mumbai"
14-04-2023,100,50,23,5,13,"Siddharth Nagar Worli, Mumbai"
15-04-2023,104,41,23,2,13,"Siddharth Nagar Worli, Mumbai"
16-04-2023,87,40,25,3,13,"Siddharth Nagar Worli, Mumbai"
17-04-2023,88,43,23,2,14,"Siddharth Nagar Worli, Mumbai"
18-04-2023,71,40,29,2,15,"Siddharth Nagar Worli, Mumbai"
19-04-2023,77,37,35,2,16,"Siddharth Nagar Worli, Mumbai"
20-04-2023,83,33,26,1,14,"Siddharth Nagar Worli, Mumbai"
21-04-2023,76,35,20,1,14,"Siddharth Nagar Worli, Mumbai"
22-04-2023,73,25,28,1,20,"Siddharth Nagar Worli, Mumbai"
23-04-2023,61,47,36,7,17,"Siddharth Nagar Worli, Mumbai"
24-04-2023,96,97,36,12,14,"Siddharth Nagar Worli, Mumbai"
25-04-2023,166,97,35,12,11,"Siddharth Nagar Worli, Mumbai"
26-04-2023,166,38,26,9,18,"Siddharth Nagar Worli, Mumbai"
27-04-2023,78,31,18,4,13,"Siddharth Nagar Worli, Mumbai"
28-04-2023,69,31,18,4,13,"Siddharth Nagar Worli, Mumbai"
29-04-2023,72,20,21,4,13,"Siddharth Nagar Worli, Mumbai"
30-04-2023,50,21,26,4,14,"Siddharth Nagar Worli, Mumbai"
01-05-2023,54,25,23,4,13,"Siddharth Nagar Worli, Mumbai"
02-05-2023,59,30,25,3,12,"Siddharth Nagar Worli, Mumbai"
03-05-2023,69,33,21,5,13,"Siddharth Nagar Worli, Mumbai"
04-05-2023,77,33,18,7,14,"Siddharth Nagar Worli, Mumbai"
05-05-2023,75,34,19,7,14,"Siddharth Nagar Worli, Mumbai"
06-05-2023,72,28,18,6,15,"Siddharth Nagar Worli, Mumbai"
07-05-2023,65,37,17,4,15,"Siddharth Nagar Worli, Mumbai"
08-05-2023,79,41,18,3,15,"Siddharth Nagar Worli, Mumbai"
09-05-2023,88,59,19,3,16,"Siddharth Nagar Worli, Mumbai"
10-05-2023,128,59,25,4,19,"Siddharth Nagar Worli, Mumbai"
11-05-2023,128,53,21,3,19,"Siddharth Nagar Worli, Mumbai"
12-05-2023,111,34,18,2,19,"Siddharth Nagar Worli, Mumbai"
13-05-2023,77,12,15,2,20,"Siddharth Nagar Worli, Mumbai"
14-05-2023,36,28.66666667,16.66666667,2.333333333,20,"Siddharth Nagar Worli, Mumbai"
16-05-2023,128,62,20,3,20,"Siddharth Nagar Worli, Mumbai"
17-05-2023,174,37,19,2,19,"Siddharth Nagar Worli, Mumbai"
18-05-2023,77,31,22,2,19,"Siddharth Nagar Worli, Mumbai"
19-05-2023,70,35.33333333,23,2,19.33333333,"Siddharth Nagar Worli, Mumbai"
21-05-2023,81.33333333,44,25,2,20,"Siddharth Nagar Worli, Mumbai"
22-05-2023,87,35,19,2,20,"Siddharth Nagar Worli, Mumbai"
23-05-2023,70,36,15,2,20,"Siddharth Nagar Worli, Mumbai"
24-05-2023,76,49,13,2,21,"Siddharth Nagar Worli, Mumbai"
25-05-2023,75,30,14,3,22,"Siddharth Nagar Worli, Mumbai"
26-05-2023,70,21,14,2,22,"Siddharth Nagar Worli, Mumbai"
27-05-2023,55,18,18,1,22,"Siddharth Nagar Worli, Mumbai"
28-05-2023,44,21,19,2,23,"Siddharth Nagar Worli, Mumbai"
29-05-2023,51,19,27,2,23,"Siddharth Nagar Worli, Mumbai"
30-05-2023,46,26,23,2,24,"Siddharth Nagar Worli, Mumbai"
31-05-2023,62,29,18,2,25,"Siddharth Nagar Worli, Mumbai"
01-06-2023,52,20,13,3,25,"Siddharth Nagar Worli, Mumbai"
02-06-2023,50,10,16,2,26,"Siddharth Nagar Worli, Mumbai"
03-06-2023,29,16,18,1,25,"Siddharth Nagar Worli, Mumbai"
04-06-2023,41,19,13,2,26,"Siddharth Nagar Worli, Mumbai"
05-06-2023,48,24,18,3,26,"Siddharth Nagar Worli, Mumbai"
06-06-2023,60,26,13,2,26,"Siddharth Nagar Worli, Mumbai"
07-06-2023,62,20,19,3,26,"Siddharth Nagar Worli, Mumbai"
08-06-2023,50,13,20,2,27,"Siddharth Nagar Worli, Mumbai"
09-06-2023,37,10,21,3,28,"Siddharth Nagar Worli, Mumbai"
10-06-2023,29,8,24,3,27,"Siddharth Nagar Worli, Mumbai"
11-06-2023,22,17,12,3,28,"Siddharth Nagar Worli, Mumbai"
12-06-2023,46,25,29,2,6,"Siddharth Nagar Worli, Mumbai"
13-06-2023,57,29.5,20,2.5,12,"Siddharth Nagar Worli, Mumbai"
14-06-2023,67,34,11,3,18,"Siddharth Nagar Worli, Mumbai"
15-06-2023,77,39,14,3,14,"Siddharth Nagar Worli, Mumbai"
16-06-2023,84,46,15,4,12,"Siddharth Nagar Worli, Mumbai"
17-06-2023,71,28,15,7,12,"Siddharth Nagar Worli, Mumbai"
18-06-2023,65,33,11,7,13,"Siddharth Nagar Worli, Mumbai"
19-06-2023,72,39,11,7,13,"Siddharth Nagar Worli, Mumbai"
20-06-2023,79,35,13,7,17,"Siddharth Nagar Worli, Mumbai"
21-06-2023,74,32,11,7,16,"Siddharth Nagar Worli, Mumbai"
22-06-2023,69,26,12,5,16,"Siddharth Nagar Worli, Mumbai"
23-06-2023,60,21,15,4,16,"Siddharth Nagar Worli, Mumbai"
24-06-2023,48,17,14,4,18,"Siddharth Nagar Worli, Mumbai"
25-06-2023,39,29,18,3,15,"Siddharth Nagar Worli, Mumbai"
26-06-2023,63,26,15,7,20,"Siddharth Nagar Worli, Mumbai"
27-06-2023,61,28,20,3,16,"Siddharth Nagar Worli, Mumbai"
28-06-2023,58,27.86206897,19.22222222,3.555555556,15.55555556,"Siddharth Nagar Worli, Mumbai"
06-07-2023,57.31034483,26.75862069,13,8,12,"Siddharth Nagar Worli, Mumbai"
07-07-2023,57.22413793,26.62068966,33,5,12.2745098,"Siddharth Nagar Worli, Mumbai"
08-07-2023,57.13793103,39,10,3,12.54901961,"Siddharth Nagar Worli, Mumbai"
12-07-2023,61,39,9.2,2.2,13.64705882,"Siddharth Nagar Worli, Mumbai"
13-07-2023,61,39,9,2,5.4,"Siddharth Nagar Worli, Mumbai"
14-07-2023,61,39,8,3,5.4,"Siddharth Nagar Worli, Mumbai"
15-07-2023,61,39,9,3,5.4,"Siddharth Nagar Worli, Mumbai"
16-07-2023,61,39,8,3,5.4,"Siddharth Nagar Worli, Mumbai"
17-07-2023,61,39,8,3,5.4,"Siddharth Nagar Worli, Mumbai"
18-07-2023,61,39,8,3,5.4,"Siddharth Nagar Worli, Mumbai"
19-07-2023,61,39,8,3,5.4,"Siddharth Nagar Worli, Mumbai"
20-07-2023,61,39,8,3,5.4,"Siddharth Nagar Worli, Mumbai"
21-07-2023,61,39,8,2,5.4,"Siddharth Nagar Worli, Mumbai"
22-07-2023,61,39,8,2,5.4,"Siddharth Nagar Worli, Mumbai"
23-07-2023,61,39,8,3,5.4,"Siddharth Nagar Worli, Mumbai"
24-07-2023,61,39,8,3,5.4,"Siddharth Nagar Worli, Mumbai"
25-07-2023,61,39,8,3,5.4,"Siddharth Nagar Worli, Mumbai"
24-08-2023,52,20,15.74193548,4.935483871,3,"Siddharth Nagar Worli, Mumbai"
25-08-2023,53,21,16,5,3,"Siddharth Nagar Worli, Mumbai"
26-08-2023,53,21,16,5,26,"Siddharth Nagar Worli, Mumbai"
27-08-2023,53,21,16,5,27,"Siddharth Nagar Worli, Mumbai"
28-08-2023,53,21,16,5,27,"Siddharth Nagar Worli, Mumbai"
29-08-2023,53,21,17,5,27,"Siddharth Nagar Worli, Mumbai"
30-08-2023,53,21,16.5,5,26.5,"Siddharth Nagar Worli, Mumbai"
31-08-2023,53,21,16,5,26,"Siddharth Nagar Worli, Mumbai"
01-09-2023,54,21,16,5,26,"Siddharth Nagar Worli, Mumbai"
05-09-2023,53.2,21,16,5,26,"Siddharth Nagar Worli, Mumbai"
06-09-2023,53,21,16,5,26,"Siddharth Nagar Worli, Mumbai"
07-09-2023,53,21,16,5,27,"Siddharth Nagar Worli, Mumbai"
08-09-2023,53,22,16,5,27,"Siddharth Nagar Worli, Mumbai"
09-09-2023,57.33333333,23,16,5,27,"Siddharth Nagar Worli, Mumbai"
10-09-2023,61.66666667,24,16,5,26,"Siddharth Nagar Worli, Mumbai"
11-09-2023,66,17,17,5,19,"Siddharth Nagar Worli, Mumbai"
12-09-2023,47,18,15,5,6,"Siddharth Nagar Worli, Mumbai"
13-09-2023,53,24,16,12,8,"Siddharth Nagar Worli, Mumbai"
14-09-2023,71,23,17,29,11,"Siddharth Nagar Worli, Mumbai"
15-09-2023,70,25,17,25,13,"Siddharth Nagar Worli, Mumbai"
16-09-2023,72,36,17,21,11,"Siddharth Nagar Worli, Mumbai"
17-09-2023,90,37,18,18,13,"Siddharth Nagar Worli, Mumbai"
18-09-2023,91,43,18,15,14,"Siddharth Nagar Worli, Mumbai"
19-09-2023,105,33,16,13,15,"Siddharth Nagar Worli, Mumbai"
20-09-2023,83,18,15,11,16,"Siddharth Nagar Worli, Mumbai"
21-09-2023,51,14,20,10,17,"Siddharth Nagar Worli, Mumbai"
22-09-2023,47,17,7,9,19,"Siddharth Nagar Worli, Mumbai"
23-09-2023,57,14,14,9,20,"Siddharth Nagar Worli, Mumbai"
24-09-2023,48,18,17,8,21,"Siddharth Nagar Worli, Mumbai"
25-09-2023,58,32,16,8,20,"Siddharth Nagar Worli, Mumbai"
26-09-2023,88,38,17,5,20,"Siddharth Nagar Worli, Mumbai"
27-09-2023,97,45,25,4.333333333,23,"Siddharth Nagar Worli, Mumbai"
28-09-2023,118,57,22,3.666666667,25,"Siddharth Nagar Worli, Mumbai"
29-09-2023,135,36,39,3,25,"Siddharth Nagar Worli, Mumbai"
30-09-2023,94,48,34,13,24,"Siddharth Nagar Worli, Mumbai"
01-10-2023,120,2,31,13,24,"Siddharth Nagar Worli, Mumbai"
02-10-2023,9,11,32,13,21,"Siddharth Nagar Worli, Mumbai"
03-10-2023,30,41,30,13,21,"Siddharth Nagar Worli, Mumbai"
04-10-2023,105,39,23,13,22,"Siddharth Nagar Worli, Mumbai"
05-10-2023,99,37,10,1,22,"Siddharth Nagar Worli, Mumbai"
06-10-2023,96,44,8,1.333333333,24,"Siddharth Nagar Worli, Mumbai"
07-10-2023,106,52,11,1.666666667,23,"Siddharth Nagar Worli, Mumbai"
08-10-2023,114,57,11,2,25,"Siddharth Nagar Worli, Mumbai"
09-10-2023,138,31,11,5,24,"Siddharth Nagar Worli, Mumbai"
10-10-2023,80,22,7,5,26,"Siddharth Nagar Worli, Mumbai"
11-10-2023,62,45,19,5,28,"Siddharth Nagar Worli, Mumbai"
12-10-2023,95,54,16,5,22,"Siddharth Nagar Worli, Mumbai"
13-10-2023,127,75,31,5,16,"Siddharth Nagar Worli, Mumbai"
14-10-2023,153,56,20,6,2,"Siddharth Nagar Worli, Mumbai"
15-10-2023,135,71,18,5,4.666666667,"Siddharth Nagar Worli, Mumbai"
16-10-2023,159,76,12,5,7.333333333,"Siddharth Nagar Worli, Mumbai"
17-10-2023,159,75,13,5,10,"Siddharth Nagar Worli, Mumbai"
18-10-2023,150,65,18,5,8,"Siddharth Nagar Worli, Mumbai"
19-10-2023,150,74,30,6,9,"Siddharth Nagar Worli, Mumbai"
20-10-2023,158,61,18,12,8,"Siddharth Nagar Worli, Mumbai"
21-10-2023,105,78,30,12,8,"Siddharth Nagar Worli, Mumbai"
22-10-2023,140,68,16,12,8,"Siddharth Nagar Worli, Mumbai"
23-10-2023,120,81,24,12,7,"Siddharth Nagar Worli, Mumbai"
24-10-2023,139,69,23,15,7,"Siddharth Nagar Worli, Mumbai"
25-10-2023,122,64,12,32,5,"Siddharth Nagar Worli, Mumbai"
26-10-2023,111,64,27,29,2,"Siddharth Nagar Worli, Mumbai"
27-10-2023,112,72,53,25,3,"Siddharth Nagar Worli, Mumbai"
28-10-2023,128,65,56,35,2,"Siddharth Nagar Worli, Mumbai"
29-10-2023,114,69,60,30,3,"Siddharth Nagar Worli, Mumbai"
30-10-2023,122,77,50,25,5,"Siddharth Nagar Worli, Mumbai"
31-10-2023,137,76,61,24,15,"Siddharth Nagar Worli, Mumbai"
01-11-2023,177,62,52,19,16,"Siddharth Nagar Worli, Mumbai"
02-11-2023,117,63,37,21,17,"Siddharth Nagar Worli, Mumbai"
03-11-2023,113,66,32,27,17,"Siddharth Nagar Worli, Mumbai"
04-11-2023,120,65,46,12,18,"Siddharth Nagar Worli, Mumbai"
05-11-2023,118,66,45,12,17,"Siddharth Nagar Worli, Mumbai"
06-11-2023,119,65,54,16,17,"Siddharth Nagar Worli, Mumbai"
07-11-2023,118,50,27,14,18,"Siddharth Nagar Worli, Mumbai"
08-11-2023,91,52,53,19,20,"Siddharth Nagar Worli, Mumbai"
09-11-2023,90,46,36,13,19,"Siddharth Nagar Worli, Mumbai"
10-11-2023,80,44,5,12,19,"Siddharth Nagar Worli, Mumbai"
11-11-2023,76,47,6.875,12,18.625,"Siddharth Nagar Worli, Mumbai"
18-11-2023,129.375,68,20,12,16,"Siddharth Nagar Worli, Mumbai"
19-11-2023,137,52,7,22,15,"Siddharth Nagar Worli, Mumbai"
20-11-2023,90,57.5,14.5,17,15,"Siddharth Nagar Worli, Mumbai"
21-11-2023,94,63,22,12,15,"Siddharth Nagar Worli, Mumbai"
22-11-2023,98,69,47,4,15,"Siddharth Nagar Worli, Mumbai"
23-11-2023,146,85,34,7,16,"Siddharth Nagar Worli, Mumbai"
24-11-2023,159,44,21,12,17,"Siddharth Nagar Worli, Mumbai"
25-11-2023,76,46,19,11,17,"Siddharth Nagar Worli, Mumbai"
26-11-2023,73,44.5,20,11.25,16.25,"Siddharth Nagar Worli, Mumbai"
29-11-2023,79.75,40,23,12,14,"Siddharth Nagar Worli, Mumbai"
30-11-2023,82,72,48,4,16,"Siddharth Nagar Worli, Mumbai"
01-12-2023,137,64,56,4,17,"Siddharth Nagar Worli, Mumbai"
02-12-2023,132,67,67,4,20,"Siddharth Nagar Worli, Mumbai"
03-12-2023,69,70,43,12,20,"Siddharth Nagar Worli, Mumbai"
04-12-2023,64,69,22,5,18,"Siddharth Nagar Worli, Mumbai"
05-12-2023,132,65.75,27.25,6.75,18.25,"Siddharth Nagar Worli, Mumbai"
08-12-2023,117.75,56,43,12,19,"Siddharth Nagar Worli, Mumbai"
09-12-2023,113,57,22,13,16,"Siddharth Nagar Worli, Mumbai"
10-12-2023,116,57,19,4,18,"Siddharth Nagar Worli, Mumbai"
11-12-2023,111,51,22,13,15,"Siddharth Nagar Worli, Mumbai"
12-12-2023,45,54.5,43,12,14.5,"Siddharth Nagar Worli, Mumbai"
13-12-2023,46,58,64,11,14,"Siddharth Nagar Worli, Mumbai"
14-12-2023,47,59.8,53.4,9.8,15.2,"Siddharth Nagar Worli, Mumbai"
18-12-2023,118.2,67,11,5,20,"Siddharth Nagar Worli, Mumbai"
19-12-2023,136,55,9,13,14,"Siddharth Nagar Worli, Mumbai"
20-12-2023,85,72,30,5,16,"Siddharth Nagar Worli, Mumbai"
21-12-2023,142,91,20,13,17,"Siddharth Nagar Worli, Mumbai"
22-12-2023,129,87,52,13,20,"Siddharth Nagar Worli, Mumbai"
23-12-2023,158,76,60,5,19,"Siddharth Nagar Worli, Mumbai"
24-12-2023,150,72,30,5,16,"Siddharth Nagar Worli, Mumbai"
25-12-2023,150,93,95,20,20,"Siddharth Nagar Worli, Mumbai"
26-12-2023,164,84,36,15,17,"Siddharth Nagar Worli, Mumbai"
27-12-2023,101,98,13,11,17,"Siddharth Nagar Worli, Mumbai"
28-12-2023,119,90,26,6,18,"Siddharth Nagar Worli, Mumbai"
29-12-2023,162,113,11,29,21,"Siddharth Nagar Worli, Mumbai"
30-12-2023,70,56,79,5,17,"Siddharth Nagar Worli, Mumbai"
31-12-2023,105,50,80,16,20,"Siddharth Nagar Worli, Mumbai"
01-01-2024,53,52,61,13,14,"Siddharth Nagar Worli, Mumbai"
02-01-2024,47,81,64,19.14285714,6,"Siddharth Nagar Worli, Mumbai"
03-01-2024,142,85,2,25.28571429,9,"Siddharth Nagar Worli, Mumbai"
04-01-2024,156,82.6,13.2,31.42857143,8.8,"Siddharth Nagar Worli, Mumbai"
08-01-2024,146.4,73,58,56,8,"Siddharth Nagar Worli, Mumbai"
09-01-2024,144,77,40,61,5,"Siddharth Nagar Worli, Mumbai"
10-01-2024,134,130,12,62,5,"Siddharth Nagar Worli, Mumbai"
11-01-2024,179,110,63,57,8,"Siddharth Nagar Worli, Mumbai"
12-01-2024,158,90,53.33333333,47,6,"Siddharth Nagar Worli, Mumbai"
14-01-2024,124,50,34,27,2,"Siddharth Nagar Worli, Mumbai"
15-01-2024,107,71,50,26,1,"Siddharth Nagar Worli, Mumbai"
16-01-2024,107,85,43,28,1,"Siddharth Nagar Worli, Mumbai"
17-01-2024,154,89,24,13,1,"Siddharth Nagar Worli, Mumbai"
18-01-2024,150,108,33,14,2,"Siddharth Nagar Worli, Mumbai"
19-01-2024,167,120,20,30,5,"Siddharth Nagar Worli, Mumbai"
20-01-2024,172,112,48.5,26,3.5,"Siddharth Nagar Worli, Mumbai"
21-01-2024,168.5,104,77,22,2,"Siddharth Nagar Worli, Mumbai"
22-01-2024,165,97,24,13,1,"Siddharth Nagar Worli, Mumbai"
23-01-2024,156,98,51,32,2,"Siddharth Nagar Worli, Mumbai"
24-01-2024,162,95,63,31,1,"Siddharth Nagar Worli, Mumbai"
25-01-2024,143,109,80,34,5,"Siddharth Nagar Worli, Mumbai"
26-01-2024,159,101,39,28,3,"Siddharth Nagar Worli, Mumbai"
27-01-2024,156,115.5,22,48,3,"Siddharth Nagar Worli, Mumbai"
28-01-2024,166.5,130,5,68,3,"Siddharth Nagar Worli, Mumbai"
29-01-2024,177,117,19,57.75,2,"Siddharth Nagar Worli, Mumbai"
30-01-2024,157,101.3333333,18.75,47.5,1.666666667,"Siddharth Nagar Worli, Mumbai"
01-02-2024,145.6666667,70,18.25,27,1,"Siddharth Nagar Worli, Mumbai"
02-02-2024,140,103,18,9,6,"Siddharth Nagar Worli, Mumbai"
03-02-2024,165,138,35,16,14,"Siddharth Nagar Worli, Mumbai"
04-02-2024,180,117,30,23,12,"Siddharth Nagar Worli, Mumbai"
05-02-2024,171,109,36,16,11,"Siddharth Nagar Worli, Mumbai"
06-02-2024,166,99,55,14,5,"Siddharth Nagar Worli, Mumbai"
07-02-2024,143,109,40,30,3,"Siddharth Nagar Worli, Mumbai"
08-02-2024,149,108,38,14,1,"Siddharth Nagar Worli, Mumbai"
09-02-2024,166,101,24,19,5,"Siddharth Nagar Worli, Mumbai"
10-02-2024,163,102,25,11,5,"Siddharth Nagar Worli, Mumbai"
11-02-2024,163,117,45,21,5,"Siddharth Nagar Worli, Mumbai"
12-02-2024,158,107,40,12,5,"Siddharth Nagar Worli, Mumbai"
13-02-2024,162,119.5,59.5,18.5,5.5,"Siddharth Nagar Worli, Mumbai"
14-02-2024,170,132,79,25,6,"Siddharth Nagar Worli, Mumbai"
15-02-2024,178,168,47,32,10,"Siddharth Nagar Worli, Mumbai"
16-02-2024,179,188,32.5,42,12,"Siddharth Nagar Worli, Mumbai"
17-02-2024,187,91,18,7,5,"Siddharth Nagar Worli, Mumbai"
18-02-2024,156,97,30,28,8,"Siddharth Nagar Worli, Mumbai"
19-02-2024,152,50.5,19.5,19.5,7.333333333,"Siddharth Nagar Worli, Mumbai"
20-02-2024,98,4,9,11,6.666666667,"Siddharth Nagar Worli, Mumbai"
21-02-2024,44,63,22,8,6,"Siddharth Nagar Worli, Mumbai"
22-02-2024,128,77,14,19,7,"Siddharth Nagar Worli, Mumbai"
23-02-2024,92,90,21.5,22,6,"Siddharth Nagar Worli, Mumbai"
24-02-2024,158,103,29,29,3,"Siddharth Nagar Worli, Mumbai"
25-02-2024,125,139,36.5,43,8,"Siddharth Nagar Worli, Mumbai"
26-02-2024,160,154,44,34,8,"Siddharth Nagar Worli, Mumbai"
27-02-2024,189,125,32,25,12,"Siddharth Nagar Worli, Mumbai"
28-02-2024,161,140,24,43,7,"Siddharth Nagar Worli, Mumbai"
29-02-2024,183,120,34,35,9,"Siddharth Nagar Worli, Mumbai"
01-03-2024,172,57,8,5,9,"Siddharth Nagar Worli, Mumbai"
02-03-2024,116,51,14,12,7,"Siddharth Nagar Worli, Mumbai"
03-03-2024,91,60,32,19,6,"Siddharth Nagar Worli, Mumbai"
04-03-2024,81,100,62,34,8,"Siddharth Nagar Worli, Mumbai"
05-03-2024,128,91,62,24,7,"Siddharth Nagar Worli, Mumbai"
06-03-2024,190,68,49,4,5,"Siddharth Nagar Worli, Mumbai"
07-03-2024,68,97,22,22,2,"Siddharth Nagar Worli, Mumbai"
08-03-2024,141,102,45,24,1,"Siddharth Nagar Worli, Mumbai"
09-03-2024,206,74,35,13,1,"Siddharth Nagar Worli, Mumbai"
10-03-2024,180,72,16,9,1,"Siddharth Nagar Worli, Mumbai"
11-03-2024,169,79,17,3,1,"Siddharth Nagar Worli, Mumbai"
12-03-2024,194,81,17.28571429,3,1.285714286,"Siddharth Nagar Worli, Mumbai"
18-03-2024,229.1428571,93,19,3,3,"Siddharth Nagar Worli, Mumbai"
19-03-2024,235,94,55,22,3,"Siddharth Nagar Worli, Mumbai"
20-03-2024,199,115,27,14,3,"Siddharth Nagar Worli, Mumbai"
21-03-2024,228,95,36,13,6,"Siddharth Nagar Worli, Mumbai"
22-03-2024,147,77,28,5,4,"Siddharth Nagar Worli, Mumbai"
23-03-2024,140,78.71428571,28.42857143,5.142857143,4,"Siddharth Nagar Worli, Mumbai"
29-03-2024,109.1428571,89,31,6,4,"Siddharth Nagar Worli, Mumbai"
30-03-2024,104,72,35,6,4,"Siddharth Nagar Worli, Mumbai"
31-03-2024,172,93,37,22,3,"Siddharth Nagar Worli, Mumbai"
01-04-2024,178,99,33.5,17.5,4.5,"Siddharth Nagar Worli, Mumbai"
02-04-2024,211,105,30,13,6,"Siddharth Nagar Worli, Mumbai"
03-04-2024,244,62,14,9,3,"Siddharth Nagar Worli, Mumbai"
04-04-2024,170,91,41,8,6,"Siddharth Nagar Worli, Mumbai"
05-04-2024,107,83.8,39.8,6.8,6.4,"Siddharth Nagar Worli, Mumbai"
09-04-2024,149.4,55,35,2,8,"Siddharth Nagar Worli, Mumbai"
10-04-2024,160,71,17,11,6,"Siddharth Nagar Worli, Mumbai"
11-04-2024,88,62.5,20,10.5,4,"Siddharth Nagar Worli, Mumbai"
12-04-2024,121,54,23,10,2,"Siddharth Nagar Worli, Mumbai"
13-04-2024,154,56,14,10,3,"Siddharth Nagar Worli, Mumbai"
14-04-2024,152,52,10,6,7,"Siddharth Nagar Worli, Mumbai"
15-04-2024,91,53.3,10.3,6.2,6.8,"Siddharth Nagar Worli, Mumbai"
24-04-2024,78.4,65,13,8,5,"Siddharth Nagar Worli, Mumbai"
25-04-2024,77,69.5,35.5,8.5,7,"Siddharth Nagar Worli, Mumbai"
26-04-2024,124.5,74,58,9,9,"Siddharth Nagar Worli, Mumbai"
27-04-2024,172,94,61,9,9,"Siddharth Nagar Worli, Mumbai"
28-04-2024,201,91,41,9,5,"Siddharth Nagar Worli, Mumbai"
29-04-2024,101,96,51,10,7,"Siddharth Nagar Worli, Mumbai"
30-04-2024,104,85,34,7,5,"Siddharth Nagar Worli, Mumbai"
01-05-2024,85,90,32,2,5,"Siddharth Nagar Worli, Mumbai"
02-05-2024,154,90,28,34,4,"Siddharth Nagar Worli, Mumbai"
03-05-2024,155,66,11,6,9,"Siddharth Nagar Worli, Mumbai"
04-05-2024,120,57,17,5,14,"Siddharth Nagar Worli, Mumbai"
05-05-2024,103,56,17,4,13,"Siddharth Nagar Worli, Mumbai"
06-05-2024,97,61,12,2,11,"Siddharth Nagar Worli, Mumbai"
07-05-2024,67,54,24,1,13,"Siddharth Nagar Worli, Mumbai"
08-05-2024,95,47,25,1,14,"Siddharth Nagar Worli, Mumbai"
09-05-2024,79,49,12,1,11,"Siddharth Nagar Worli, Mumbai"
10-05-2024,80,51,12,5,11,"Siddharth Nagar Worli, Mumbai"
11-05-2024,75,70.5,17.5,9.5,12.5,"Siddharth Nagar Worli, Mumbai"
12-05-2024,118.5,90,23,14,14,"Siddharth Nagar Worli, Mumbai"
13-05-2024,162,73,84,21,16,"Siddharth Nagar Worli, Mumbai"
14-05-2024,136,66,8,28,14,"Siddharth Nagar Worli, Mumbai"
15-05-2024,86,66.5,17.5,17.5,12.5,"Siddharth Nagar Worli, Mumbai"
16-05-2024,101.5,67,27,7,11,"Siddharth Nagar Worli, Mumbai"
17-05-2024,117,66,13,5,8,"Siddharth Nagar Worli, Mumbai"
18-05-2024,116,77,26,12,10,"Siddharth Nagar Worli, Mumbai"
19-05-2024,93,59,10,12,9,"Siddharth Nagar Worli, Mumbai"
20-05-2024,73,55,12,10,11,"Siddharth Nagar Worli, Mumbai"
21-05-2024,89,70,18,12,8,"Siddharth Nagar Worli, Mumbai"
22-05-2024,70,65,19,18,11,"Siddharth Nagar Worli, Mumbai"
23-05-2024,119,62,10,12,11,"Siddharth Nagar Worli, Mumbai"
24-05-2024,76,56,8,11,9,"Siddharth Nagar Worli, Mumbai"
25-05-2024,98,57,19,10,12,"Siddharth Nagar Worli, Mumbai"
26-05-2024,73,66,15,10,10,"Siddharth Nagar Worli, Mumbai"
27-05-2024,80,57,8,11,10,"Siddharth Nagar Worli, Mumbai"
28-05-2024,65,73,8,4,8,"Siddharth Nagar Worli, Mumbai"
29-05-2024,128,72,15,11,8,"Siddharth Nagar Worli, Mumbai"
30-05-2024,80,60,14,11,9,"Siddharth Nagar Worli, Mumbai"
31-05-2024,67,48,8,4,2,"Siddharth Nagar Worli, Mumbai"
01-06-2024,83,41,10,4,3,"Siddharth Nagar Worli, Mumbai"
02-06-2024,77,66,9,11,3,"Siddharth Nagar Worli, Mumbai"
03-06-2024,117,64,19,14,8,"Siddharth Nagar Worli, Mumbai"
04-06-2024,139,58,5,16,12,"Siddharth Nagar Worli, Mumbai"
05-06-2024,54,53,5,6,11,"Siddharth Nagar Worli, Mumbai"
06-06-2024,41,48,16,7,13,"Siddharth Nagar Worli, Mumbai"
07-06-2024,21,42,8,15,9,"Siddharth Nagar Worli, Mumbai"
08-06-2024,42,36,8,16,10,"Siddharth Nagar Worli, Mumbai"
09-06-2024,23,32.5,10.5,9.5,10.5,"Siddharth Nagar Worli, Mumbai"
10-06-2024,19.5,29,13,3,11,"Siddharth Nagar Worli, Mumbai"
11-06-2024,16,37,7,9,8,"Siddharth Nagar Worli, Mumbai"
12-06-2024,18,35.5,6,6.5,8,"Siddharth Nagar Worli, Mumbai"
13-06-2024,26,34,5,4,8,"Siddharth Nagar Worli, Mumbai"
14-06-2024,34,28,12,43,9,"Siddharth Nagar Worli, Mumbai"
15-06-2024,21,33,9,29,8,"Siddharth Nagar Worli, Mumbai"
16-06-2024,24,40,5,4,7,"Siddharth Nagar Worli, Mumbai"
17-06-2024,17,42,6,17,9,"Siddharth Nagar Worli, Mumbai"
18-06-2024,37,36,12,8,8,"Siddharth Nagar Worli, Mumbai"
19-06-2024,20,50,6,6,9,"Siddharth Nagar Worli, Mumbai"
20-06-2024,11,54,5,2,10,"Siddharth Nagar Worli, Mumbai"
21-06-2024,26,48,7,9,11,"Siddharth Nagar Worli, Mumbai"
22-06-2024,28,51,8,8,8,"Siddharth Nagar Worli, Mumbai"
23-06-2024,41,28,17,2,9,"Siddharth Nagar Worli, Mumbai"
24-06-2024,20,31,6,9,9,"Siddharth Nagar Worli, Mumbai"
25-06-2024,30,31,16,4,9,"Siddharth Nagar Worli, Mumbai"
26-06-2024,22,39,15,5,9,"Siddharth Nagar Worli, Mumbai"
27-06-2024,13,54,15,4,9,"Siddharth Nagar Worli, Mumbai"
28-06-2024,23,64,9,5,10,"Siddharth Nagar Worli, Mumbai"
29-06-2024,22,58,5,4,10,"Siddharth Nagar Worli, Mumbai"
30-06-2024,27,66,9,1,8,"Siddharth Nagar Worli, Mumbai"
01-07-2024,17,66.5,6.5,1.2,7,"Siddharth Nagar Worli, Mumbai"
02-07-2024,35,67,4,1.4,6,"Siddharth Nagar Worli, Mumbai"
03-07-2024,53,44,4,1.6,7,"Siddharth Nagar Worli, Mumbai"
04-07-2024,61,2,10,4,10,"Siddharth Nagar Worli, Mumbai"
05-07-2024,67,37,12,2,8,"Siddharth Nagar Worli, Mumbai"
06-07-2024,52,50,12,3,9,"Siddharth Nagar Worli, Mumbai"
07-07-2024,69,39,9,14,7,"Siddharth Nagar Worli, Mumbai"
08-07-2024,63,18,3,7,8,"Siddharth Nagar Worli, Mumbai"
09-07-2024,12,20,3,6,7,"Siddharth Nagar Worli, Mumbai"
10-07-2024,9.5,22,3,5,6,"Siddharth Nagar Worli, Mumbai"
11-07-2024,7,32,8,4,7,"Siddharth Nagar Worli, Mumbai"
12-07-2024,6,31.13793103,7.75862069,3.903225806,6.806451613,"Siddharth Nagar Worli, Mumbai"
09-08-2024,3.103448276,7,1,1.193548387,1.387096774,"Siddharth Nagar Worli, Mumbai"
10-08-2024,3,10,2,1.096774194,1.193548387,"Siddharth Nagar Worli, Mumbai"
11-08-2024,5,13,3,1,1,"Siddharth Nagar Worli, Mumbai"
12-08-2024,7,15,3.023809524,1,1.5,"Siddharth Nagar Worli, Mumbai"
13-08-2024,7.5,17,3.047619048,1,2,"Siddharth Nagar Worli, Mumbai"
14-08-2024,8,15,3.071428571,1,1.75,"Siddharth Nagar Worli, Mumbai"
17-08-2024,11,9,10,7,1,"Siddharth Nagar Worli, Mumbai"
18-08-2024,12,8.916666667,10,7,1,"Siddharth Nagar Worli, Mumbai"
22-09-2024,26.58333333,6,4,1,1,"Siddharth Nagar Worli, Mumbai"
23-09-2024,27,14.5,14.5,2.5,2.5,"Siddharth Nagar Worli, Mumbai"
24-09-2024,45.5,23,25,4,4,"Siddharth Nagar Worli, Mumbai"
25-09-2024,64,6,13,3,4.333333333,"Siddharth Nagar Worli, Mumbai"
26-09-2024,48,9,11,3,4.666666667,"Siddharth Nagar Worli, Mumbai"
27-09-2024,34,9,22,5,5,"Siddharth Nagar Worli, Mumbai"
28-09-2024,27,6,21,8,5.5,"Siddharth Nagar Worli, Mumbai"
29-09-2024,31,23,16,9,6,"Siddharth Nagar Worli, Mumbai"
30-09-2024,58,39,18,8,6,"Siddharth Nagar Worli, Mumbai"
01-10-2024,85,59,32,9,6,"Siddharth Nagar Worli, Mumbai"
02-10-2024,140,28,23,4,6,"Siddharth Nagar Worli, Mumbai"
03-10-2024,76,19,16,5,6,"Siddharth Nagar Worli, Mumbai"
04-10-2024,38,26,13,12,6,"Siddharth Nagar Worli, Mumbai"
05-10-2024,56,37,44,10,6,"Siddharth Nagar Worli, Mumbai"
06-10-2024,69,60,33,18,6.5,"Siddharth Nagar Worli, Mumbai"
07-10-2024,136,79,34,19,7,"Siddharth Nagar Worli, Mumbai"
08-10-2024,156,74.28571429,35.14285714,18.71428571,7.142857143,"Siddharth Nagar Worli, Mumbai"
14-10-2024,99.42857143,46,42,17,8,"Siddharth Nagar Worli, Mumbai"
15-10-2024,90,57,22,21,8,"Siddharth Nagar Worli, Mumbai"
16-10-2024,110,55,19,15,5.666666667,"Siddharth Nagar Worli, Mumbai"
17-10-2024,126,50,16,12,3.333333333,"Siddharth Nagar Worli, Mumbai"
18-10-2024,120,19,21,17,1,"Siddharth Nagar Worli, Mumbai"
19-10-2024,46,30,26,15,6,"Siddharth Nagar Worli, Mumbai"
20-10-2024,68,25,6,18,7,"Siddharth Nagar Worli, Mumbai"
21-10-2024,64,37,20,18.33333333,8.333333333,"Siddharth Nagar Worli, Mumbai"
22-10-2024,86,48,55,18.66666667,9.666666667,"Siddharth Nagar Worli, Mumbai"
23-10-2024,109,77,69,19,11,"Siddharth Nagar Worli, Mumbai"
24-10-2024,159,85,35,20,11,"Siddharth Nagar Worli, Mumbai"
25-10-2024,164,88,79,20,11.2,"Siddharth Nagar Worli, Mumbai"
26-10-2024,160,92,34,18,11.4,"Siddharth Nagar Worli, Mumbai"
27-10-2024,158,82,24,15,11.6,"Siddharth Nagar Worli, Mumbai"
28-10-2024,140,65,17,11,8.666666667,"Siddharth Nagar Worli, Mumbai"
29-10-2024,100,82,46,18,12,"Siddharth Nagar Worli, Mumbai"
30-10-2024,124,99,56,20,11.33333333,"Siddharth Nagar Worli, Mumbai"
31-10-2024,151,95,21,15,10.66666667,"Siddharth Nagar Worli, Mumbai"
01-11-2024,139,96,26,17,10,"Siddharth Nagar Worli, Mumbai"
02-11-2024,140,86,65,18,7,"Siddharth Nagar Worli, Mumbai"
03-11-2024,138,112,63,20,8,"Siddharth Nagar Worli, Mumbai"
04-11-2024,144,88,79,19,8,"Siddharth Nagar Worli, Mumbai"
05-11-2024,136,83,65,24,8,"Siddharth Nagar Worli, Mumbai"
06-11-2024,117,87,77,18,7,"Siddharth Nagar Worli, Mumbai"
07-11-2024,157,88,59,20,7,"Siddharth Nagar Worli, Mumbai"
08-11-2024,164,90,22,22,7,"Siddharth Nagar Worli, Mumbai"
09-11-2024,164,94,45,25,5,"Siddharth Nagar Worli, Mumbai"
10-11-2024,164,87,16,27,4,"Siddharth Nagar Worli, Mumbai"
11-11-2024,167,75,16,20,1,"Siddharth Nagar Worli, Mumbai"
12-11-2024,161,87,31,22,3.25,"Siddharth Nagar Worli, Mumbai"
13-11-2024,164,82,78,43,5.5,"Siddharth Nagar Worli, Mumbai"
14-11-2024,157,88,46,28,7.75,"Siddharth Nagar Worli, Mumbai"
15-11-2024,164,99,33,25,10,"Siddharth Nagar Worli, Mumbai"
16-11-2024,174,93,28,18,8.5,"Siddharth Nagar Worli, Mumbai"
17-11-2024,183,79,55,21,7,"Siddharth Nagar Worli, Mumbai"
18-11-2024,155,72,32,22,5.5,"Siddharth Nagar Worli, Mumbai"
19-11-2024,147,76,96,16,4,"Siddharth Nagar Worli, Mumbai"
20-11-2024,155,95,25,31,3,"Siddharth Nagar Worli, Mumbai"
21-11-2024,154,79,77,15,2,"Siddharth Nagar Worli, Mumbai"
22-11-2024,166,96,83,27,2.5,"Siddharth Nagar Worli, Mumbai"
23-11-2024,172,106,73,23,3,"Siddharth Nagar Worli, Mumbai"
24-11-2024,176,92,63,22,3.5,"Siddharth Nagar Worli, Mumbai"
25-11-2024,161,81,30,23,4,"Siddharth Nagar Worli, Mumbai"
26-11-2024,157,73,60,25,3,"Siddharth Nagar Worli, Mumbai"
27-11-2024,152,71,46,26,2,"Siddharth Nagar Worli, Mumbai"
28-11-2024,150,67,25,23,2,"Siddharth Nagar Worli, Mumbai"
29-11-2024,133,76,66,20,2,"Siddharth Nagar Worli, Mumbai"
30-11-2024,155,141,28,20,6,"Siddharth Nagar Worli, Mumbai"
01-12-2024,165,86,73,19,10,"Siddharth Nagar Worli, Mumbai"
02-12-2024,172,74,22,14,2,"Siddharth Nagar Worli, Mumbai"
03-12-2024,159,68,54,19,1.8,"Siddharth Nagar Worli, Mumbai"
04-12-2024,156,75,57,22,1.6,"Siddharth Nagar Worli, Mumbai"
05-12-2024,162,75,61,19,1.4,"Siddharth Nagar Worli, Mumbai"
06-12-2024,161,62,29,14,5,"Siddharth Nagar Worli, Mumbai"
07-12-2024,134,58,27,15,1,"Siddharth Nagar Worli, Mumbai"
08-12-2024,106,60,46,21,1.6,"Siddharth Nagar Worli, Mumbai"
09-12-2024,107,66,28,20,2.2,"Siddharth Nagar Worli, Mumbai"
10-12-2024,112,75,30,22,2.8,"Siddharth Nagar Worli, Mumbai"
11-12-2024,151,72,49,22,5,"Siddharth Nagar Worli, Mumbai"
12-12-2024,152,69,47,20,4,"Siddharth Nagar Worli, Mumbai"
13-12-2024,144,70,60,24,3,"Siddharth Nagar Worli, Mumbai"
14-12-2024,141,68,64,21,4,"Siddharth Nagar Worli, Mumbai"
15-12-2024,141,76,76,31,4.333333333,"Siddharth Nagar Worli, Mumbai"
16-12-2024,152,87,78,47,4.666666667,"Siddharth Nagar Worli, Mumbai"
17-12-2024,159,89,45,33,5,"Siddharth Nagar Worli, Mumbai"
18-12-2024,163,103,81,37,6,"Siddharth Nagar Worli, Mumbai"
19-12-2024,174,53,11,7,5.923076923,"Siddharth Nagar Worli, Mumbai"
20-12-2024,129,61.66666667,19.66666667,8,5.846153846,"Siddharth Nagar Worli, Mumbai"
22-12-2024,151.6666667,79,37,10,5.692307692,"Siddharth Nagar Worli, Mumbai"
23-12-2024,163,83,57,11,5,"Siddharth Nagar Worli, Mumbai"
24-12-2024,164,95,54,13,5,"Siddharth Nagar Worli, Mumbai"
25-12-2024,175,147,49,10,5,"Siddharth Nagar Worli, Mumbai"
26-12-2024,174,82,38,15,5,"Siddharth Nagar Worli, Mumbai"
27-12-2024,164,96,48,9,5,"Siddharth Nagar Worli, Mumbai"
28-12-2024,180,91,24,12,5,"Siddharth Nagar Worli, Mumbai"
29-12-2024,176,73.66666667,25.66666667,10.33333333,5,"Siddharth Nagar Worli, Mumbai"
31-12-2024,132,39,29,7,5,"Siddharth Nagar Worli, Mumbai"
01-01-2025,110,53,29,13,8,"Siddharth Nagar Worli, Mumbai"
02-01-2025,123,68,54,23,6,"Siddharth Nagar Worli, Mumbai"
03-01-2025,138,68,32,30,10,"Siddharth Nagar Worli, Mumbai"
04-01-2025,140,86,32,33,10,"Siddharth Nagar Worli, Mumbai"
05-01-2025,159,65,52,15,4,"Siddharth Nagar Worli, Mumbai"
06-01-2025,140,77,24,13,5,"Siddharth Nagar Worli, Mumbai"
07-01-2025,157,74,25,18,6.5,"Siddharth Nagar Worli, Mumbai"
08-01-2025,156,75,57,16,8,"Siddharth Nagar Worli, Mumbai"
09-01-2025,150,52,22,25,7,"Siddharth Nagar Worli, Mumbai"
10-01-2025,154,51,24,10,6,"Siddharth Nagar Worli, Mumbai"
11-01-2025,155,51,32,12,6.2,"Siddharth Nagar Worli, Mumbai"
12-01-2025,148,65,43,15,6.4,"Siddharth Nagar Worli, Mumbai"
13-01-2025,183,108,27,20,6.6,"Siddharth Nagar Worli, Mumbai"
14-01-2025,177,110,45,24,6,"Siddharth Nagar Worli, Mumbai"
15-01-2025,180,105,50,16,7,"Siddharth Nagar Worli, Mumbai"
16-01-2025,177,108,44,42,10,"Siddharth Nagar Worli, Mumbai"
17-01-2025,175,102,49,29,1,"Siddharth Nagar Worli, Mumbai"
18-01-2025,165,109,32,18,3.5,"Siddharth Nagar Worli, Mumbai"
19-01-2025,173,110,59,25,6,"Siddharth Nagar Worli, Mumbai"
20-01-2025,173,111,59,25,8.5,"Siddharth Nagar Worli, Mumbai"
21-01-2025,172,119,66,25,11,"Siddharth Nagar Worli, Mumbai"
22-01-2025,183,93,57,12,6,"Siddharth Nagar Worli, Mumbai"
23-01-2025,157,102,54,21,7,"Siddharth Nagar Worli, Mumbai"
24-01-2025,161,120,66,27,9.5,"Siddharth Nagar Worli, Mumbai"
25-01-2025,178,121,75,20,12,"Siddharth Nagar Worli, Mumbai"
26-01-2025,182,107,70,16,11,"Siddharth Nagar Worli, Mumbai"
27-01-2025,175,91,31,16,10,"Siddharth Nagar Worli, Mumbai"
28-01-2025,158,77,49,15,9.5,"Siddharth Nagar Worli, Mumbai"
29-01-2025,137,105,71,17,9,"Siddharth Nagar Worli, Mumbai"
30-01-2025,172,67,32,11,6,"Siddharth Nagar Worli, Mumbai"
31-01-2025,86,64,22,12,1,"Siddharth Nagar Worli, Mumbai"
01-02-2025,93,74,32.5,10.5,1,"Siddharth Nagar Worli, Mumbai"
02-02-2025,103,84,43,9,1,"Siddharth Nagar Worli, Mumbai"
03-02-2025,113,77,49,15,2,"Siddharth Nagar Worli, Mumbai"
04-02-2025,118,87,30,14,4.5,"Siddharth Nagar Worli, Mumbai"
05-02-2025,123,90,28,20,7,"Siddharth Nagar Worli, Mumbai"
06-02-2025,148,109,56,27,9,"Siddharth Nagar Worli, Mumbai"
07-02-2025,166,137,34,41,11,"Siddharth Nagar Worli, Mumbai"
08-02-2025,182,99,68,23,8.333333333,"Siddharth Nagar Worli, Mumbai"
09-02-2025,171,43,54,24,5.666666667,"Siddharth Nagar Worli, Mumbai"
10-02-2025,139,82,64,12,3,"Siddharth Nagar Worli, Mumbai"
11-02-2025,160,76,53,14,4,"Siddharth Nagar Worli, Mumbai"
12-02-2025,148,98,29,27,9,"Siddharth Nagar Worli, Mumbai"
13-02-2025,154,91,16,27,1,"Siddharth Nagar Worli, Mumbai"
14-02-2025,158,86,25,1,8,"Siddharth Nagar Worli, Mumbai"
15-02-2025,146,84,53,1,6.5,"Siddharth Nagar Worli, Mumbai"
16-02-2025,137,59,39,18,5,"Siddharth Nagar Worli, Mumbai"
17-02-2025,90,77,21,15,6.666666667,"Siddharth Nagar Worli, Mumbai"
18-02-2025,123,86,52,17,8.333333333,"Siddharth Nagar Worli, Mumbai"
19-02-2025,143,82,60,11,10,"Siddharth Nagar Worli, Mumbai"
20-02-2025,147,86,27,28,9,"Siddharth Nagar Worli, Mumbai"
21-02-2025,130,91,71,32,8,"Siddharth Nagar Worli, Mumbai"
22-02-2025,128,99,64,26,8.25,"Siddharth Nagar Worli, Mumbai"
23-02-2025,111,79,57,22,8.5,"Siddharth Nagar Worli, Mumbai"
24-02-2025,51,86,30,20,8.75,"Siddharth Nagar Worli, Mumbai"
25-02-2025,113,102,68,20,9,"Siddharth Nagar Worli, Mumbai"
26-02-2025,157,119,57,18,8.25,"Siddharth Nagar Worli, Mumbai"
27-02-2025,181,106,46,22.66666667,7.5,"Siddharth Nagar Worli, Mumbai"
28-02-2025,157,73,24,27.33333333,6.75,"Siddharth Nagar Worli, Mumbai"
01-03-2025,97,87,51,32,6,"Siddharth Nagar Worli, Mumbai"
02-03-2025,108,91,34,8,5.75,"Siddharth Nagar Worli, Mumbai"
03-03-2025,111,95,49,8,5.5,"Siddharth Nagar Worli, Mumbai"
04-03-2025,116,95,56,46,5.25,"Siddharth Nagar Worli, Mumbai"
05-03-2025,94,88,73,47,5,"Siddharth Nagar Worli, Mumbai"
06-03-2025,111,106,43,45,6.333333333,"Siddharth Nagar Worli, Mumbai"
07-03-2025,148,93,29,32,7.666666667,"Siddharth Nagar Worli, Mumbai"
08-03-2025,127,67,15,28,9,"Siddharth Nagar Worli, Mumbai"
09-03-2025,65,94,39,27,11,"Siddharth Nagar Worli, Mumbai"
10-03-2025,106,122,60.5,40,16,"Siddharth Nagar Worli, Mumbai"
11-03-2025,141,102,82,46,2,"Siddharth Nagar Worli, Mumbai"
12-03-2025,117,84.66666667,66.33333333,35,3.25,"Siddharth Nagar Worli, Mumbai"
14-03-2025,45.66666667,50,35,13,5.75,"Siddharth Nagar Worli, Mumbai"
15-03-2025,10,63,49,12,7,"Siddharth Nagar Worli, Mumbai"
16-03-2025,23,71,26,11,7.285714286,"Siddharth Nagar Worli, Mumbai"
17-03-2025,45,58,45,8,7.571428571,"Siddharth Nagar Worli, Mumbai"
18-03-2025,22,60,39,10,7.857142857,"Siddharth Nagar Worli, Mumbai"
19-03-2025,39,66,77,13,7,"Siddharth Nagar Worli, Mumbai"
20-03-2025,69,60,31,10,7,"Siddharth Nagar Worli, Mumbai"
21-03-2025,48,50,33,10,7,"Siddharth Nagar Worli, Mumbai"
22-03-2025,23,62,40,10,9,"Siddharth Nagar Worli, Mumbai"
23-03-2025,56,61,47,11,8,"Siddharth Nagar Worli, Mumbai"
24-03-2025,75,67,40,11,7,"Siddharth Nagar Worli, Mumbai"
25-03-2025,96,49,17,9,5,"Siddharth Nagar Worli, Mumbai"
26-03-2025,38,39,28,9,3,"Siddharth Nagar Worli, Mumbai"
27-03-2025,14,65,41,11,3,"Siddharth Nagar Worli, Mumbai"
28-03-2025,54,93,85,15,3,"Siddharth Nagar Worli, Mumbai"
29-03-2025,100,84,80,11,4.5,"Siddharth Nagar Worli, Mumbai"
30-03-2025,86,66,29,9,6,"Siddharth Nagar Worli, Mumbai"
31-03-2025,66,70,50,12,5.666666667,"Siddharth Nagar Worli, Mumbai"
01-04-2025,73,77,33,23,5.333333333,"Siddharth Nagar Worli, Mumbai"
02-04-2025,101,70,24,10,5,"Siddharth Nagar Worli, Mumbai"
03-04-2025,93,85,26,10,10,"Siddharth Nagar Worli, Mumbai"
04-04-2025,66,65,16,11,10,"Siddharth Nagar Worli, Mumbai"
05-04-2025,79,59,14,14,8.666666667,"Siddharth Nagar Worli, Mumbai"
06-04-2025,66,67,62,11,7.333333333,"Siddharth Nagar Worli, Mumbai"
07-04-2025,85,66,49,12,6,"Siddharth Nagar Worli, Mumbai"
08-04-2025,80,56,36,9,8,"Siddharth Nagar Worli, Mumbai"
09-04-2025,57,45,23,7,10,"Siddharth Nagar Worli, Mumbai"
10-04-2025,28,43,8,7,9.166666667,"Siddharth Nagar Worli, Mumbai"
11-04-2025,27,35,18,6,8.333333333,"Siddharth Nagar Worli, Mumbai"
12-04-2025,19,46,20,5,7.5,"Siddharth Nagar Worli, Mumbai"
13-04-2025,36,47,23,9,7.366666667,"Siddharth Nagar Worli, Mumbai"
14-04-2025,34,57,23,6,7.366666667,"Siddharth Nagar Worli, Mumbai"
15-04-2025,42,39,8,5,5,"Siddharth Nagar Worli, Mumbai"
16-04-2025,22,37,9,5,5.333333333,"Siddharth Nagar Worli, Mumbai"
17-04-2025,20,34,24,5,5.666666667,"Siddharth Nagar Worli, Mumbai"
18-04-2025,56,39,10,5,6,"Siddharth Nagar Worli, Mumbai"
19-04-2025,53,57,24,7,7.366666667,"Siddharth Nagar Worli, Mumbai"
20-04-2025,60,51,14,6,7.366666667,"Siddharth Nagar Worli, Mumbai"
21-04-2025,53,78,19,10,7,"Siddharth Nagar Worli, Mumbai"
22-04-2025,79,78,23,5,7.2,"Siddharth Nagar Worli, Mumbai"
23-04-2025,79,61,22,1,7.4,"Siddharth Nagar Worli, Mumbai"
24-04-2025,61,60.5,18.75,4.5,7.6,"Siddharth Nagar Worli, Mumbai"
27-04-2025,64.75,59,9,15,7.366666667,"Siddharth Nagar Worli, Mumbai"
28-04-2025,66,59,15,10,7.366666667,"Siddharth Nagar Worli, Mumbai"
29-04-2025,66,51,16,13,7.366666667,"Siddharth Nagar Worli, Mumbai"
30-04-2025,51,43,21,14,7.366666667,"Siddharth Nagar Worli, Mumbai"
01-05-2025,58,49,11,14,9,"Siddharth Nagar Worli, Mumbai"
02-05-2025,56,43,18,14,8.166666667,"Siddharth Nagar Worli, Mumbai"
03-05-2025,54,42,16,14,7.333333333,"Siddharth Nagar Worli, Mumbai"
04-05-2025,54,44,7,13,6.5,"Siddharth Nagar Worli, Mumbai"
05-05-2025,56,43,12,13,9,"Siddharth Nagar Worli, Mumbai"
06-05-2025,59,52,23,14,9,"Siddharth Nagar Worli, Mumbai"
07-05-2025,55,31,18,11,4,"Siddharth Nagar Worli, Mumbai"
08-05-2025,7,23,18,8,3.333333333,"Siddharth Nagar Worli, Mumbai"
09-05-2025,8,34,9,9,2.666666667,"Siddharth Nagar Worli, Mumbai"
10-05-2025,8,32,24,7,2,"Siddharth Nagar Worli, Mumbai"
11-05-2025,9,26,14,7,2,"Siddharth Nagar Worli, Mumbai"
12-05-2025,45,33,14,6,2.076923077,"Siddharth Nagar Worli, Mumbai"
13-05-2025,48,46,10,11,2.153846154,"Siddharth Nagar Worli, Mumbai"
14-05-2025,57,29,10,13,2.230769231,"Siddharth Nagar Worli, Mumbai"
15-05-2025,92,60,14,6,9,"Siddharth Nagar Worli, Mumbai"
16-05-2025,57,59,10,6,9,"Siddharth Nagar Worli, Mumbai"
17-05-2025,46,63,14,6,9,"Siddharth Nagar Worli, Mumbai"
18-05-2025,50,57,15,5,9,"Siddharth Nagar Worli, Mumbai"
19-05-2025,60,12,19,7,9,"Siddharth Nagar Worli, Mumbai"
20-05-2025,53,52,31,10,9,"Siddharth Nagar Worli, Mumbai"
21-05-2025,62,38,15,12,9,"Siddharth Nagar Worli, Mumbai"
22-05-2025,57,63,25,19,9,"Siddharth Nagar Worli, Mumbai"
23-05-2025,99,71,16,16,9,"Siddharth Nagar Worli, Mumbai"
24-05-2025,101,47,9,6,3,"Siddharth Nagar Worli, Mumbai"
25-05-2025,65,56,6,4,4,"Siddharth Nagar Worli, Mumbai"
26-05-2025,53,44,11,8,1,"Siddharth Nagar Worli, Mumbai"
27-05-2025,55,59,11,17,1.75,"Siddharth Nagar Worli, Mumbai"
28-05-2025,72,69,4,13,2.5,"Siddharth Nagar Worli, Mumbai"
29-05-2025,76,73,9,5,3.25,"Siddharth Nagar Worli, Mumbai"
30-05-2025,76,71,9,4,4,"Siddharth Nagar Worli, Mumbai"
31-05-2025,72,67,7,4.5,4.75,"Siddharth Nagar Worli, Mumbai"
01-06-2025,67.5,63,5,5,5.5,"Siddharth Nagar Worli, Mumbai"
02-06-2025,63,63,7,4,6.25,"Siddharth Nagar Worli, Mumbai"
03-06-2025,63,37,19,21,7,"Siddharth Nagar Worli, Mumbai"
04-06-2025,54,66,7,13,6,"Siddharth Nagar Worli, Mumbai"
05-06-2025,84,54,15,12,5.5,"Siddharth Nagar Worli, Mumbai"
06-06-2025,87,26,7,13,5,"Siddharth Nagar Worli, Mumbai"
07-06-2025,53,49,13,12,4.5,"Siddharth Nagar Worli, Mumbai"
08-06-2025,75,51,12,4,8,"Siddharth Nagar Worli, Mumbai"
09-06-2025,71,40,6,5,8,"Siddharth Nagar Worli, Mumbai"
10-06-2025,60,24,11,5,8,"Siddharth Nagar Worli, Mumbai"
11-06-2025,40,30,11,5,8,"Siddharth Nagar Worli, Mumbai"
12-06-2025,37,39,10,7,2,"Siddharth Nagar Worli, Mumbai"
13-06-2025,51,21,9,8,3,"Siddharth Nagar Worli, Mumbai"
14-06-2025,55,25.5,15,13,4,"Siddharth Nagar Worli, Mumbai"
15-06-2025,61,30,9,4,5,"Siddharth Nagar Worli, Mumbai"
16-06-2025,41,37,8,4,8,"Siddharth Nagar Worli, Mumbai"
17-06-2025,65,10,16,4,7,"Siddharth Nagar Worli, Mumbai"
18-06-2025,47,47,12,4,9,"Siddharth Nagar Worli, Mumbai"
19-06-2025,50,45,8,4,7.75,"Siddharth Nagar Worli, Mumbai"
20-06-2025,55,44,9,3,6.5,"Siddharth Nagar Worli, Mumbai"
21-06-2025,56,42,5,3,5.25,"Siddharth Nagar Worli, Mumbai"
22-06-2025,55,37,9,3,4,"Siddharth Nagar Worli, Mumbai"
23-06-2025,52,90,9,5,4.222222222,"Siddharth Nagar Worli, Mumbai"
24-06-2025,82,53,11,4,4.444444444,"Siddharth Nagar Worli, Mumbai"
25-06-2025,55,51,12,4,4.666666667,"Siddharth Nagar Worli, Mumbai"
26-06-2025,61,52,12,4,8,"Siddharth Nagar Worli, Mumbai"
27-06-2025,59,63,11,4,8,"Siddharth Nagar Worli, Mumbai"
28-06-2025,68,45,14,3,8,"Siddharth Nagar Worli, Mumbai"
29-06-2025,56,43,11,3,8,"Siddharth Nagar Worli, Mumbai"
30-06-2025,65,42,11,3,8,"Siddharth Nagar Worli, Mumbai"
01-07-2025,54,35,9,2,6,"Siddharth Nagar Worli, Mumbai"
02-07-2025,54,32,19,25,5.8,"Siddharth Nagar Worli, Mumbai"
03-07-2025,46,45,13,48,5.6,"Siddharth Nagar Worli, Mumbai"
04-07-2025,53,46,12,12,5.4,"Siddharth Nagar Worli, Mumbai"
05-07-2025,62,51,6,13,5.4,"Siddharth Nagar Worli, Mumbai"
06-07-2025,61,51,11,39,5.4,"Siddharth Nagar Worli, Mumbai"
07-07-2025,61,44,6,50,5.4,"Siddharth Nagar Worli, Mumbai"
08-07-2025,57,45,10,30,5.4,"Siddharth Nagar Worli, Mumbai"
09-07-2025,64,45,11,16,5.4,"Siddharth Nagar Worli, Mumbai"
10-07-2025,66,40,10,15,5.4,"Siddharth Nagar Worli, Mumbai"
11-07-2025,64,42,9,13,4,"Siddharth Nagar Worli, Mumbai"
12-07-2025,56,34,10,13,3,"Siddharth Nagar Worli, Mumbai"
13-07-2025,56,12,5,12,4,"Siddharth Nagar Worli, Mumbai"
14-07-2025,39,49,9,20.75,5,"Siddharth Nagar Worli, Mumbai"
15-07-2025,62,60,8,29.5,6,"Siddharth Nagar Worli, Mumbai"
16-07-2025,62,39,9,38.25,7,"Siddharth Nagar Worli, Mumbai"
17-07-2025,53,40,9,47,5,"Siddharth Nagar Worli, Mumbai"
18-07-2025,66,34,11,17,4.727272727,"Siddharth Nagar Worli, Mumbai"
19-07-2025,59,24,5,15,4.454545455,"Siddharth Nagar Worli, Mumbai"
20-07-2025,56,23,9,15,4.181818182,"Siddharth Nagar Worli, Mumbai"
21-07-2025,56,24,11,14,5.4,"Siddharth Nagar Worli, Mumbai"
22-07-2025,48,35,12,13,5.4,"Siddharth Nagar Worli, Mumbai"
23-07-2025,50,49,12,10,5.4,"Siddharth Nagar Worli, Mumbai"
24-07-2025,52,50,8,8,5.4,"Siddharth Nagar Worli, Mumbai"
25-07-2025,57,46.5,8,9.25,5.4,"Siddharth Nagar Worli, Mumbai"
28-07-2025,42,36,8,13,2,"Siddharth Nagar Worli, Mumbai"
29-07-2025,37,58,5,8,1,"Siddharth Nagar Worli, Mumbai"
30-07-2025,64,58,10,7,2.5,"Siddharth Nagar Worli, Mumbai"
31-07-2025,65,58,6,6,4,"Siddharth Nagar Worli, Mumbai"
01-08-2025,59,44,10,6,3,"Siddharth Nagar Worli, Mumbai"
02-08-2025,51,46,6,5,3,"Siddharth Nagar Worli, Mumbai"
03-08-2025,45,46,10,5,3,"Siddharth Nagar Worli, Mumbai"
04-08-2025,50,35,43,18,2,"Siddharth Nagar Worli, Mumbai"
05-08-2025,46,37,8,25,9,"Siddharth Nagar Worli, Mumbai"
06-08-2025,51,32,5,19,8,"Siddharth Nagar Worli, Mumbai"
07-08-2025,54,47,4,11,7,"Siddharth Nagar Worli, Mumbai"
08-08-2025,53,46,3,14,6,"Siddharth Nagar Worli, Mumbai"
09-08-2025,59,46,3,10,4.666666667,"Siddharth Nagar Worli, Mumbai"
10-08-2025,58,41,4,8,3.333333333,"Siddharth Nagar Worli, Mumbai"
11-08-2025,52,36,7,8,2,"Siddharth Nagar Worli, Mumbai"
12-08-2025,57,31,3,14,6,"Siddharth Nagar Worli, Mumbai"
13-08-2025,40,26,10,12,4.5,"Siddharth Nagar Worli, Mumbai"
14-08-2025,42,24,6,8,3,"Siddharth Nagar Worli, Mumbai"
15-08-2025,34,33,4,7,2,"Siddharth Nagar Worli, Mumbai"
16-08-2025,48,29,11,9,1,"Siddharth Nagar Worli, Mumbai"
17-08-2025,46,40,11,7,2,"Siddharth Nagar Worli, Mumbai"
18-08-2025,45,48,13,6,2.222222222,"Siddharth Nagar Worli, Mumbai"
19-08-2025,49,58,8,9,2.444444444,"Siddharth Nagar Worli, Mumbai"
20-08-2025,54,50,5,7,2.666666667,"Siddharth Nagar Worli, Mumbai"
21-08-2025,55,38,9,7,3,"Siddharth Nagar Worli, Mumbai"
22-08-2025,45,37,9,6,3,"Siddharth Nagar Worli, Mumbai"
23-08-2025,43,35,10,6,3,"Siddharth Nagar Worli, Mumbai"
24-08-2025,38,31,9,7,3,"Siddharth Nagar Worli, Mumbai"
25-08-2025,27,33,4,7,3,"Siddharth Nagar Worli, Mumbai"
26-08-2025,41,37,4,7,4,"Siddharth Nagar Worli, Mumbai"
27-08-2025,49,44,7,9,4.9,"Siddharth Nagar Worli, Mumbai"
28-08-2025,61,35,6,13,5.8,"Siddharth Nagar Worli, Mumbai"
29-08-2025,57,26,8,8,6.7,"Siddharth Nagar Worli, Mumbai"
30-08-2025,49,38,8,6,3,"Siddharth Nagar Worli, Mumbai"
31-08-2025,54,38,5,6,3,"Siddharth Nagar Worli, Mumbai"
01-09-2025,43,41,5,6,9.5,"Siddharth Nagar Worli, Mumbai"
02-09-2025,53,43,6,6,9.5,"Siddharth Nagar Worli, Mumbai"
03-09-2025,49,41,9,6,9.5,"Siddharth Nagar Worli, Mumbai"
04-09-2025,52,36,10,6,9.5,"Siddharth Nagar Worli, Mumbai"
05-09-2025,36,11,5,5,13,"Siddharth Nagar Worli, Mumbai"
06-09-2025,40,41,4,7,12.77777778,"Siddharth Nagar Worli, Mumbai"
07-09-2025,40.66666667,38,4,22,12.55555556,"Siddharth Nagar Worli, Mumbai"
08-09-2025,41.33333333,50,32,14,12.33333333,"Siddharth Nagar Worli, Mumbai"
09-09-2025,42,55,12,13,9.5,"Siddharth Nagar Worli, Mumbai"
10-09-2025,66,50,4,18,9.5,"Siddharth Nagar Worli, Mumbai"
11-09-2025,31,43,6,35,9.5,"Siddharth Nagar Worli, Mumbai"
12-09-2025,47,44,11,41,9.5,"Siddharth Nagar Worli, Mumbai"
13-09-2025,67,33,13,26,9.5,"Siddharth Nagar Worli, Mumbai"
14-09-2025,69,43,6,33,11,"Siddharth Nagar Worli, Mumbai"
15-09-2025,45,36,6.5,51,14,"Siddharth Nagar Worli, Mumbai"
16-09-2025,61,21,7,29,12.5,"Siddharth Nagar Worli, Mumbai"
17-09-2025,35,22,6,26,11,"Siddharth Nagar Worli, Mumbai"
18-09-2025,38,26,6,28,11.5,"Siddharth Nagar Worli, Mumbai"
19-09-2025,39,32,3,25,12,"Siddharth Nagar Worli, Mumbai"
20-09-2025,48,25,7,24,12.5,"Siddharth Nagar Worli, Mumbai"
21-09-2025,35,30,7,37,9.5,"Siddharth Nagar Worli, Mumbai"
22-09-2025,44,37,9,25,9.5,"Siddharth Nagar Worli, Mumbai"
23-09-2025,64,31,3,15,9.5,"Siddharth Nagar Worli, Mumbai"
24-09-2025,37,26,8,18,9.5,"Siddharth Nagar Worli, Mumbai"
25-09-2025,45,41,3,22,9.5,"Siddharth Nagar Worli, Mumbai"
26-09-2025,58,29,4,14,9.5,"Siddharth Nagar Worli, Mumbai"
27-09-2025,49,26,18,12,9.5,"Siddharth Nagar Worli, Mumbai"
28-09-2025,48,43,9,20,9.5,"Siddharth Nagar Worli, Mumbai"
29-09-2025,61,30,5,18,9.5,"Siddharth Nagar Worli, Mumbai"
30-09-2025,54,29,5,16,9.5,"Siddharth Nagar Worli, Mumbai"
01-10-2025,45,28,2,16,18,"Siddharth Nagar Worli, Mumbai"
02-10-2025,45,30,6,16,14,"Siddharth Nagar Worli, Mumbai"
03-10-2025,43,31,7,15,10,"Siddharth Nagar Worli, Mumbai"
04-10-2025,37,46,6,17,6,"Siddharth Nagar Worli, Mumbai"
05-10-2025,58,36,8,15,2,"Siddharth Nagar Worli, Mumbai"
06-10-2025,50,30,23,37,3,"Siddharth Nagar Worli, Mumbai"
07-10-2025,51,53,6,19,4,"Siddharth Nagar Worli, Mumbai"
08-10-2025,69,74,11,18,5,"Siddharth Nagar Worli, Mumbai"
09-10-2025,108,95,12,21,8.666666667,"Siddharth Nagar Worli, Mumbai"
10-10-2025,146,120,13,21,7,"Siddharth Nagar Worli, Mumbai"
11-10-2025,155,112,26,22,6.666666667,"Siddharth Nagar Worli, Mumbai"
12-10-2025,158,91,27,21,6.333333333,"Siddharth Nagar Worli, Mumbai"
13-10-2025,150,84,30,22,6,"Siddharth Nagar Worli, Mumbai"
14-10-2025,146,78,33,25,7,"Siddharth Nagar Worli, Mumbai"
15-10-2025,107,63,13,24,8,"Siddharth Nagar Worli, Mumbai"
16-10-2025,121,52,25,19,7.888888889,"Siddharth Nagar Worli, Mumbai"
17-10-2025,108,65,17,21,7.777777778,"Siddharth Nagar Worli, Mumbai"
18-10-2025,152,81,27,20,7.666666667,"Siddharth Nagar Worli, Mumbai"
19-10-2025,160,94,25,19,8.666666667,"Siddharth Nagar Worli, Mumbai"
20-10-2025,175,109,18,20,8.666666667,"Siddharth Nagar Worli, Mumbai"
21-10-2025,204,76,15,18,8.666666667,"Siddharth Nagar Worli, Mumbai"
22-10-2025,152,54,15,18,8.666666667,"Siddharth Nagar Worli, Mumbai"
23-10-2025,116,32,8,15,8.666666667,"Siddharth Nagar Worli, Mumbai"
24-10-2025,70,31,6,18,7,"Siddharth Nagar Worli, Mumbai"
25-10-2025,47,32,8,15,5,"Siddharth Nagar Worli, Mumbai"
26-10-2025,40,25,11,15,4.666666667,"Siddharth Nagar Worli, Mumbai"
27-10-2025,39,46,8,14,4.333333333,"Siddharth Nagar Worli, Mumbai"
28-10-2025,74,58,14,14,4,"Siddharth Nagar Worli, Mumbai"
29-10-2025,87,41,13,12,8.666666667,"Siddharth Nagar Worli, Mumbai"
30-10-2025,69,42,7,15,8.666666667,"Siddharth Nagar Worli, Mumbai"
31-10-2025,58,41,11,13,3,"Siddharth Nagar Worli, Mumbai"
01-11-2025,63,32,3,12,3,"Siddharth Nagar Worli, Mumbai"
02-11-2025,55,29,14,13,4,"Siddharth Nagar Worli, Mumbai"
03-11-2025,48,29,15,8,3,"Siddharth Nagar Worli, Mumbai"
04-11-2025,59,43,8,8,3.333333333,"Siddharth Nagar Worli, Mumbai"
05-11-2025,66,68,23,31,3.666666667,"Siddharth Nagar Worli, Mumbai"
06-11-2025,99,89,51,15,4,"Siddharth Nagar Worli, Mumbai"
07-11-2025,153,67,40,25,8,"Siddharth Nagar Worli, Mumbai"
08-11-2025,122,68,43,35,6,"Siddharth Nagar Worli, Mumbai"
09-11-2025,125,60,23,29,6,"Siddharth Nagar Worli, Mumbai"
10-11-2025,118,74,34,35,6,"Siddharth Nagar Worli, Mumbai"
11-11-2025,129,77,43,34,6,"Siddharth Nagar Worli, Mumbai"
12-11-2025,152,81,25,32,6,"Siddharth Nagar Worli, Mumbai"
13-11-2025,156,88,68,35,6,"Siddharth Nagar Worli, Mumbai"
14-11-2025,159,96,11,48,10,"Siddharth Nagar Worli, Mumbai"
15-11-2025,151,86,33,35.5,6.5,"Siddharth Nagar Worli, Mumbai"
16-11-2025,154.5,76,55,23,3,"Siddharth Nagar Worli, Mumbai"
17-11-2025,158,87,49,34,7,"Siddharth Nagar Worli, Mumbai"
18-11-2025,164,91,56,39,6.5,"Siddharth Nagar Worli, Mumbai"
19-11-2025,167,85,51,34,6,"Siddharth Nagar Worli, Mumbai"
20-11-2025,165,95,30,35,7.333333333,"Siddharth Nagar Worli, Mumbai"
21-11-2025,170,94,33,35,8.666666667,"Siddharth Nagar Worli, Mumbai"
22-11-2025,169,114,54,48,10,"Siddharth Nagar Worli, Mumbai"
23-11-2025,168,110,27,38,10.66666667,"Siddharth Nagar Worli, Mumbai"
24-11-2025,169,107,45,22,11.33333333,"Siddharth Nagar Worli, Mumbai"
25-11-2025,189,122,48,28,12,"Siddharth Nagar Worli, Mumbai"
26-11-2025,181,102,32,24,10,"Siddharth Nagar Worli, Mumbai"
27-11-2025,138,97,26,29,6,"Siddharth Nagar Worli, Mumbai"
28-11-2025,148,91,40,25,4.5,"Siddharth Nagar Worli, Mumbai"
29-11-2025,134,83,43,32,3,"Siddharth Nagar Worli, Mumbai"
30-11-2025,154,89,56,29,4,"Siddharth Nagar Worli, Mumbai"
01-12-2025,165,94,46,36,5,"Siddharth Nagar Worli, Mumbai"
02-12-2025,165,95,42,33,5,"Siddharth Nagar Worli, Mumbai"
03-12-2025,168,96,18,34,5,"Siddharth Nagar Worli, Mumbai"
04-12-2025,168,95,21,31,5,"Siddharth Nagar Worli, Mumbai"
05-12-2025,168,83,41,29,5,"Siddharth Nagar Worli, Mumbai"
06-12-2025,156,83,28,28,5,"Siddharth Nagar Worli, Mumbai"
07-12-2025,152,81,45,33,5,"Siddharth Nagar Worli, Mumbai"
08-12-2025,144,82,21,44,3.5,"Siddharth Nagar Worli, Mumbai"
09-12-2025,127,65,41,43,2,"Siddharth Nagar Worli, Mumbai"
10-12-2025,101,66,25,52,2.5,"Siddharth Nagar Worli, Mumbai"
11-12-2025,137,72,28,21,3,"Siddharth Nagar Worli, Mumbai"
12-12-2025,148,94,36,40,3.5,"Siddharth Nagar Worli, Mumbai"
13-12-2025,160,95,66,41,4,"Siddharth Nagar Worli, Mumbai"
14-12-2025,162,83,46,34,2,"Siddharth Nagar Worli, Mumbai"
15-12-2025,151,93,56,33,2.5,"Siddharth Nagar Worli, Mumbai"
16-12-2025,155,96,60,30,3,"Siddharth Nagar Worli, Mumbai"
17-12-2025,166,97,47,34,4,"Siddharth Nagar Worli, Mumbai"
18-12-2025,168,90,11,32,4.111111111,"Siddharth Nagar Worli, Mumbai"
19-12-2025,151,53,35,29,4.222222222,"Siddharth Nagar Worli, Mumbai"
20-12-2025,102,83,12,39,4.333333333,"Siddharth Nagar Worli, Mumbai"
21-12-2025,134,69,24,30,5,"Siddharth Nagar Worli, Mumbai"
22-12-2025,154,72,24,22,5,"Siddharth Nagar Worli, Mumbai"
23-12-2025,141,68,20,29,5,"Siddharth Nagar Worli, Mumbai"
24-12-2025,116,87,26,34,5,"Siddharth Nagar Worli, Mumbai"
25-12-2025,148,103,71,38,5,"Siddharth Nagar Worli, Mumbai"
26-12-2025,169,96,58,31,5,"Siddharth Nagar Worli, Mumbai"
27-12-2025,166,106,36,37,5.333333333,"Siddharth Nagar Worli, Mumbai"
28-12-2025,170,94.25,32.25,32.75,5.666666667,"Siddharth Nagar Worli, Mumbai"
31-12-2025,137,59,21,20,6.666666667,"Siddharth Nagar Worli, Mumbai"
01-01-2026,126,85,27,30,7,"Siddharth Nagar Worli, Mumbai"
02-01-2026,154,90,19,22,7.5,"Siddharth Nagar Worli, Mumbai"
03-01-2026,163,110,33,24,8,"Siddharth Nagar Worli, Mumbai"
04-01-2026,183,102,43,24,7,"Siddharth Nagar Worli, Mumbai"
05-01-2026,174,107,48,30,8,"Siddharth Nagar Worli, Mumbai"
06-01-2026,178,109,28,21,8.333333333,"Siddharth Nagar Worli, Mumbai"
07-01-2026,181,94,50,7,8.666666667,"Siddharth Nagar Worli, Mumbai"
08-01-2026,169,86,95,13,9,"Siddharth Nagar Worli, Mumbai"
09-01-2026,163,98,62,13,7,"Siddharth Nagar Worli, Mumbai"
10-01-2026,167,107,65,13,9,"Siddharth Nagar Worli, Mumbai"
11-01-2026,169,87,68,7,10.5,"Siddharth Nagar Worli, Mumbai"
12-01-2026,161,111,72.5,7,12,"Siddharth Nagar Worli, Mumbai"
13-01-2026,172,108,77,36,12,"Siddharth Nagar Worli, Mumbai"
14-01-2026,172,74,71,48,10.5,"Siddharth Nagar Worli, Mumbai"
15-01-2026,148,87,67,10,9,"Siddharth Nagar Worli, Mumbai"
16-01-2026,157,63,27,27,8.5,"Siddharth Nagar Worli, Mumbai"
17-01-2026,133,54,51,31,8,"Siddharth Nagar Worli, Mumbai"
18-01-2026,107,52,22,32,7.5,"Siddharth Nagar Worli, Mumbai"
19-01-2026,92,73,59,38,7,"Siddharth Nagar Worli, Mumbai"
20-01-2026,127,115,37,58,6.75,"Siddharth Nagar Worli, Mumbai"
21-01-2026,176,102,63,50,6.5,"Siddharth Nagar Worli, Mumbai"
22-01-2026,165,43,17,18,6.25,"Siddharth Nagar Worli, Mumbai"
23-01-2026,109,44,49,28,6,"Siddharth Nagar Worli, Mumbai"
24-01-2026,88,62,28,29,8,"Siddharth Nagar Worli, Mumbai"
25-01-2026,123,74,78,27,10,"Siddharth Nagar Worli, Mumbai"
26-01-2026,157,47,48,13,10,"Siddharth Nagar Worli, Mumbai"
27-01-2026,113,40,59,16,10,"Siddharth Nagar Worli, Mumbai"
28-01-2026,78,57,58,29,10,"Siddharth Nagar Worli, Mumbai"
29-01-2026,106,72,43,35,10,"Siddharth Nagar Worli, Mumbai"
30-01-2026,145,60,42,22,11,"Siddharth Nagar Worli, Mumbai"
31-01-2026,136,67,26,12,11.5,"Siddharth Nagar Worli, Mumbai"
01-02-2026,156,82,46,25,12,"Siddharth Nagar Worli, Mumbai"
02-02-2026,164,76,52,41,10,"Siddharth Nagar Worli, Mumbai"
03-02-2026,157,92,42,18,9,"Siddharth Nagar Worli, Mumbai"
04-02-2026,159,78,60,21,8,"Siddharth Nagar Worli, Mumbai"
05-02-2026,150,83,68,23,8,"Siddharth Nagar Worli, Mumbai"
06-02-2026,150,73,54,15,8,"Siddharth Nagar Worli, Mumbai"
07-02-2026,142,81,5,36,12,"Siddharth Nagar Worli, Mumbai"
08-02-2026,131,78.6,9,31.4,12.16666667,"Siddharth Nagar Worli, Mumbai"
12-02-2026,138.2,69,25,13,12.83333333,"Siddharth Nagar Worli, Mumbai"
13-02-2026,140,93,71,24,13,"Siddharth Nagar Worli, Mumbai"
14-02-2026,153,86,68,19,11,"Siddharth Nagar Worli, Mumbai"
15-02-2026,144,66,59,13,9,"Siddharth Nagar Worli, Mumbai"
16-02-2026,113,44,70,22,7,"Siddharth Nagar Worli, Mumbai"
17-02-2026,89,39,31,17,7,"Siddharth Nagar Worli, Mumbai"
18-02-2026,80,39,31,17,7,"Siddharth Nagar Worli, Mumbai"
