date, pm25, pm10, o3, no2, so2, co,location
2021-12-27, ,93,12,4,1,14,"Malad West, Mumbai"
2021-12-28,55,74,12,3,1,11,"Malad West, Mumbai"
2021-12-29,50,89,12,4,1,12,"Malad West, Mumbai"
2021-12-30,53,83,11,4,1,14,"Malad West, Mumbai"
2021-12-31,59,128,12,4,1,16,"Malad West, Mumbai"
2022-01-01,47,87,11,4,1,17,"Malad West, Mumbai"
2022-01-02,54,90,15,4,2,20,"Malad West, Mumbai"
2022-01-03,51,93,15,3,2,20,"Malad West, Mumbai"
2022-01-04,51,96,15,3,2,20,"Malad West, Mumbai"
2022-01-05,45,81,10,3,2,14,"Malad West, Mumbai"
2022-01-06,59,104,11,3,2,20,"Malad West, Mumbai"
2022-01-07,55,70,5,3,1,17,"Malad West, Mumbai"
2022-01-08,40,48,12,3,2,7,"Malad West, Mumbai"
2022-01-09,42,52,16,3,2,2,"Malad West, Mumbai"
2022-01-10,58,82,16,3,2,10,"Malad West, Mumbai"
2022-01-11,53,72,15,3,2,6,"Malad West, Mumbai"
2022-01-12,60,84,16,3,2,10,"Malad West, Mumbai"
2022-01-13,51,86,14,3,2,12,"Malad West, Mumbai"
2022-01-14,56,87,12,3,2,13,"Malad West, Mumbai"
2022-01-15,57,73,11,3,2,14,"Malad West, Mumbai"
2022-01-16,59,10,13,3,2,15,"Malad West, Mumbai"
2022-01-17,59,22,14,3,2,15,"Malad West, Mumbai"
2022-01-18,84,91,17,3,2,12,"Malad West, Mumbai"
2022-01-19,171,93,12,3,2,12,"Malad West, Mumbai"
2022-01-20,161,50,6,3,1,10,"Malad West, Mumbai"
2022-01-21,125,58,6,2,2,12,"Malad West, Mumbai"
2022-01-22,104,447,11,2,2,2,"Malad West, Mumbai"
2022-01-23,116,183,12,2,2,1,"Malad West, Mumbai"
2022-01-24,121,138,14,3,2,3,"Malad West, Mumbai"
2022-01-25,146,116,16,3,2,5,"Malad West, Mumbai"
2022-01-26,154,120,16,3,2,14,"Malad West, Mumbai"
2022-01-27,166,91,16,3,2,7,"Malad West, Mumbai"
2022-01-28,153,102,18,3,2,8,"Malad West, Mumbai"
2022-01-29,149,103,18,3,2,14,"Malad West, Mumbai"
2022-01-30,165,91,23,3,2,13,"Malad West, Mumbai"
2022-01-31,172,78,14,3,2,10,"Malad West, Mumbai"
2022-02-01,167,92,14,3,2,13,"Malad West, Mumbai"
2022-02-02,172,95,7,3,2,15,"Malad West, Mumbai"
2022-02-03,158,131,8,2,1,8,"Malad West, Mumbai"
2022-02-04,107,136,13,3,2,9,"Malad West, Mumbai"
2022-02-05,148,121,20,3,2,9,"Malad West, Mumbai"
2022-02-06,159,81,11,2,2,10,"Malad West, Mumbai"
2022-02-07,128,59,8,3,2,9,"Malad West, Mumbai"
2022-02-08,101,66,9,2,1,9,"Malad West, Mumbai"
2022-02-09,122,80,15,3,2,8,"Malad West, Mumbai"
2022-02-10,154,83,15,3,2,7,"Malad West, Mumbai"
2022-02-11,140,136,18,3,2,9,"Malad West, Mumbai"
2022-02-12,156,100,19,3,2,13,"Malad West, Mumbai"
2022-02-13,167,82,12,3,2,11,"Malad West, Mumbai"
2022-02-14,151,61,10,3,1,8,"Malad West, Mumbai"
2022-02-15,119,45,7,2,2,9,"Malad West, Mumbai"
2022-02-16,103,64,8,3,2,12,"Malad West, Mumbai"
2022-02-17,125,85,8,3,2,15,"Malad West, Mumbai"
2022-02-18,148,82,12,3,1,11,"Malad West, Mumbai"
2022-02-19,155,77,16,3,2,10,"Malad West, Mumbai"
2022-02-20,158,94,19,3,2,12,"Malad West, Mumbai"
2022-02-21,160,80,8,2,2,11,"Malad West, Mumbai"
2022-02-22,146,73,9,3,2,12,"Malad West, Mumbai"
2022-02-23,142,96,18,3,2,12,"Malad West, Mumbai"
2022-02-24,165,128,20,3,2,10,"Malad West, Mumbai"
2022-02-25,163,124,13,3,2,11,"Malad West, Mumbai"
2022-02-26,152,105,22,3,1,9,"Malad West, Mumbai"
2022-02-27,157,114,21,3,1,10,"Malad West, Mumbai"
2022-02-28,167,121,18,3,2,10,"Malad West, Mumbai"
2022-03-01,169,134,18,3,2,13,"Malad West, Mumbai"
2022-03-02,169,109,22,3,2,11,"Malad West, Mumbai"
2022-03-03,162,87,20,3,1,7,"Malad West, Mumbai"
2022-03-04,138,120,21,3,2,13,"Malad West, Mumbai"
2022-03-05,157,130,17,3,2,17,"Malad West, Mumbai"
2022-03-06,167,112,18,3,2,13,"Malad West, Mumbai"
2022-03-07,161,102,18,3,2,13,"Malad West, Mumbai"
2022-03-08,156,138,17,3,2,15,"Malad West, Mumbai"
2022-03-09,167,120,20,3,2,14,"Malad West, Mumbai"
2022-03-10,170,119,22,4,2,12,"Malad West, Mumbai"
2022-03-11,167,83,25,6,2,7,"Malad West, Mumbai"
2022-03-12,152,109,14,5,2,10,"Malad West, Mumbai"
2022-03-13,138,114,17,5,2,9,"Malad West, Mumbai"
2022-03-14,151,107,27,6,2,8,"Malad West, Mumbai"
2022-03-15,160,101,20,5,2,9,"Malad West, Mumbai"
2022-03-16,150,97,21,6,2,8,"Malad West, Mumbai"
2022-03-17,154,87,19,5,1,8,"Malad West, Mumbai"
2022-03-18,149,82,9,5,2,10,"Malad West, Mumbai"
2022-03-19,107,100,4,5,1,9,"Malad West, Mumbai"
2022-03-20,90,100,11,5,2,8,"Malad West, Mumbai"
2022-03-21,90,88,14,5,2,6,"Malad West, Mumbai"
2022-03-22,122,96,16,6,2,4,"Malad West, Mumbai"
2022-03-23,113,105,18,6,2,5,"Malad West, Mumbai"
2022-03-24,143,81,8,6,2,6,"Malad West, Mumbai"
2022-03-25,100,84,8,6,2,7,"Malad West, Mumbai"
2022-03-26,81,84,7,6,2,7,"Malad West, Mumbai"
2022-03-27,76,91,6,6,2,8,"Malad West, Mumbai"
2022-03-28,92,91,6,5,2,7,"Malad West, Mumbai"
2022-03-29,95,92,6,6,2,6,"Malad West, Mumbai"
2022-03-30,85,91,6,5,2,6,"Malad West, Mumbai"
2022-03-31,97,159,377,6,2,5,"Malad West, Mumbai"
2022-04-01,115,135,370,6,2,5,"Malad West, Mumbai"
2022-04-02,94,114,404,5,1,4,"Malad West, Mumbai"
2022-04-03,86,100,380,6,2,5,"Malad West, Mumbai"
2022-04-04,83,89,382,5,2,7,"Malad West, Mumbai"
2022-04-05,83,89,383,5,23,7,"Malad West, Mumbai"
2022-04-06,82,105,414,5,2,7,"Malad West, Mumbai"
2022-04-07,104,52,392,6,18,7,"Malad West, Mumbai"
2022-04-08,107,11,381,6,3,6,"Malad West, Mumbai"
2022-04-09,29,6,387,5,24,6,"Malad West, Mumbai"
2022-04-10,23,5,387,6,13,5,"Malad West, Mumbai"
2022-04-11,32,5,389,6,19,5,"Malad West, Mumbai"
2022-04-12,25,4,390,6,2,4,"Malad West, Mumbai"
2022-04-13,26,6,388,5,2,6,"Malad West, Mumbai"
2022-04-14,29,6,409,5, ,6,"Malad West, Mumbai"
2022-04-15,27,6,407,6, ,6,"Malad West, Mumbai"
2022-04-16,27,6,341,5, ,5,"Malad West, Mumbai"
2022-04-17,27,30,335,5,20,6,"Malad West, Mumbai"
2022-04-18,53,69,7,5, ,7,"Malad West, Mumbai"
2022-04-19,95,70,14,5, ,7,"Malad West, Mumbai"
2022-04-20,79,83,28,6, ,6,"Malad West, Mumbai"
2022-04-21,129,106,27,6, ,8,"Malad West, Mumbai"
2022-04-22,142,178,22,6, ,9,"Malad West, Mumbai"
2022-04-23,130,88,10,6, ,8,"Malad West, Mumbai"
2022-04-24,97,82,25,6, ,6,"Malad West, Mumbai"
2022-04-25,119,74,11,6, ,6,"Malad West, Mumbai"
2022-04-26,93,68,14,5, ,3,"Malad West, Mumbai"
2022-04-27,73,82,14,6, ,9,"Malad West, Mumbai"
2022-04-28,94,84,8,5, ,8,"Malad West, Mumbai"
2022-04-29,91,92,5,5, ,8,"Malad West, Mumbai"
2022-04-30,87,346, , , ,10,"Malad West, Mumbai"
2022-05-01,71,335, , , ,11,"Malad West, Mumbai"
2022-05-02,69, , , , ,12,"Malad West, Mumbai"
2022-05-04, ,89,4,6,1,6,"Malad West, Mumbai"
2022-05-05,68,101,6,5,1,7,"Malad West, Mumbai"
2022-05-06,82,151,10,5,1,5,"Malad West, Mumbai"
2022-05-07,87,105,10,5,1,4,"Malad West, Mumbai"
2022-05-08,65,85,7,5,1,4,"Malad West, Mumbai"
2022-05-09,60,79,7,5,1,3,"Malad West, Mumbai"
2022-05-10,72,88,7,5,1,5,"Malad West, Mumbai"
2022-05-11,72,91,6, ,1,5,"Malad West, Mumbai"
2022-05-12,51,104,6, ,1,4,"Malad West, Mumbai"
2022-05-13,44,112,6, ,1,5,"Malad West, Mumbai"
2022-05-14,29,89,7, ,1,4,"Malad West, Mumbai"
2022-05-15,17,96,7, ,1,4,"Malad West, Mumbai"
2022-05-16,23,130,8, ,1,4,"Malad West, Mumbai"
2022-05-17,26,203,10, ,1,3,"Malad West, Mumbai"
2022-05-18,45,154,8, ,1,3,"Malad West, Mumbai"
2022-05-19,51,107,7, ,1,3,"Malad West, Mumbai"
2022-05-20,45,102,5, ,1,1,"Malad West, Mumbai"
2022-05-21,49,102,4, ,1,2,"Malad West, Mumbai"
2022-05-22,31,161,3, ,1,3,"Malad West, Mumbai"
2022-05-23,32,77,5, ,1,2,"Malad West, Mumbai"
2022-05-24,25,73,7, , ,6,"Malad West, Mumbai"
2022-05-25,48,85,8, ,1,12,"Malad West, Mumbai"
2022-05-26,59, , , , , ,"Malad West, Mumbai"
2022-06-01, ,102,2, ,1,19,"Malad West, Mumbai"
2022-06-02,59,81,5, , ,14,"Malad West, Mumbai"
2022-06-03,48,68,5, ,1,12,"Malad West, Mumbai"
2022-06-04,56,65,6, ,1,13,"Malad West, Mumbai"
2022-06-05,48,70,3, ,1,14,"Malad West, Mumbai"
2022-06-06,67,64,4, ,1,15,"Malad West, Mumbai"
2022-06-07,56,50,5, ,1,15,"Malad West, Mumbai"
2022-06-08,60,186,4, ,1,17,"Malad West, Mumbai"
2022-06-09,69,141,5, , ,22,"Malad West, Mumbai"
2022-06-10,79,122,2, ,1,17,"Malad West, Mumbai"
2022-06-11,64,28,1, ,1,8,"Malad West, Mumbai"
2022-06-12,49,35,3, ,1,8,"Malad West, Mumbai"
2022-06-13,56,44,3, ,1,8,"Malad West, Mumbai"
2022-06-14,48,42,3, ,1,8,"Malad West, Mumbai"
2022-06-15,57,35,1, ,1,9,"Malad West, Mumbai"
2022-06-16,60,46,1, , ,10,"Malad West, Mumbai"
2022-06-17,63,45,2, , ,7,"Malad West, Mumbai"
2022-06-18,58,31,1, , ,8,"Malad West, Mumbai"
2022-06-19,56,27,1,1,1,7,"Malad West, Mumbai"
2022-06-20,50,60,2,2,1,6,"Malad West, Mumbai"
2022-06-21,55,44,3,2,1,6,"Malad West, Mumbai"
2022-06-22,49,37,5,2,1,5,"Malad West, Mumbai"
2022-06-23,66,29,3,2,1,7,"Malad West, Mumbai"
2022-06-24,68,32,7,2,1,5,"Malad West, Mumbai"
2022-06-25,70,27,6,2,1,3,"Malad West, Mumbai"
2022-06-26,47,30,4,2,1,6,"Malad West, Mumbai"
2022-06-27,57,35,2,2,1,6,"Malad West, Mumbai"
2022-06-28,66,38,1,1,1,8,"Malad West, Mumbai"
2022-06-29,66,18,1,2,1,6,"Malad West, Mumbai"
2022-06-30,58,30,1,2,1,5,"Malad West, Mumbai"
2022-07-01,71,43,3,1,1,4,"Malad West, Mumbai"
2022-07-02,59,46,3,1, ,4,"Malad West, Mumbai"
2022-07-03,57,25,1,1,1,5,"Malad West, Mumbai"
2022-07-04,47,21,3,1,1,5,"Malad West, Mumbai"
2022-07-05,61,24,4,1,1,4,"Malad West, Mumbai"
2022-07-06,59,30,5,1,1,2,"Malad West, Mumbai"
2022-07-07,52,40,3,1,1,2,"Malad West, Mumbai"
2022-07-08,54,34,4, ,1,1,"Malad West, Mumbai"
2022-07-09,45,35,4, ,1,1,"Malad West, Mumbai"
2022-07-10,48,32,5, ,1, ,"Malad West, Mumbai"
2022-07-11,52, , , , , ,"Malad West, Mumbai"
2022-07-12, ,29,6,2,1,3,"Malad West, Mumbai"
2022-07-13,46,29,5,1,1,2,"Malad West, Mumbai"
2022-07-14,52,32,6,2,1,3,"Malad West, Mumbai"
2022-07-15,53,34,3,2,1,3,"Malad West, Mumbai"
2022-07-16,48,34,3,1,1,3,"Malad West, Mumbai"
2022-07-17,50,32,4,2,1,3,"Malad West, Mumbai"
2022-07-18,40,38,5,1,1,2,"Malad West, Mumbai"
2022-07-19,55,29,4,2,1,3,"Malad West, Mumbai"
2022-07-20,45,28,4,1,1,2,"Malad West, Mumbai"
2022-07-21,56,30,4,1,1,1,"Malad West, Mumbai"
2022-07-22, ,34,4,2,1, ,"Malad West, Mumbai"
2022-07-23,3,29,4,2,1,3,"Malad West, Mumbai"
2022-07-24,4,30,3,2,1,6,"Malad West, Mumbai"
2022-07-25,2,41,4,3,1,7,"Malad West, Mumbai"
2022-07-26,29,24,2,3,1,10,"Malad West, Mumbai"
2022-07-27,45,42,8,3,1,11,"Malad West, Mumbai"
2022-07-28,47,23,4,2,1,9,"Malad West, Mumbai"
2022-07-29,46,25,4,1,1,8,"Malad West, Mumbai"
2022-07-30,45,28,6,2,1,8,"Malad West, Mumbai"
2022-07-31,47,24,4,2,1,7,"Malad West, Mumbai"
2022-08-01,52,23,4,1,1,8,"Malad West, Mumbai"
2022-08-02,42,19,4,2,1,9,"Malad West, Mumbai"
2022-08-03,45,18,3,2,1,9,"Malad West, Mumbai"
2022-08-04, ,16,2,2,1,11,"Malad West, Mumbai"
2022-08-05, ,17,3,3,1,11,"Malad West, Mumbai"
2022-08-06, ,11,3,3,1,10,"Malad West, Mumbai"
2022-08-07, ,8,2,4,1,11,"Malad West, Mumbai"
2022-08-08, ,15,2,2,1,6,"Malad West, Mumbai"
2022-08-09,42,15,1,3,1,4,"Malad West, Mumbai"
2022-08-10,44,17,2,2,1,4,"Malad West, Mumbai"
2022-08-11,45,17,3,2,1,3,"Malad West, Mumbai"
2022-08-12,45,39,3,2,1,5,"Malad West, Mumbai"
2022-08-13,45,100,2,3,1,8,"Malad West, Mumbai"
2022-08-14,48,67,2,2,1,7,"Malad West, Mumbai"
2022-08-15,44,78,1,4,1,7,"Malad West, Mumbai"
2022-08-16,41,27, ,6,1,8,"Malad West, Mumbai"
2022-08-17,4,37,1,5,1,8,"Malad West, Mumbai"
2022-08-18,36,32,2,4,1,7,"Malad West, Mumbai"
2022-08-19,24,22,1,3,1,8,"Malad West, Mumbai"
2022-08-20, ,25,2,3,1,6,"Malad West, Mumbai"
2022-08-21, ,28,2,3,1,3,"Malad West, Mumbai"
2022-08-22, ,39,2,3,1, ,"Malad West, Mumbai"
2022-08-23,14,32,1,3,1,4,"Malad West, Mumbai"
2022-08-24,22,28,3,3,1,8,"Malad West, Mumbai"
2022-08-25,43,35,4,3,1,8,"Malad West, Mumbai"
2022-08-26,53,49,6,3,1,7,"Malad West, Mumbai"
2022-08-27,46,39,5,3,1,7,"Malad West, Mumbai"
2022-08-28,44,42,6,3,1,10,"Malad West, Mumbai"
2022-08-29,44,49,6,2,1,10,"Malad West, Mumbai"
2022-08-30,47,44,9,2,1,10,"Malad West, Mumbai"
2022-08-31,46,26,11,3,1,9,"Malad West, Mumbai"
2022-09-01,51,47,12, ,1,9,"Malad West, Mumbai"
2022-09-02, ,48,8, ,1,9,"Malad West, Mumbai"
2022-09-03, ,33, , ,1, ,"Malad West, Mumbai"
2022-09-04, ,28,3, ,1,26,"Malad West, Mumbai"
2022-09-05, ,31,3, , ,19,"Malad West, Mumbai"
2022-09-06,56,43,7, ,1,20,"Malad West, Mumbai"
2022-09-07,79,38,4, ,1,20,"Malad West, Mumbai"
2022-09-08,75,44,9,1,1,21,"Malad West, Mumbai"
2022-09-09,73,41,6, ,1,25,"Malad West, Mumbai"
2022-09-10,75,35,2, ,1,23,"Malad West, Mumbai"
2022-09-11,61,30, , ,1,22,"Malad West, Mumbai"
2022-09-12,58,23, , ,1,18,"Malad West, Mumbai"
2022-09-13,58,16,1, , ,9,"Malad West, Mumbai"
2022-09-14,55,56,1, ,1,6,"Malad West, Mumbai"
2022-09-15,54,95,1, ,1,4,"Malad West, Mumbai"
2022-09-16,53,32,2, ,1,6,"Malad West, Mumbai"
2022-09-17,53,26,1, ,1,4,"Malad West, Mumbai"
2022-09-18,55,33,2, ,1,6,"Malad West, Mumbai"
2022-09-19,66,37,2, ,1,4,"Malad West, Mumbai"
2022-09-20,72,36,2, ,1,14,"Malad West, Mumbai"
2022-09-21,64,40,2, ,1,13,"Malad West, Mumbai"
2022-09-22,64,46,4, ,1,5,"Malad West, Mumbai"
2022-09-23,73,43,4, ,1,4,"Malad West, Mumbai"
2022-09-24,69,32,5, ,1,4,"Malad West, Mumbai"
2022-09-25, ,39,4, ,1,5,"Malad West, Mumbai"
2022-09-26, ,36,6, ,1,5,"Malad West, Mumbai"
2022-09-27, ,49,3, ,1,5,"Malad West, Mumbai"
2022-09-28, ,49,2, ,1,4,"Malad West, Mumbai"
2022-09-29, ,47,8, ,1,2,"Malad West, Mumbai"
2022-09-30, ,45,7, ,1,3,"Malad West, Mumbai"
2022-10-01, ,19,6, ,1,1,"Malad West, Mumbai"
2022-10-02, ,19,6, ,1,1,"Malad West, Mumbai"
2022-10-03, ,31,8, ,1, ,"Malad West, Mumbai"
2022-10-04,8,44,9, ,1,4,"Malad West, Mumbai"
2022-10-06,25,32,6, ,1,9,"Malad West, Mumbai"
2022-10-07,50,32,1, ,1,11,"Malad West, Mumbai"
2022-10-08,29,27,1, ,1,13,"Malad West, Mumbai"
2022-10-09,53,36,4, ,1,9,"Malad West, Mumbai"
2022-10-10,39,35,8, ,2,9,"Malad West, Mumbai"
2022-10-11,68,42,5, ,1,8,"Malad West, Mumbai"
2022-10-12,35,42,5, ,2,15,"Malad West, Mumbai"
2022-10-13,22,53,5, ,1,17,"Malad West, Mumbai"
2022-10-14,34,52,13, ,3,7,"Malad West, Mumbai"
2022-10-15,20,56,12, ,4,7,"Malad West, Mumbai"
2022-10-16,44,57,16, ,4,3,"Malad West, Mumbai"
2022-10-24,39,119,1, ,8,11,"Malad West, Mumbai"
2022-10-25,44,211,17,2,4,8,"Malad West, Mumbai"
2022-10-26,40,101,16,4,6,8,"Malad West, Mumbai"
2022-10-27,45,107,18,4,5,7,"Malad West, Mumbai"
2022-10-28,42,87,17,4,6,9,"Malad West, Mumbai"
2022-10-29,34,78,16,4,5,7,"Malad West, Mumbai"
2022-10-30,56,73,18,4,5,5,"Malad West, Mumbai"
2022-10-31, ,71,18,4,7,7,"Malad West, Mumbai"
2022-11-01, ,80,21,4,5,5,"Malad West, Mumbai"
2022-11-02,92,80,18,4,5,7,"Malad West, Mumbai"
2022-11-03,71,71,18,4,5,8,"Malad West, Mumbai"
2022-11-04,60,71,18,4,5,7,"Malad West, Mumbai"
2022-11-05,56,94,17,4,5,12,"Malad West, Mumbai"
2022-11-06,95,106,12,4,7,17,"Malad West, Mumbai"
2022-11-07,67,87,15,4,6,15,"Malad West, Mumbai"
2022-11-08,67,101,14,4,5,16,"Malad West, Mumbai"
2022-11-09,117,101,18,4,5,16,"Malad West, Mumbai"
2022-11-10,101,98,17,4,5,14,"Malad West, Mumbai"
2022-11-11,92,78,17,4,5,8,"Malad West, Mumbai"
2022-11-12,116,82,18,4,5,7,"Malad West, Mumbai"
2022-11-13,114,83,18,4,6,7,"Malad West, Mumbai"
2022-11-14,136,105,25,4, ,12,"Malad West, Mumbai"
2022-11-15,133,114,23,3,4,11,"Malad West, Mumbai"
2022-11-16,116,97,18,3,5,13,"Malad West, Mumbai"
2022-11-17,111,99,17,3,6,11,"Malad West, Mumbai"
2022-11-18,98,63,16,3,5,4,"Malad West, Mumbai"
2022-11-19,66,70,17,3,5,4,"Malad West, Mumbai"
2022-11-20,68,64,18,3,5,3,"Malad West, Mumbai"
2022-11-21,73,78,19,4,5,5,"Malad West, Mumbai"
2022-11-22,147,101,19,6,5,10,"Malad West, Mumbai"
2022-11-23,158,114,15,6,5,12,"Malad West, Mumbai"
2022-11-24,157,110,17,6,5,12,"Malad West, Mumbai"
2022-11-25,161,115,15,6,6,22,"Malad West, Mumbai"
2022-11-26,173,122,18,6,6,24,"Malad West, Mumbai"
2022-11-27,166,110,24,5,5,20,"Malad West, Mumbai"
2022-11-28,115,81,14,5,6,16,"Malad West, Mumbai"
2022-11-29,124,85,17,5,5,13,"Malad West, Mumbai"
2022-11-30,161,110,21,6,5,20,"Malad West, Mumbai"
2022-12-01,168,118,25,6,6,19,"Malad West, Mumbai"
2022-12-02,165,111,17,6,5,16,"Malad West, Mumbai"
2022-12-03,160,113,17,6,5,11,"Malad West, Mumbai"
2022-12-04,177,133,15,6,5,14,"Malad West, Mumbai"
2022-12-05,177,118,17,5,5,13,"Malad West, Mumbai"
2022-12-06,182,121,17,4,5,13,"Malad West, Mumbai"
2022-12-07,179,123,19,2,5,13,"Malad West, Mumbai"
2022-12-08,175,181,7,3,7,18,"Malad West, Mumbai"
2022-12-14,65,72,9,2,4,12,"Malad West, Mumbai"
2022-12-15,98,82,16,2,6,12,"Malad West, Mumbai"
2022-12-16,105,84,16,2,7,12,"Malad West, Mumbai"
2022-12-17,121,99,14,2,6,12,"Malad West, Mumbai"
2022-12-18,112,88,15,1,5,9,"Malad West, Mumbai"
2022-12-19,101,110,15,2,5,9,"Malad West, Mumbai"
2022-12-20,117,106,15,2,7,12,"Malad West, Mumbai"
2022-12-21,145,115,19,2,6,10,"Malad West, Mumbai"
2022-12-22,149,118,19,2,5,11,"Malad West, Mumbai"
2022-12-23,132,116,19,1,5,8,"Malad West, Mumbai"
2022-12-24,73,83,15,1,4,2,"Malad West, Mumbai"
2022-12-25,147,108,18,1,5,5,"Malad West, Mumbai"
2022-12-26,158,122,21,2,5,10,"Malad West, Mumbai"
2022-12-27,164,131,20,2,5,12,"Malad West, Mumbai"
2022-12-28,171,126,18,2,5,12,"Malad West, Mumbai"
2022-12-29,161,136,17,2,6,13,"Malad West, Mumbai"
2022-12-30,164,143,21,2,6,13,"Malad West, Mumbai"
2022-12-31,117,118,15,1,5,9,"Malad West, Mumbai"
2023-01-01,127,105,19,1,5,8,"Malad West, Mumbai"
2023-01-02,146,113,30,1,5,11,"Malad West, Mumbai"
2023-01-03,144,110,27,2,4,11,"Malad West, Mumbai"
2023-01-04,133,154,31,3,4,18,"Malad West, Mumbai"
2023-01-05,167,134,30,2,4,16,"Malad West, Mumbai"
2023-01-06,162,133,26,2,3,15,"Malad West, Mumbai"
2023-01-07,153,114,25,1,3,11,"Malad West, Mumbai"
2023-01-08,136,95,25,2,3,10,"Malad West, Mumbai"
2023-01-09,81,108,30,2,4,11,"Malad West, Mumbai"
2023-01-10,110,141,34,3,5,15,"Malad West, Mumbai"
2023-01-11,145,97,25,1,3,11,"Malad West, Mumbai"
2023-01-12,107,113,15,1,3,8,"Malad West, Mumbai"
2023-01-13,29,117,27,1,4,6,"Malad West, Mumbai"
2023-01-14,56,113,32,1,4,8,"Malad West, Mumbai"
2023-01-15,126,121,34,1,2,12,"Malad West, Mumbai"
2023-01-16,130,149,37,1,2,15,"Malad West, Mumbai"
2023-01-17,159,185,51,3,2,19,"Malad West, Mumbai"
2023-01-18,171,175,35,4,2,22,"Malad West, Mumbai"
2023-01-19,173,120,30,2,1,16,"Malad West, Mumbai"
2023-01-20,142,96,35,1,2,13,"Malad West, Mumbai"
2023-01-21,126,83,29,1,2,9,"Malad West, Mumbai"
2023-01-22,92,87,27,1,2,8,"Malad West, Mumbai"
2023-01-23,111,96,29,1,2,9,"Malad West, Mumbai"
2023-01-24,143,112,33,1,1,9,"Malad West, Mumbai"
2023-01-25,145,124,39,1,2,9,"Malad West, Mumbai"
2023-01-26,158,126,27,2,2,15,"Malad West, Mumbai"
2023-01-27,160,137,24,3,2,19,"Malad West, Mumbai"
2023-01-28,151,105,21,2,1,18,"Malad West, Mumbai"
2023-01-29,142,90,31,1,1,14,"Malad West, Mumbai"
2023-01-30,120,109,30,1,2,13,"Malad West, Mumbai"
2023-01-31,152,117,28,1,2,13,"Malad West, Mumbai"
2023-02-01,130,122,34,1,2,10,"Malad West, Mumbai"
2023-02-02,111,120,35,2,2,12,"Malad West, Mumbai"
2023-02-03,115,145,46,3,2,17,"Malad West, Mumbai"
2023-02-04,152,122,51,2,2,14,"Malad West, Mumbai"
2023-02-05,156,113,60,1,2,11,"Malad West, Mumbai"
2023-02-06,147,83,40,1,2,8,"Malad West, Mumbai"
2023-02-07,78,120,50,2,2,14,"Malad West, Mumbai"
2023-02-08,144,145,51,4,3,19,"Malad West, Mumbai"
2023-02-09,145,122,44,2,2,11,"Malad West, Mumbai"
2023-02-10,122,84,37,1,1,7,"Malad West, Mumbai"
2023-02-11,82,92,43,2,1,9,"Malad West, Mumbai"
2023-02-12,89,93,39,2,2,7,"Malad West, Mumbai"
2023-02-13,74,116,44,2,2,11,"Malad West, Mumbai"
2023-02-14,107,124,54,3,2,12,"Malad West, Mumbai"
2023-02-15,139,183,43,4,3,16,"Malad West, Mumbai"
2023-02-16,137,107,50,2,2,9,"Malad West, Mumbai"
2023-02-17,124,103,46,2,2,8,"Malad West, Mumbai"
2023-02-18,115,132,61,3,2,12,"Malad West, Mumbai"
2023-02-19,139,136,34,4,2,18,"Malad West, Mumbai"
2023-02-20,149,115,35,2,3,12,"Malad West, Mumbai"
2023-02-21,126,72,29,1,2,8,"Malad West, Mumbai"
2023-02-22,61,101,51,2,2,10,"Malad West, Mumbai"
2023-02-23,122,114,54,2,2,12,"Malad West, Mumbai"
2023-02-24,149,108,52,1,2,10,"Malad West, Mumbai"
2023-02-25, ,143,59,2,2,12,"Malad West, Mumbai"
2023-02-26, ,107,47,2,2,11,"Malad West, Mumbai"
2023-02-27, ,114,44,2,2,12,"Malad West, Mumbai"
2023-02-28, ,119,35,3,2,16,"Malad West, Mumbai"
2023-03-01, ,144,70,3,2,20,"Malad West, Mumbai"
2023-03-02, ,205,67,6,3,27,"Malad West, Mumbai"
2023-03-03, ,187,56,6,3,27,"Malad West, Mumbai"
2023-03-04, ,176,48,3,2,21,"Malad West, Mumbai"
2023-03-05, ,142,37,2,2,14,"Malad West, Mumbai"
2023-03-06, ,73,35,1,2,8,"Malad West, Mumbai"
2023-03-07, ,104,40,2,2,13,"Malad West, Mumbai"
2023-03-08, ,113,39,2,2,12,"Malad West, Mumbai"
2023-03-09, ,98,38,2,2,7,"Malad West, Mumbai"
2023-03-10, ,101,44,2,2,11,"Malad West, Mumbai"
2023-03-11, ,114,65,2,2,13,"Malad West, Mumbai"
2023-03-12, ,157,56,4,2,19,"Malad West, Mumbai"
2023-03-13, ,119,53,2,2,15,"Malad West, Mumbai"
2023-03-14, ,99,41,2,2,14,"Malad West, Mumbai"
2023-03-15, ,88,22,2,2,16,"Malad West, Mumbai"
2023-03-16, ,79,29, ,2,13,"Malad West, Mumbai"
2023-03-17, ,69,23, ,2,12,"Malad West, Mumbai"
2023-03-18, ,62,13, ,1,11,"Malad West, Mumbai"
2023-03-19, ,53,14,2,2,10,"Malad West, Mumbai"
2023-03-20, ,54,14,2,2,12,"Malad West, Mumbai"
2023-03-21, ,56,14,2,2,12,"Malad West, Mumbai"
2023-03-22, ,44,10,1,2,10,"Malad West, Mumbai"
2023-03-23, ,39,10,1,2,10,"Malad West, Mumbai"
2023-03-24, ,49,24,1,2,8,"Malad West, Mumbai"
2023-03-25, ,55,24,1,2,8,"Malad West, Mumbai"
2023-03-26, ,60,22,1,2,9,"Malad West, Mumbai"
2023-03-27, ,76,21,1,2,10,"Malad West, Mumbai"
2023-03-28, ,70,19,1,1,10,"Malad West, Mumbai"
2023-03-29, ,59,17,1,1,9,"Malad West, Mumbai"
2023-03-30, ,51,12,1,2,9,"Malad West, Mumbai"
2023-04-02, , ,15,1,2,7,"Malad West, Mumbai"
2023-04-03, ,48,16,1,2,9,"Malad West, Mumbai"
2023-04-04, ,46,16,1,2,11,"Malad West, Mumbai"
2023-04-05, ,53,38,1,2, ,"Malad West, Mumbai"
2023-04-06, ,68,34,2,2,17,"Malad West, Mumbai"
2023-04-07, ,94,44,4,3,19,"Malad West, Mumbai"
2023-04-08, ,116,36,2,2,14,"Malad West, Mumbai"
2023-04-09, ,98,40,1,2,11,"Malad West, Mumbai"
2023-04-10, ,83,34,1,2,9,"Malad West, Mumbai"
2023-04-11, ,73,42,1,3,9,"Malad West, Mumbai"
2023-04-12, ,69,37,1,4,11,"Malad West, Mumbai"
2023-04-13, ,83,32, ,2,8,"Malad West, Mumbai"
2023-04-14, ,64,17, ,2,9,"Malad West, Mumbai"
2023-04-15, ,62,14, ,2,9,"Malad West, Mumbai"
2023-04-16, ,58,19, ,1,9,"Malad West, Mumbai"
2023-04-17, ,66,42, ,2,10,"Malad West, Mumbai"
2023-04-18, ,71,39, ,3,9,"Malad West, Mumbai"
2023-04-19, ,75,33,1,6,4,"Malad West, Mumbai"
2023-04-20, ,52,17, ,1,11,"Malad West, Mumbai"
2023-04-21, ,51,14, ,2,15,"Malad West, Mumbai"
2023-04-22, ,37,14, ,1,17,"Malad West, Mumbai"
2023-04-23, ,47,14, ,2,19,"Malad West, Mumbai"
2023-04-24, ,48,19, ,1,23,"Malad West, Mumbai"
2023-04-25, ,62,13, ,1,26,"Malad West, Mumbai"
2023-04-26, ,65,20, ,2,25,"Malad West, Mumbai"
2023-04-27, ,54,14, ,2,24,"Malad West, Mumbai"
2023-04-28, ,40,12, ,2,24,"Malad West, Mumbai"
2023-04-29, ,52,12, ,1,24,"Malad West, Mumbai"
2023-04-30, ,43,17, ,2,24,"Malad West, Mumbai"
2023-05-01, ,40,14, ,2,25,"Malad West, Mumbai"
2023-05-02, ,49,14, ,2,23,"Malad West, Mumbai"
2023-05-03, ,48,15, ,1,23,"Malad West, Mumbai"
2023-05-04, ,47,14, ,2,23,"Malad West, Mumbai"
2023-05-05, ,45,13, ,1,23,"Malad West, Mumbai"
2023-05-06, ,41,11, ,2,22,"Malad West, Mumbai"
2023-05-07, ,43,12, ,1,21,"Malad West, Mumbai"
2023-05-08, ,45,14, ,1,21,"Malad West, Mumbai"
2023-05-09, ,72,18, ,2,19,"Malad West, Mumbai"
2023-05-10, ,68,21, ,2,14,"Malad West, Mumbai"
2023-05-11, ,67,19, ,1,15,"Malad West, Mumbai"
2023-05-12, ,69,17, ,2,15,"Malad West, Mumbai"
2023-05-13, ,56,15, ,1,14,"Malad West, Mumbai"
2023-05-14, ,44,10, ,1,14,"Malad West, Mumbai"
2023-05-15, ,50,10, ,1,12,"Malad West, Mumbai"
2023-05-16, ,49,14, ,2,11,"Malad West, Mumbai"
2023-05-17, ,36,14, ,2,11,"Malad West, Mumbai"
2023-05-18, ,34,14, ,1,12,"Malad West, Mumbai"
2023-05-19, ,39, , , , ,"Malad West, Mumbai"
2023-05-21, , ,13, ,2,11,"Malad West, Mumbai"
2023-05-22, ,44,12, ,2,11,"Malad West, Mumbai"
2023-05-23, ,38,11, ,2,11,"Malad West, Mumbai"
2023-05-24, ,40,11, ,1,12,"Malad West, Mumbai"
2023-05-25, ,42,10, ,2,12,"Malad West, Mumbai"
2023-05-26, ,48,9, ,2,12,"Malad West, Mumbai"
2023-05-27, ,47,10, ,2, ,"Malad West, Mumbai"
2023-05-28, ,37,13, ,2,11,"Malad West, Mumbai"
2023-05-29, ,33,19,6,1,13,"Malad West, Mumbai"
2023-05-30, ,49,14,2,1,13,"Malad West, Mumbai"
2023-05-31, ,39,13,2,2,13,"Malad West, Mumbai"
2023-06-01, ,34,8,1,2,11,"Malad West, Mumbai"
2023-06-02, ,27,12, ,2,12,"Malad West, Mumbai"
2023-06-03, ,26,10, ,2,9,"Malad West, Mumbai"
2023-06-04, ,22,12, ,1,11,"Malad West, Mumbai"
2023-06-05, ,39,11, ,2,11,"Malad West, Mumbai"
2023-06-06, ,40,8, ,2,12,"Malad West, Mumbai"
2023-06-07, ,47,12, ,1,12,"Malad West, Mumbai"
2023-06-08, ,25,12, ,1,13,"Malad West, Mumbai"
2023-06-09, ,50,14, ,1,13,"Malad West, Mumbai"
2023-06-10, ,54,12, ,2,13,"Malad West, Mumbai"
2023-06-11, ,53,6,1,2,14,"Malad West, Mumbai"
2023-06-12, ,51,5,7,1,15,"Malad West, Mumbai"
2023-06-13, ,44,10,5,2,15,"Malad West, Mumbai"
2023-06-14, ,35,16,4,1,16,"Malad West, Mumbai"
2023-06-15, ,46,20,4,1,17,"Malad West, Mumbai"
2023-06-16, ,32,25,5,2,17,"Malad West, Mumbai"
2023-06-17, ,54,36, ,2,19,"Malad West, Mumbai"
2023-06-18, ,52,31,1,2,19,"Malad West, Mumbai"
2023-06-19, ,48,8, ,2,18,"Malad West, Mumbai"
2023-06-20, ,64,8, ,2,18,"Malad West, Mumbai"
2023-06-21, ,59,8, ,2,18,"Malad West, Mumbai"
2023-06-22, ,65,9, ,2, ,"Malad West, Mumbai"
2023-06-23, ,54,11, ,2,1,"Malad West, Mumbai"
2023-06-24, ,36,10, ,2, ,"Malad West, Mumbai"
2023-06-25, ,24,9, ,2,7,"Malad West, Mumbai"
2023-06-26, ,30,11, ,1,8,"Malad West, Mumbai"
2023-06-27, ,24,18,1,1,9,"Malad West, Mumbai"
2023-06-28, ,27,31, ,1,6,"Malad West, Mumbai"
2023-06-29, ,24,59, ,1,5,"Malad West, Mumbai"
2023-06-30, ,16,51,1,1,7,"Malad West, Mumbai"
2023-07-01, ,32, ,1,1,7,"Malad West, Mumbai"
2023-07-02, ,18,18,1,1,7,"Malad West, Mumbai"
2023-07-03, ,30,22,1,1,8,"Malad West, Mumbai"
2023-07-04, ,23,20,1,1,8,"Malad West, Mumbai"
2023-07-05, ,34,11,1,1,6,"Malad West, Mumbai"
2023-07-06, ,18,23,1,1,4,"Malad West, Mumbai"
2023-07-07, ,20,31, ,1,3,"Malad West, Mumbai"
2023-07-08, ,47,7, ,1, ,"Malad West, Mumbai"
2023-07-09, ,47,24, ,1, ,"Malad West, Mumbai"
2023-07-10, ,48,22, ,1, ,"Malad West, Mumbai"
2023-07-11, ,63,14, ,1, ,"Malad West, Mumbai"
2023-07-12, ,55, , ,1, ,"Malad West, Mumbai"
2023-07-13, ,53, , ,1, ,"Malad West, Mumbai"
2023-07-14, ,33,2, ,1, ,"Malad West, Mumbai"
2023-07-15, ,40, , ,1, ,"Malad West, Mumbai"
2023-07-16, ,32,7, ,1,13,"Malad West, Mumbai"
2023-07-17, ,19,7, ,1,17,"Malad West, Mumbai"
2023-07-18, ,18,9, ,1,21,"Malad West, Mumbai"
2023-07-19, ,29,6, ,2,23,"Malad West, Mumbai"
2023-07-20, ,41,5, ,1,23,"Malad West, Mumbai"
2023-07-21, ,28,6, ,1,23,"Malad West, Mumbai"
2023-07-22, ,25,4, ,1,23,"Malad West, Mumbai"
2023-07-23, ,23,6, ,1,15,"Malad West, Mumbai"
2023-07-24, ,25,4, ,1,4,"Malad West, Mumbai"
2023-07-25, ,33,4, ,1,5,"Malad West, Mumbai"
2023-07-26, ,19,5, ,1,4,"Malad West, Mumbai"
2023-07-27, ,18,5, ,1,5,"Malad West, Mumbai"
2023-07-28, ,44,1,1,2, ,"Malad West, Mumbai"
2023-07-29, ,24,3, ,1, ,"Malad West, Mumbai"
2023-07-30, ,38,3, ,1,1,"Malad West, Mumbai"
2023-07-31, ,72,4, ,1,4,"Malad West, Mumbai"
2023-08-01, ,36,5, ,1,4,"Malad West, Mumbai"
2023-08-02, ,44, , , , ,"Malad West, Mumbai"
2023-08-08, , ,1, ,1,28,"Malad West, Mumbai"
2023-08-09, ,57,3,6,1,20,"Malad West, Mumbai"
2023-08-10, ,49,4, ,1,15,"Malad West, Mumbai"
2023-08-11, ,49,5, ,1,15,"Malad West, Mumbai"
2023-08-12, ,48,5, ,1,15,"Malad West, Mumbai"
2023-08-13, ,47,4, ,1,16,"Malad West, Mumbai"
2023-08-14, ,51,3, ,1,17,"Malad West, Mumbai"
2023-08-15, ,52,6, ,1,17,"Malad West, Mumbai"
2023-08-16, ,39,5, ,1,17,"Malad West, Mumbai"
2023-08-17, ,35,6, ,1,17,"Malad West, Mumbai"
2023-08-18, ,23,6, ,1,18,"Malad West, Mumbai"
2023-08-19, ,35,7, ,1,19,"Malad West, Mumbai"
2023-08-20, ,41,6, ,1,19,"Malad West, Mumbai"
2023-08-21, ,33,4, ,1,20,"Malad West, Mumbai"
2023-08-22, ,34,3, ,1,21,"Malad West, Mumbai"
2023-08-23, ,24,2, ,1,21,"Malad West, Mumbai"
2023-08-24, ,35,2, ,1,22,"Malad West, Mumbai"
2023-08-25, ,28,2, ,1,21,"Malad West, Mumbai"
2023-08-26, ,23,3, ,1,20,"Malad West, Mumbai"
2023-08-27, ,22,3, ,1,22,"Malad West, Mumbai"
2023-08-28, ,42,6, ,1,20,"Malad West, Mumbai"
2023-08-29, ,49,5, ,1,19,"Malad West, Mumbai"
2023-08-30, ,62,7,1,1,19,"Malad West, Mumbai"
2023-08-31, ,48,8, ,2,16,"Malad West, Mumbai"
2023-09-01, ,51,5,1,1,14,"Malad West, Mumbai"
2023-09-02, ,37,2,1,2,16,"Malad West, Mumbai"
2023-09-03, ,57,4,1,1,15,"Malad West, Mumbai"
2023-09-04, ,64,6,1,1,13,"Malad West, Mumbai"
2023-09-05, ,49,4,1,1,13,"Malad West, Mumbai"
2023-09-06, ,45,3,1,1,16,"Malad West, Mumbai"
2023-09-07, ,35,4,1,1,17,"Malad West, Mumbai"
2023-09-08, ,34,3,1,1,15,"Malad West, Mumbai"
2023-09-09, ,39,4,1,1,16,"Malad West, Mumbai"
2023-09-10, ,26,6,1,1,16,"Malad West, Mumbai"
2023-09-11, ,40,5, ,1,17,"Malad West, Mumbai"
2023-09-12, ,47,5, ,1,17,"Malad West, Mumbai"
2023-09-13, ,43,7, ,1,17,"Malad West, Mumbai"
2023-09-14, ,34, , , , ,"Malad West, Mumbai"
2023-09-20, , ,2,1, , ,"Malad West, Mumbai"
2023-09-21, ,131,2, ,1,9,"Malad West, Mumbai"
2023-09-22, ,36,1, ,1,5,"Malad West, Mumbai"
2023-09-23, ,42,2, ,1,4,"Malad West, Mumbai"
2023-09-24, ,35,3, ,1,3,"Malad West, Mumbai"
2023-09-25, ,37,3,1,1,3,"Malad West, Mumbai"
2023-09-26, ,47,7,1,2,7,"Malad West, Mumbai"
2023-09-27, ,43,9,1,1,7,"Malad West, Mumbai"
2023-09-28, ,57,10,1,1,9,"Malad West, Mumbai"
2023-09-29, ,69,12,1,2,9,"Malad West, Mumbai"
2023-09-30, ,61,11,1,1,5,"Malad West, Mumbai"
2023-10-01, ,80,11,1,1,5,"Malad West, Mumbai"
2023-10-02, ,84,7,1,1,5,"Malad West, Mumbai"
2023-10-03, ,84,9,1,1,5,"Malad West, Mumbai"
2023-10-04, ,90,13,1,1,5,"Malad West, Mumbai"
2023-10-05, ,71,13,1,1,12,"Malad West, Mumbai"
2023-10-06, ,70,11,1,1,12,"Malad West, Mumbai"
2023-10-07, ,70,11,1,1,13,"Malad West, Mumbai"
2023-10-08, ,77,16,1,1,14,"Malad West, Mumbai"
2023-10-09,152,90,22,1,1,16,"Malad West, Mumbai"
2023-10-10,125,58,17,1,1,15,"Malad West, Mumbai"
2023-10-11,110,47,12,1,1,16,"Malad West, Mumbai"
2023-10-12,149,64,23,1,1,16,"Malad West, Mumbai"
2023-10-13,165,77,31,1,1,19,"Malad West, Mumbai"
2023-10-14,172,86,25,1,2,20,"Malad West, Mumbai"
2023-10-15,164,75,26,1,1,18,"Malad West, Mumbai"
2023-10-16,173,87,21,1,1,20,"Malad West, Mumbai"
2023-10-17,173,87,21,1,1,20,"Malad West, Mumbai"
2023-10-18,172,88,21,1,1,19,"Malad West, Mumbai"
2023-10-19,167,82,36,1,2,16,"Malad West, Mumbai"
2023-10-20,187,100,36,1,2,18,"Malad West, Mumbai"
2023-10-21,159,94,36,1,2,18,"Malad West, Mumbai"
2023-10-22,159,100,38,1,2,18,"Malad West, Mumbai"
2023-10-23,162,107,30,1,3,20,"Malad West, Mumbai"
2023-10-24,159,100,38,1,3,20,"Malad West, Mumbai"
2023-10-25,159,102,40,1,3,21,"Malad West, Mumbai"
2023-10-26,161,104,34,1,2,20,"Malad West, Mumbai"
2023-10-27,134,86,29,1,2,14,"Malad West, Mumbai"
2023-10-28,166,115,41,1,3,21,"Malad West, Mumbai"
2023-10-29,159,101,16,1,2,18,"Malad West, Mumbai"
2023-10-30,163,109,25,1,3,20,"Malad West, Mumbai"
2023-10-31,168,120,27, ,3,22,"Malad West, Mumbai"
2023-11-01,153,94,21, ,2,19,"Malad West, Mumbai"
2023-11-02,176,102,17, ,3,22,"Malad West, Mumbai"
2023-11-03,172,88,16, ,3,23,"Malad West, Mumbai"
2023-11-04,166,79,17, ,1,20,"Malad West, Mumbai"
2023-11-05,170,81,21, ,2,22,"Malad West, Mumbai"
2023-11-06,178,105,22, ,3,24,"Malad West, Mumbai"
2023-11-07,168,91,15, ,4,23,"Malad West, Mumbai"
2023-11-08,146,73,6, ,2,23,"Malad West, Mumbai"
2023-11-09,139,62,15, ,1,14,"Malad West, Mumbai"
2023-11-10,130,64,13, ,3,7,"Malad West, Mumbai"
2023-11-11,165,76,1, ,2,8,"Malad West, Mumbai"
2023-11-19,298,89,11, ,1,7,"Malad West, Mumbai"
2023-11-20,315,76,2, ,2,8,"Malad West, Mumbai"
2023-11-22, ,83,19, ,2,6,"Malad West, Mumbai"
2023-11-23,170,91,19, ,1,7,"Malad West, Mumbai"
2023-11-24,191,117,4, ,3,8,"Malad West, Mumbai"
2023-11-25,166,61,11, ,1,7,"Malad West, Mumbai"
2023-11-26,134,44,9, ,1,8,"Malad West, Mumbai"
2023-11-27,53,45,3, ,1,7,"Malad West, Mumbai"
2023-11-28,101,45,9, ,2,7,"Malad West, Mumbai"
2023-11-29,129,57,11, ,2,4,"Malad West, Mumbai"
2023-11-30,146,64,12, ,2,1,"Malad West, Mumbai"
2023-12-01,165,81,16, ,4,1,"Malad West, Mumbai"
2023-12-02,152,80,14, ,2,1,"Malad West, Mumbai"
2023-12-03,150,74,16, ,2,1,"Malad West, Mumbai"
2023-12-04,169,83,9, ,2,1,"Malad West, Mumbai"
2023-12-05,166,81,12, ,2,1,"Malad West, Mumbai"
2023-12-07,135,70,20, ,3,1,"Malad West, Mumbai"
2023-12-08,129,30,13, ,2,1,"Malad West, Mumbai"
2023-12-09,146,75,14, ,2,1,"Malad West, Mumbai"
2023-12-10,155,78,4, ,3,1,"Malad West, Mumbai"
2023-12-11,82,71,2, ,6,1,"Malad West, Mumbai"
2023-12-12,151,76,17, ,2,1,"Malad West, Mumbai"
2023-12-14,143,87,19, ,2,1,"Malad West, Mumbai"
2023-12-15,139,76,14, ,5,4,"Malad West, Mumbai"
2023-12-16,120,81,14,1,1,4,"Malad West, Mumbai"
2023-12-17,153,89,14,2,2,1,"Malad West, Mumbai"
2023-12-18,157,80,17,2,2,1,"Malad West, Mumbai"
2023-12-19,156,80,14,2,2,1,"Malad West, Mumbai"
2023-12-20,154,80,14,2,3,1,"Malad West, Mumbai"
2023-12-21,168,100,20,4,2,2,"Malad West, Mumbai"
2023-12-22,173,117,12,7,6,19,"Malad West, Mumbai"
2023-12-23,166,143,19,7,4,7,"Malad West, Mumbai"
2023-12-24,176,137,18,6,8,15,"Malad West, Mumbai"
2023-12-25,184,127,20,5,6,2,"Malad West, Mumbai"
2023-12-26,174,123,24,6,5,14,"Malad West, Mumbai"
2023-12-27,179,127,16,5,4,16,"Malad West, Mumbai"
2023-12-28,184,124,18,5,5,14,"Malad West, Mumbai"
2023-12-29,170,104,13,6,5,12,"Malad West, Mumbai"
2023-12-30,149,88,1,6,6,6,"Malad West, Mumbai"
2023-12-31,85,68,17,5,3,35,"Malad West, Mumbai"
2024-01-01,115,72,15,4,3,29,"Malad West, Mumbai"
2024-01-02,139,63,30,4,2,24,"Malad West, Mumbai"
2024-01-03,91,69,15,4,2,2,"Malad West, Mumbai"
2024-01-04,102,90,15,4,2,5,"Malad West, Mumbai"
2024-01-05,155,79,8,3,2,9,"Malad West, Mumbai"
2024-01-06,151,85,14,4,4,4,"Malad West, Mumbai"
2024-01-07,148,81,16,5,3,2,"Malad West, Mumbai"
2024-01-08,152,97,11,4,4,5,"Malad West, Mumbai"
2024-01-09,170,81,8,6,4,4,"Malad West, Mumbai"
2024-01-10,113,138,2,5,2,9,"Malad West, Mumbai"
2024-01-11,168,120,14,5,3,7,"Malad West, Mumbai"
2024-01-12,167,111,13,6,4,10,"Malad West, Mumbai"
2024-01-13,176,103,1,5,5,6,"Malad West, Mumbai"
2024-01-14,170,55,12,3,1,1,"Malad West, Mumbai"
2024-01-15,95,66,16,4,3,10,"Malad West, Mumbai"
2024-01-16,133,73,15,4,2,15,"Malad West, Mumbai"
2024-01-17,146,85,14,5,4,5,"Malad West, Mumbai"
2024-01-18,158,125, ,7,7,6,"Malad West, Mumbai"
2024-01-19,182,72,16,18,1, ,"Malad West, Mumbai"
2024-01-20,140,5,19,18,3,6,"Malad West, Mumbai"
2024-01-21,152,9,18,18,3,2,"Malad West, Mumbai"
2024-01-22,38,4,16,15,2,5,"Malad West, Mumbai"
2024-01-23,32, ,18,13,2,6,"Malad West, Mumbai"
2024-01-24,121, ,19,10,3,8,"Malad West, Mumbai"
2024-01-25,133, , ,4,2,4,"Malad West, Mumbai"
2024-01-26,138, , ,8,2,6,"Malad West, Mumbai"
2024-01-27,209, ,15,2,2,6,"Malad West, Mumbai"
2024-01-28,108, ,12,8,1,2,"Malad West, Mumbai"
2024-01-29,156, ,5,5,2,3,"Malad West, Mumbai"
2024-01-30,26, ,11,5,2,24,"Malad West, Mumbai"
2024-01-31,32, ,7,5,3,7,"Malad West, Mumbai"
2024-02-01,20, ,9,5,3,7,"Malad West, Mumbai"
2024-02-02, , ,10,5,3,8,"Malad West, Mumbai"
2024-02-03,19,127,20,5,3,5,"Malad West, Mumbai"
2024-02-04,60,116,15,5,2,7,"Malad West, Mumbai"
2024-02-05,175,101,17,5,3,8,"Malad West, Mumbai"
2024-02-06,164,87,104,29,6,20,"Malad West, Mumbai"
2024-02-07,132,83,49,16,4,3,"Malad West, Mumbai"
2024-02-08,140,88,24,15,1,2,"Malad West, Mumbai"
2024-02-09,150,82,27,12,1,2,"Malad West, Mumbai"
2024-02-10,145,88,28,13,1,2,"Malad West, Mumbai"
2024-02-11,156,93,32,14,2, ,"Malad West, Mumbai"
2024-02-12,162,87,30,13,4,4,"Malad West, Mumbai"
2024-02-13,152,99,31,12,1,5,"Malad West, Mumbai"
2024-02-14,165,98,32,11,2,6,"Malad West, Mumbai"
2024-02-15,163,122,24,16,2,14,"Malad West, Mumbai"
2024-02-16,178,146,25,14,3,12,"Malad West, Mumbai"
2024-02-17,194,60,11,2,3,10,"Malad West, Mumbai"
2024-02-18,149,70,10,1,2,1,"Malad West, Mumbai"
2024-02-19,109,38,8, ,3,4,"Malad West, Mumbai"
2024-02-20,36,68,6, ,2,6,"Malad West, Mumbai"
2024-02-21,66,56,11, ,2,7,"Malad West, Mumbai"
2024-02-22,63, , , , , ,"Malad West, Mumbai"
2024-02-23,8, , , , , ,"Malad West, Mumbai"
2024-04-18, , ,3, , , ,"Malad West, Mumbai"
2024-04-19,7, , , , , ,"Malad West, Mumbai"
2024-04-30,162, , , , , ,"Malad West, Mumbai"
2024-05-01,149, , , , , ,"Malad West, Mumbai"
2024-05-02,127, , , , , ,"Malad West, Mumbai"
2024-05-03,43, , , , , ,"Malad West, Mumbai"
2024-06-10, , , , , , ,"Malad West, Mumbai"
2024-06-11,38, , , , , ,"Malad West, Mumbai"
2024-06-12,45, , , , , ,"Malad West, Mumbai"
2024-06-13,28, , , , , ,"Malad West, Mumbai"
2024-06-14,28, , , , , ,"Malad West, Mumbai"
2024-06-15,24, , , , , ,"Malad West, Mumbai"
2024-06-16,42, , , , , ,"Malad West, Mumbai"
2024-06-17,49, , , , , ,"Malad West, Mumbai"
2024-06-18,29, , , , , ,"Malad West, Mumbai"
2024-06-19,42, , , , , ,"Malad West, Mumbai"
2024-06-20,49, , , , , ,"Malad West, Mumbai"
2024-06-21,35, , , , , ,"Malad West, Mumbai"
2024-06-22,29, , , , , ,"Malad West, Mumbai"
2024-06-23,43, , , , , ,"Malad West, Mumbai"
2024-06-24,32, , , , , ,"Malad West, Mumbai"
2024-06-25,39, , , , , ,"Malad West, Mumbai"
2024-06-26,33, , , , , ,"Malad West, Mumbai"
2024-06-27,23, , , , , ,"Malad West, Mumbai"
2024-06-28,10, , , , , ,"Malad West, Mumbai"
2024-06-29, , , , , , ,"Malad West, Mumbai"
2024-06-30, , ,3,6, , ,"Malad West, Mumbai"
2024-07-01,2, ,5,5, , ,"Malad West, Mumbai"
2024-07-02,44, ,5,4, , ,"Malad West, Mumbai"
2024-07-03,32, ,3,4, , ,"Malad West, Mumbai"
2024-07-04,18, ,4,4, , ,"Malad West, Mumbai"
2024-07-05,20, ,6,3, , ,"Malad West, Mumbai"
2024-07-06,13, ,6,3, , ,"Malad West, Mumbai"
2024-07-07,22, ,7,3, , ,"Malad West, Mumbai"
2024-07-08,25, ,4,5, , ,"Malad West, Mumbai"
2024-07-09,16, , , , , ,"Malad West, Mumbai"
2024-07-10, , ,2,5, , ,"Malad West, Mumbai"
2024-07-11,57, ,4,5, , ,"Malad West, Mumbai"
2024-07-12,44, ,5,6, , ,"Malad West, Mumbai"
2024-07-13,56, ,4,3, , ,"Malad West, Mumbai"
2024-07-14,32, ,2,4, , ,"Malad West, Mumbai"
2024-07-15,56, ,2,4, , ,"Malad West, Mumbai"
2024-07-16,50, ,5,6, , ,"Malad West, Mumbai"
2024-07-17,40, ,4,6, , ,"Malad West, Mumbai"
2024-07-18,35, ,2,6, , ,"Malad West, Mumbai"
2024-07-19,22, ,4,5, , ,"Malad West, Mumbai"
2024-07-20,28, ,4,5, , ,"Malad West, Mumbai"
2024-07-21,34, ,4,4, , ,"Malad West, Mumbai"
2024-07-22,29, ,4,4, , ,"Malad West, Mumbai"
2024-07-23,26, ,3,4, , ,"Malad West, Mumbai"
2024-07-24,35, ,5,3, , ,"Malad West, Mumbai"
2024-07-25,30, ,2,4, , ,"Malad West, Mumbai"
2024-07-26,45, ,3,4, , ,"Malad West, Mumbai"
2024-07-27,49, ,2,4, , ,"Malad West, Mumbai"
2024-07-28,47, ,3,5, , ,"Malad West, Mumbai"
2024-07-29,51, ,3,5, , ,"Malad West, Mumbai"
2024-07-30,53, ,3,4, , ,"Malad West, Mumbai"
2024-07-31,36, ,3,4, , ,"Malad West, Mumbai"
2024-08-01,46, ,3,4, , ,"Malad West, Mumbai"
2024-08-02,38, ,20,5, , ,"Malad West, Mumbai"
2024-08-03,42, ,3,3, , ,"Malad West, Mumbai"
2024-08-04,47, ,2,4, , ,"Malad West, Mumbai"
2024-08-05,51, ,2,4, , ,"Malad West, Mumbai"
2024-08-06,59, ,3,4, , ,"Malad West, Mumbai"
2024-08-07,45, ,3,4, , ,"Malad West, Mumbai"
2024-08-08,74, ,2,4, , ,"Malad West, Mumbai"
2024-08-09,51, ,2,4, , ,"Malad West, Mumbai"
2024-08-10,45, ,3,3, , ,"Malad West, Mumbai"
2024-08-11,36, ,3,4, , ,"Malad West, Mumbai"
2024-08-12,48, ,2,3, , ,"Malad West, Mumbai"
2024-08-13,42, ,3,3, , ,"Malad West, Mumbai"
2024-08-14,37, ,3,3, , ,"Malad West, Mumbai"
2024-08-15,38, ,3,5, , ,"Malad West, Mumbai"
2024-08-16,46, ,3,30, , ,"Malad West, Mumbai"
2024-08-17,45, ,3,9, , ,"Malad West, Mumbai"
2024-08-18,50, ,3,9, , ,"Malad West, Mumbai"
2024-08-19,52, ,3,10, , ,"Malad West, Mumbai"
2024-08-20,82, ,48,36, , ,"Malad West, Mumbai"
2024-08-21,83, ,500,16, , ,"Malad West, Mumbai"
2024-08-22,98, ,5,14, , ,"Malad West, Mumbai"
2024-08-23,59, ,2,36, , ,"Malad West, Mumbai"
2024-08-24,62, ,4, , ,3,"Malad West, Mumbai"
2024-08-25,35, ,5, , , ,"Malad West, Mumbai"
2024-08-26,41, ,5,1, , ,"Malad West, Mumbai"
2024-08-27,144, ,5,2, , ,"Malad West, Mumbai"
2024-08-28,58, ,3,2, , ,"Malad West, Mumbai"
2024-08-29,54, ,4,2, , ,"Malad West, Mumbai"
2024-08-30,53, ,22,5, , ,"Malad West, Mumbai"
2024-08-31,42, ,4, , , ,"Malad West, Mumbai"
2024-09-01,38, ,4, , , ,"Malad West, Mumbai"
2024-09-02,36, ,4, , , ,"Malad West, Mumbai"
2024-09-03,47, ,6, , , ,"Malad West, Mumbai"
2024-09-04,54, ,5, , , ,"Malad West, Mumbai"
2024-09-05,43, ,6,4, , ,"Malad West, Mumbai"
2024-09-06,48, ,6,2, , ,"Malad West, Mumbai"
2024-09-07,50, ,7,1, , ,"Malad West, Mumbai"
2024-09-08,43, ,6,2, , ,"Malad West, Mumbai"
2024-09-09,46, ,5,2, , ,"Malad West, Mumbai"
2024-09-10,51, ,6,2, , ,"Malad West, Mumbai"
2024-09-11,69, ,5,3, , ,"Malad West, Mumbai"
2024-09-12,65, ,6,3, , ,"Malad West, Mumbai"
2024-09-13,71, ,6,4, , ,"Malad West, Mumbai"
2024-09-14,82, ,6,5, , ,"Malad West, Mumbai"
2024-09-15,77, ,9,4, , ,"Malad West, Mumbai"
2024-09-16,90, ,8,2, , ,"Malad West, Mumbai"
2024-09-17,60, ,12,4, , ,"Malad West, Mumbai"
2024-09-18,80, ,7,3, , ,"Malad West, Mumbai"
2024-09-19,65, ,7,3, , ,"Malad West, Mumbai"
2024-09-20,64, ,7,2, , ,"Malad West, Mumbai"
2024-09-21,59, ,8,1, , ,"Malad West, Mumbai"
2024-09-22,50, ,12, , , ,"Malad West, Mumbai"
2024-09-23,65, ,7,1, , ,"Malad West, Mumbai"
2024-09-24,55, ,12,4, , ,"Malad West, Mumbai"
2024-09-25,67, ,12,5, , ,"Malad West, Mumbai"
2024-09-26,46, ,15,5, , ,"Malad West, Mumbai"
2024-09-27,27, ,12,4, , ,"Malad West, Mumbai"
2024-09-28,42, , , , , ,"Malad West, Mumbai"
2024-09-29, , ,16,9, , ,"Malad West, Mumbai"
2024-09-30,41, ,21,5, , ,"Malad West, Mumbai"
2024-10-01,110, ,20,3, , ,"Malad West, Mumbai"
2024-10-02,143, ,11,2, , ,"Malad West, Mumbai"
2024-10-03,72, ,10,3, , ,"Malad West, Mumbai"
2024-10-04,59, ,11,4, , ,"Malad West, Mumbai"
2024-10-05,39, ,18,4, , ,"Malad West, Mumbai"
2024-10-06,64, ,46,7, , ,"Malad West, Mumbai"
2024-10-07,121, ,28,10, , ,"Malad West, Mumbai"
2024-10-08,142, ,14,9, , ,"Malad West, Mumbai"
2024-10-09,108, ,17,9, , ,"Malad West, Mumbai"
2024-10-10,100, ,28,8, , ,"Malad West, Mumbai"
2024-10-11,70, ,31,11, , ,"Malad West, Mumbai"
2024-10-12,111, ,23,7, , ,"Malad West, Mumbai"
2024-10-13,83, ,27,8, , ,"Malad West, Mumbai"
2024-10-14,64, ,29,9, , ,"Malad West, Mumbai"
2024-10-15,76, ,29,9, , ,"Malad West, Mumbai"
2024-10-16,108, ,46,8, , ,"Malad West, Mumbai"
2024-10-17,121, ,8,6, , ,"Malad West, Mumbai"
2024-10-18,110, ,7,6, , ,"Malad West, Mumbai"
2024-10-19,50, ,38,12, , ,"Malad West, Mumbai"
2024-10-20,60, ,31,14, , ,"Malad West, Mumbai"
2024-10-21,62, ,30,12, , ,"Malad West, Mumbai"
2024-10-22,99, ,24,10, , ,"Malad West, Mumbai"
2024-10-23,117, ,29,10, , ,"Malad West, Mumbai"
2024-10-24,154, ,33,14, , ,"Malad West, Mumbai"
2024-10-25,159, ,41,17, , ,"Malad West, Mumbai"
2024-10-26,162, ,41,17, , ,"Malad West, Mumbai"
2024-10-27,173, ,24,15, , ,"Malad West, Mumbai"
2024-10-28,155, ,23,36, , ,"Malad West, Mumbai"
2024-10-29,120, ,29,24, , ,"Malad West, Mumbai"
2024-10-30,150, ,26,24, , ,"Malad West, Mumbai"
2024-10-31,181, ,21,35, , ,"Malad West, Mumbai"
2024-11-01,253, ,24,29, , ,"Malad West, Mumbai"
2024-11-02,229, ,31,33, , ,"Malad West, Mumbai"
2024-11-03,178, ,30,36, , ,"Malad West, Mumbai"
2024-11-04,198,93,31,33,3, ,"Malad West, Mumbai"
2024-11-05,168,118,31,39,3, ,"Malad West, Mumbai"
2024-11-06,161,99,37,25,3, ,"Malad West, Mumbai"
2024-11-07,160,102,32,28,3, ,"Malad West, Mumbai"
2024-11-08,164,104,40,25,4, ,"Malad West, Mumbai"
2024-11-09,164,112,39,22,2, ,"Malad West, Mumbai"
2024-11-10,167,99,38,21,3, ,"Malad West, Mumbai"
2024-11-11,166,98,37,26,4, ,"Malad West, Mumbai"
2024-11-12,166,108,46,29,4, ,"Malad West, Mumbai"
2024-11-13,168,108,30,13,6, ,"Malad West, Mumbai"
2024-11-14,159,119,39,14,2, ,"Malad West, Mumbai"
2024-11-15,167,124,37,10,2, ,"Malad West, Mumbai"
2024-11-16,180,116,38,8,2, ,"Malad West, Mumbai"
2024-11-17,177,98,34,9,3, ,"Malad West, Mumbai"
2024-11-18,157,95,1,14,2, ,"Malad West, Mumbai"
2024-11-19,153,107,7,11,3, ,"Malad West, Mumbai"
2024-11-20,168,84,41,8,4, ,"Malad West, Mumbai"
2024-11-21,151,106,40,9,2, ,"Malad West, Mumbai"
2024-11-22,171,119,69,10,3, ,"Malad West, Mumbai"
2024-11-23,178,120,48,9,2, ,"Malad West, Mumbai"
2024-11-24,179,107,49,12,3, ,"Malad West, Mumbai"
2024-11-25,169,104,40,14,3, ,"Malad West, Mumbai"
2024-11-26,154,105,43,35,2, ,"Malad West, Mumbai"
2024-11-27,150,113,45,26,3, ,"Malad West, Mumbai"
2024-11-28,150,91,44,20,2, ,"Malad West, Mumbai"
2024-11-29,141,110,44,34,4, ,"Malad West, Mumbai"
2024-11-30,160,134,38,40,4, ,"Malad West, Mumbai"
2024-12-01,172,136,31,33,3, ,"Malad West, Mumbai"
2024-12-02,178,122,30,36,4, ,"Malad West, Mumbai"
2024-12-03,164,119,31,36,4, ,"Malad West, Mumbai"
2024-12-04,158,107,79,32,4, ,"Malad West, Mumbai"
2024-12-05,154,118,48,24,73, ,"Malad West, Mumbai"
2024-12-06,163,100,36,13,5, ,"Malad West, Mumbai"
2024-12-07,151,95,41,12,5, ,"Malad West, Mumbai"
2024-12-08,143,90,34,12,2, ,"Malad West, Mumbai"
2024-12-09,129,104,41,15,4, ,"Malad West, Mumbai"
2024-12-10,124,121,42,17,4, ,"Malad West, Mumbai"
2024-12-11,147,126,37,15,2, ,"Malad West, Mumbai"
2024-12-12,158,99,35,14,2, ,"Malad West, Mumbai"
2024-12-13,136,108,38,13,2, ,"Malad West, Mumbai"
2024-12-14,150,118,40,16,3, ,"Malad West, Mumbai"
2024-12-15,151,146,32,24,2, ,"Malad West, Mumbai"
2024-12-16,162,135,34,22,2,1,"Malad West, Mumbai"
2024-12-17,166,121,55,18,1, ,"Malad West, Mumbai"
2024-12-18,177,120,37,21,1, ,"Malad West, Mumbai"
2024-12-19,181,116,32,22,2, ,"Malad West, Mumbai"
2024-12-20,193,133,27,14,3, ,"Malad West, Mumbai"
2024-12-21,190,108,18,10,1, ,"Malad West, Mumbai"
2024-12-22,176,105,19,14,2, ,"Malad West, Mumbai"
2024-12-23,173,104,26,20,3, ,"Malad West, Mumbai"
2024-12-24,173,112,26,16,2, ,"Malad West, Mumbai"
2024-12-25,177,122,20,14,2, ,"Malad West, Mumbai"
2024-12-26,188,114,10,17,2, ,"Malad West, Mumbai"
2024-12-27,176,103,15,11,2, ,"Malad West, Mumbai"
2024-12-28,177,125,17,12,2, ,"Malad West, Mumbai"
2024-12-29,171, , , , , ,"Malad West, Mumbai"
2024-12-31, ,71,6,13,3, ,"Malad West, Mumbai"
2025-01-01,138,77,40,13,2, ,"Malad West, Mumbai"
2025-01-02,141,85,37,15,3, ,"Malad West, Mumbai"
2025-01-03,134,110,62,19,2, ,"Malad West, Mumbai"
2025-01-04,160,121,52,19,3, ,"Malad West, Mumbai"
2025-01-05,168,84,45,8,2, ,"Malad West, Mumbai"
2025-01-06,156,99,36,10,2, ,"Malad West, Mumbai"
2025-01-07,165,124,35,16,2, ,"Malad West, Mumbai"
2025-01-08,168,84,40,13,3, ,"Malad West, Mumbai"
2025-01-09,165,135,30,5,4, ,"Malad West, Mumbai"
2025-01-10,179,109,31,9,2, ,"Malad West, Mumbai"
2025-01-11,174,91,48, ,3, ,"Malad West, Mumbai"
2025-01-12,165,98,32,6,2, ,"Malad West, Mumbai"
2025-01-13,164,116,45,8,3, ,"Malad West, Mumbai"
2025-01-14,180,114,58,8,1, ,"Malad West, Mumbai"
2025-01-15,173,97,39,9,1, ,"Malad West, Mumbai"
2025-01-16,169,98,33,11,2, ,"Malad West, Mumbai"
2025-01-17,169,103,36,12,4, ,"Malad West, Mumbai"
2025-01-18,166,114,46,13,2, ,"Malad West, Mumbai"
2025-01-19,177,115,39,15,3, ,"Malad West, Mumbai"
2025-01-20,173,110,43,12,3, ,"Malad West, Mumbai"
2025-01-21,170,118,53,12,2, ,"Malad West, Mumbai"
2025-01-22,179,85,49,10,3, ,"Malad West, Mumbai"
2025-01-23,156,98,47,12,1, ,"Malad West, Mumbai"
2025-01-24,161,143,65,23,2, ,"Malad West, Mumbai"
2025-01-25,186,125,55, ,2, ,"Malad West, Mumbai"
2025-01-26,183,109,53,1,1, ,"Malad West, Mumbai"
2025-01-27,177,92,55,129,2, ,"Malad West, Mumbai"
2025-01-28,164,88,35,130,1, ,"Malad West, Mumbai"
2025-01-29,157,106,56,7,4, ,"Malad West, Mumbai"
2025-01-30,177,72,23,3,2, ,"Malad West, Mumbai"
2025-01-31,120,89,40,6,3, ,"Malad West, Mumbai"
2025-02-01,140,84,55, ,3, ,"Malad West, Mumbai"
2025-02-02,189,89,37,5,3,17,"Malad West, Mumbai"
2025-02-03,145,89,38,13,2, ,"Malad West, Mumbai"
2025-02-04,145,82,79,13,2,4,"Malad West, Mumbai"
2025-02-05,201,126,55, ,2,6,"Malad West, Mumbai"
2025-02-06,515,167,72, ,2,10,"Malad West, Mumbai"
2025-02-07,340,204,72, ,3,14,"Malad West, Mumbai"
2025-02-08,177,151,64, ,2,8,"Malad West, Mumbai"
2025-02-09,169,121,50, ,2,5,"Malad West, Mumbai"
2025-02-10,164,116,39, ,2,4,"Malad West, Mumbai"
2025-02-11,163,105,51,14,174,3,"Malad West, Mumbai"
2025-02-12,208,109,60,12,2,1,"Malad West, Mumbai"
2025-02-13,250,120,14,12,3,1,"Malad West, Mumbai"
2025-02-14,157,127,29,13,3,5,"Malad West, Mumbai"
2025-02-15,144,115,38,10,2,4,"Malad West, Mumbai"
2025-02-16,137,94,56,7,11,4,"Malad West, Mumbai"
2025-02-17,107,109,53,5,2,4,"Malad West, Mumbai"
2025-02-18,123,104,62,6,3,4,"Malad West, Mumbai"
2025-02-19,144,83,55,7,2,4,"Malad West, Mumbai"
2025-02-20,133,80,59,7,1,3,"Malad West, Mumbai"
2025-02-21,87,99,82,9,1,5,"Malad West, Mumbai"
2025-02-22,110,103,58,9,2,6,"Malad West, Mumbai"
2025-02-23,118,94,49,7,1,6,"Malad West, Mumbai"
2025-02-24,101,110,23,7,3,10,"Malad West, Mumbai"
2025-02-25,117, , , , , ,"Malad West, Mumbai"
2025-02-26, ,88,82,15,1,5,"Malad West, Mumbai"
2025-02-27,114,113,55,7,2,8,"Malad West, Mumbai"
2025-02-28,149,78,58,7,2,1,"Malad West, Mumbai"
2025-03-01,103,88,55,6,2,2,"Malad West, Mumbai"
2025-03-02,102,90,69,5,2, ,"Malad West, Mumbai"
2025-03-03,100,93,47,5,3,2,"Malad West, Mumbai"
2025-03-04,98,83,65,5,17,2,"Malad West, Mumbai"
2025-03-05,72,92,63,19,3, ,"Malad West, Mumbai"
2025-03-06,120,96,86,22,2, ,"Malad West, Mumbai"
2025-03-07,142,96,58,22,4, ,"Malad West, Mumbai"
2025-03-08,146,74,22,18,2, ,"Malad West, Mumbai"
2025-03-09,115,119,75,27,3, ,"Malad West, Mumbai"
2025-03-10,150,164,60,32,3, ,"Malad West, Mumbai"
2025-03-11,177,106,97,40,3, ,"Malad West, Mumbai"
2025-03-12,163,89,46,26,2, ,"Malad West, Mumbai"
2025-03-13,154,77,29,22,2, ,"Malad West, Mumbai"
2025-03-14,138,53,26,20,1, ,"Malad West, Mumbai"
2025-03-15,76,60,33,16,2, ,"Malad West, Mumbai"
2025-03-16,80,183,49,18,2, ,"Malad West, Mumbai"
2025-03-17,95,59,30,16,2, ,"Malad West, Mumbai"
2025-03-18,71,62,31,18,2, ,"Malad West, Mumbai"
2025-03-19,87,66,71,19,3, ,"Malad West, Mumbai"
2025-03-20,88,58,21,17,3, ,"Malad West, Mumbai"
2025-03-21,72,51,22,18,2, ,"Malad West, Mumbai"
2025-03-22,46,67,40,24,2, ,"Malad West, Mumbai"
2025-03-23,90,73,32,26,2, ,"Malad West, Mumbai"
2025-03-24,107,59,30,14,2, ,"Malad West, Mumbai"
2025-03-25,93,7,20,10,2, ,"Malad West, Mumbai"
2025-03-26,66,17,21,13,2, ,"Malad West, Mumbai"
2025-03-27,41,63,43,184,2, ,"Malad West, Mumbai"
2025-03-28,64,93,84,88,2, ,"Malad West, Mumbai"
2025-03-29,113,93,84,56,3, ,"Malad West, Mumbai"
2025-03-30,119,72,68,41,3, ,"Malad West, Mumbai"
2025-03-31,93,75,38,33,2, ,"Malad West, Mumbai"
2025-04-01,99,78,78,31,2, ,"Malad West, Mumbai"
2025-04-02,120,76,19,22,1, ,"Malad West, Mumbai"
2025-04-03,115,61,19,30,58, ,"Malad West, Mumbai"
2025-04-04,80,65,31,26,3, ,"Malad West, Mumbai"
2025-04-05,81,62,27,27,1, ,"Malad West, Mumbai"
2025-04-06,76,67,59,27,2, ,"Malad West, Mumbai"
2025-04-07,92,73,54,26,3, ,"Malad West, Mumbai"
2025-04-08,101,63,19,32,1, ,"Malad West, Mumbai"
2025-04-09,89,60,6,28,1, ,"Malad West, Mumbai"
2025-04-10,69,52,9,23,1,5,"Malad West, Mumbai"
2025-04-11,45,56,8,21,2,2,"Malad West, Mumbai"
2025-04-12,57,52,16,15,2, ,"Malad West, Mumbai"
2025-04-13,34,49,33,14,2,1,"Malad West, Mumbai"
2025-04-14,51,42,25,13,3,2,"Malad West, Mumbai"
2025-04-15,47,47,17,13,1,3,"Malad West, Mumbai"
2025-04-16,38,41,14,17,1,5,"Malad West, Mumbai"
2025-04-17,34,42,17,15,2,1,"Malad West, Mumbai"
2025-04-18,34,46,15,13,2,4,"Malad West, Mumbai"
2025-04-19,34,51,20,13,2,4,"Malad West, Mumbai"
2025-04-20,39,48,17,12,1,2,"Malad West, Mumbai"
2025-04-21,22,70,27,18,3,3,"Malad West, Mumbai"
2025-04-22,64,73,28,14,2,6,"Malad West, Mumbai"
2025-04-23,72,59,21,17,2,2,"Malad West, Mumbai"
2025-04-24,68,53,19,17,2,2,"Malad West, Mumbai"
2025-04-25,59,49,18,19,11,6,"Malad West, Mumbai"
2025-04-26,35,56,20,13,2,2,"Malad West, Mumbai"
2025-04-27,45,56,12,12,1,1,"Malad West, Mumbai"
2025-04-28,41,67,10,11,2,2,"Malad West, Mumbai"
2025-04-29,72,61,10,12,2,2,"Malad West, Mumbai"
2025-04-30,65,56,13,10,1,4,"Malad West, Mumbai"
2025-05-01,64,56,17,15,1,5,"Malad West, Mumbai"
2025-05-02,66,52,13,13,1,6,"Malad West, Mumbai"
2025-05-03,58,57,13,13,2,6,"Malad West, Mumbai"
2025-05-04,67,45,38,12,43,8,"Malad West, Mumbai"
2025-05-05,53,58,12,12,1,5,"Malad West, Mumbai"
2025-05-06,55,50,8,18,3,6,"Malad West, Mumbai"
2025-05-07,64,45,7,20,2,7,"Malad West, Mumbai"
2025-05-08,57,54,10,20,1,4,"Malad West, Mumbai"
2025-05-09,53,52,11,14,1,1,"Malad West, Mumbai"
2025-05-10,58,49,28,14,2,1,"Malad West, Mumbai"
2025-05-11,63,42,10,13,1,2,"Malad West, Mumbai"
2025-05-12,54,45,8,12,2,6,"Malad West, Mumbai"
2025-05-13,64,67,9,10,1,7,"Malad West, Mumbai"
2025-05-14,77,69,10,11,2,8,"Malad West, Mumbai"
2025-05-15,85,60,7,11,1,6,"Malad West, Mumbai"
2025-05-16,67,62,6,10,2,6,"Malad West, Mumbai"
2025-05-17,76,64,8,10,1,6,"Malad West, Mumbai"
2025-05-18,66,55,8,8,1,6,"Malad West, Mumbai"
2025-05-19,61,57,8,9,2,6,"Malad West, Mumbai"
2025-05-20,63,41,15,14,1,10,"Malad West, Mumbai"
2025-05-21,73,35,17,12,1,8,"Malad West, Mumbai"
2025-05-22,65,58,17,16,1,11,"Malad West, Mumbai"
2025-05-23,89,71,15,14,1,9,"Malad West, Mumbai"
2025-05-24,103,51,5,16,1,4,"Malad West, Mumbai"
2025-05-25,75,50,5,11,1,2,"Malad West, Mumbai"
2025-05-26,59,44,10,18,2,2,"Malad West, Mumbai"
2025-05-27,56,60,3,26,2,3,"Malad West, Mumbai"
2025-05-28,52,75,3,17,1,7,"Malad West, Mumbai"
2025-05-29,53,84,5,12,2,4,"Malad West, Mumbai"
2025-05-30,44,79,4,12,2,5,"Malad West, Mumbai"
2025-05-31,32,68,5,15,2,6,"Malad West, Mumbai"
2025-06-01,29,70,4,12,1,3,"Malad West, Mumbai"
2025-06-02,35,66,42,11,1,6,"Malad West, Mumbai"
2025-06-03,39,49,11,21,69,7,"Malad West, Mumbai"
2025-06-04,64,82,11,23,2,6,"Malad West, Mumbai"
2025-06-05,67,75,6,17,2,5,"Malad West, Mumbai"
2025-06-06,61,53,9,14,2,4,"Malad West, Mumbai"
2025-06-07,39,65,9,18,1,6,"Malad West, Mumbai"
2025-06-08,44,52,7,6,1,1,"Malad West, Mumbai"
2025-06-09,25,30,6,7,1,3,"Malad West, Mumbai"
2025-06-10,35,20,7,7,1,7,"Malad West, Mumbai"
2025-06-11,13,30,6,6,1,8,"Malad West, Mumbai"
2025-06-12,40,25,11,9,1,3,"Malad West, Mumbai"
2025-06-13,62,33,6,8,2,3,"Malad West, Mumbai"
2025-06-14,47,27,7,14,1,7,"Malad West, Mumbai"
2025-06-15,71,8,14,16,33,7,"Malad West, Mumbai"
2025-06-16,26,50,5,11,1,10,"Malad West, Mumbai"
2025-06-17,42,23,12,13,1,6,"Malad West, Mumbai"
2025-06-18,28,36,8,10,1,5,"Malad West, Mumbai"
2025-06-19,33,43,4,9,1,7,"Malad West, Mumbai"
2025-06-20,38,50,4,9,1,6,"Malad West, Mumbai"
2025-06-21,22,47,5,10,1,5,"Malad West, Mumbai"
2025-06-22,38,53,6,11,35,6,"Malad West, Mumbai"
2025-06-23,44,46,7,10,2,6,"Malad West, Mumbai"
2025-06-24,43,54,4,16,2,4,"Malad West, Mumbai"
2025-06-25,39,55,5,9,2,3,"Malad West, Mumbai"
2025-06-26,43,50,5,10,2,2,"Malad West, Mumbai"
2025-06-27,33,56,10,13,2,2,"Malad West, Mumbai"
2025-06-28,40,45,5,11,2,1,"Malad West, Mumbai"
2025-06-29,38,53,5,10,1,2,"Malad West, Mumbai"
2025-06-30,38,48,6,10,1, ,"Malad West, Mumbai"
2025-07-01,37,35,31,8,46,5,"Malad West, Mumbai"
2025-07-02,37,40,4,8,1,3,"Malad West, Mumbai"
2025-07-03,31,42,4,12,2,2,"Malad West, Mumbai"
2025-07-04,30,37,5,12,1,2,"Malad West, Mumbai"
2025-07-05,38,41,6,9,1, ,"Malad West, Mumbai"
2025-07-06,36,44,5,14,2,5,"Malad West, Mumbai"
2025-07-07,41,57,4,14,1,3,"Malad West, Mumbai"
2025-07-08,36,51,4,13,1,6,"Malad West, Mumbai"
2025-07-09,43,57,4,14,1,5,"Malad West, Mumbai"
2025-07-10,46,53,4,11,2,6,"Malad West, Mumbai"
2025-07-11,41,46,5,11,2,6,"Malad West, Mumbai"
2025-07-12,47,40,5,10,2,4,"Malad West, Mumbai"
2025-07-13,34,21,5,12,2,4,"Malad West, Mumbai"
2025-07-14,29,40,3,10,1,5,"Malad West, Mumbai"
2025-07-15,43,46,3,10,1,4,"Malad West, Mumbai"
2025-07-16,40,50,5,10,2,4,"Malad West, Mumbai"
2025-07-17,49,53,5,11,2,1,"Malad West, Mumbai"
2025-07-18,50,50,4,13,2,2,"Malad West, Mumbai"
2025-07-19,43,35,4,13,1,2,"Malad West, Mumbai"
2025-07-20,48,32, ,20,1,4,"Malad West, Mumbai"
2025-07-21,64,21,2,11,2,8,"Malad West, Mumbai"
2025-07-22,54,23,2,13,1,5,"Malad West, Mumbai"
2025-07-23,40,42,4,13,1,3,"Malad West, Mumbai"
2025-07-24,55,26,5,11,2, ,"Malad West, Mumbai"
2025-07-25,31,34,7,9,2, ,"Malad West, Mumbai"
2025-07-26,34,45,7,9,1,3,"Malad West, Mumbai"
2025-07-27,40,27,6,12,2,2,"Malad West, Mumbai"
2025-07-28,30,28,7,11,1,1,"Malad West, Mumbai"
2025-07-29,25,65,3,15,1,3,"Malad West, Mumbai"
2025-07-30,18,68,5,14,2,2,"Malad West, Mumbai"
2025-07-31,47,67,5,11,1,2,"Malad West, Mumbai"
2025-08-01,75,53,3,4,1,2,"Malad West, Mumbai"
2025-08-02,56,62,3,3,1,2,"Malad West, Mumbai"
2025-08-03,18,57,18,4,1,4,"Malad West, Mumbai"
2025-08-04,29,51,7,5,67, ,"Malad West, Mumbai"
2025-08-05,21,53,7,4,1,2,"Malad West, Mumbai"
2025-08-06,13,32,4,16,1,1,"Malad West, Mumbai"
2025-08-07,23,35,4,7,1,3,"Malad West, Mumbai"
2025-08-08,59,36,3,3,1,1,"Malad West, Mumbai"
2025-08-09,72,30,2,3,1,1,"Malad West, Mumbai"
2025-08-10,61,41,4,4, ,6,"Malad West, Mumbai"
2025-08-11,17,46,3,6,1,4,"Malad West, Mumbai"
2025-08-12,11,39,3,10,1,3,"Malad West, Mumbai"
2025-08-13,53,30,4,14,1,4,"Malad West, Mumbai"
2025-08-14,20,21,4,9,2,3,"Malad West, Mumbai"
2025-08-15,3,15,6,8,2,2,"Malad West, Mumbai"
2025-08-16,20,23,4,10,2,3,"Malad West, Mumbai"
2025-08-17,23,28,5,7,2,3,"Malad West, Mumbai"
2025-08-18,49,27,10,2,2,5,"Malad West, Mumbai"
2025-08-19,38,43,10,2,1,3,"Malad West, Mumbai"
2025-08-20,49,44,6,2,2,5,"Malad West, Mumbai"
2025-08-21,36,44,6,3,2,2,"Malad West, Mumbai"
2025-08-22,18,49,6,8,1,2,"Malad West, Mumbai"
2025-08-23,24,45,7,6,1, ,"Malad West, Mumbai"
2025-08-24,20,40,6,8,1,6,"Malad West, Mumbai"
2025-08-25,23,45,5,5,1,2,"Malad West, Mumbai"
2025-08-26,28,38,6,4,1,2,"Malad West, Mumbai"
2025-08-27,27,46,5,6,2,6,"Malad West, Mumbai"
2025-08-28,42,44,2,11,2,9,"Malad West, Mumbai"
2025-08-29,54,39,5,7,1,2,"Malad West, Mumbai"
2025-08-30,31,39,5,6,1,1,"Malad West, Mumbai"
2025-08-31,27,44,6,5,2,1,"Malad West, Mumbai"
2025-09-01,32,39,17,3,2,3,"Malad West, Mumbai"
2025-09-02,23,53,7,8,53,1,"Malad West, Mumbai"
2025-09-03,35,43,6,9,1,5,"Malad West, Mumbai"
2025-09-04,23,47,7,12,1,6,"Malad West, Mumbai"
2025-09-05,26,36,7,13,1,7,"Malad West, Mumbai"
2025-09-06,32,59,3,18,2,10,"Malad West, Mumbai"
2025-09-07,56,53,3,20,1,9,"Malad West, Mumbai"
2025-09-08,40,63,4,20,2,7,"Malad West, Mumbai"
2025-09-09,49,64,8,19,1,2,"Malad West, Mumbai"
2025-09-10,49,51,8,21,1,4,"Malad West, Mumbai"
2025-09-11,19,45,6,13,1,4,"Malad West, Mumbai"
2025-09-12,20,52,6,13,1,4,"Malad West, Mumbai"
2025-09-13,50,49,7,9,1,2,"Malad West, Mumbai"
2025-09-14,70,30,5,17,1,4,"Malad West, Mumbai"
2025-09-15,42,53,2,20,1,6,"Malad West, Mumbai"
2025-09-16,69,39,4,19,1,3,"Malad West, Mumbai"
2025-09-17,40,32,5,15,1,2,"Malad West, Mumbai"
2025-09-18,18,37,3,7,1,2,"Malad West, Mumbai"
2025-09-19,28,42,3, ,1,2,"Malad West, Mumbai"
2025-09-20,35,30,4, ,1,6,"Malad West, Mumbai"
2025-09-21,24,29,2,3,2,5,"Malad West, Mumbai"
2025-09-22,27,45,35,6,2,5,"Malad West, Mumbai"
2025-09-23,50,47,2, ,1,4,"Malad West, Mumbai"
2025-09-24,53,43,8,1,1,4,"Malad West, Mumbai"
2025-09-25,32,62,44,9,3,7,"Malad West, Mumbai"
2025-09-26,53,47,4,13,3,6,"Malad West, Mumbai"
2025-09-27,145,28,22,13,1,1,"Malad West, Mumbai"
2025-09-28,35,48,20,12,2,6,"Malad West, Mumbai"
2025-09-29,33,42,6, ,3,4,"Malad West, Mumbai"
2025-09-30,30,47,5, ,2,7,"Malad West, Mumbai"
2025-10-01,29,36,6, ,1,8,"Malad West, Mumbai"
2025-10-02,16,111,5, ,2,9,"Malad West, Mumbai"
2025-10-03,28,45,7, ,1,8,"Malad West, Mumbai"
2025-10-04,24,69,9, ,2,7,"Malad West, Mumbai"
2025-10-05,56,63,13, ,2, ,"Malad West, Mumbai"
2025-10-06,46,50,13, ,1, ,"Malad West, Mumbai"
2025-10-07,33,51,17, ,1,2,"Malad West, Mumbai"
2025-10-08,29,70,78,27,49,3,"Malad West, Mumbai"
2025-10-09,92,118,41,27, ,3,"Malad West, Mumbai"
2025-10-10,136,140,48,23,1,2,"Malad West, Mumbai"
2025-10-11,146,131,51,21,2,2,"Malad West, Mumbai"
2025-10-12,142,112,56,20,1,7,"Malad West, Mumbai"
2025-10-13,122,129,59,23,1,7,"Malad West, Mumbai"
2025-10-14,136,123,52,25,1,7,"Malad West, Mumbai"
2025-10-15,141,102,66,23, ,5,"Malad West, Mumbai"
2025-10-16,125,80,46,23, ,4,"Malad West, Mumbai"
2025-10-17,85,101,65,22,1,3,"Malad West, Mumbai"
2025-10-18,144,121,59,23,1,3,"Malad West, Mumbai"
2025-10-19,161,148,58,21,1,3,"Malad West, Mumbai"
2025-10-20,180,272,51,21,3,3,"Malad West, Mumbai"
2025-10-21,254,99,46,20,2,6,"Malad West, Mumbai"
2025-10-22,133,77,30,20,2,5,"Malad West, Mumbai"
2025-10-23,106,68,30,20,1,5,"Malad West, Mumbai"
2025-10-24,75,48,10,21,2,6,"Malad West, Mumbai"
2025-10-25,26,53,14,20,2,5,"Malad West, Mumbai"
2025-10-26,22,46,7,22,1,7,"Malad West, Mumbai"
2025-10-27,18,57,22,19,2,6,"Malad West, Mumbai"
2025-10-28,55,72,24,20,3,6,"Malad West, Mumbai"
2025-10-29,73,61,16,22,1,6,"Malad West, Mumbai"
2025-10-30,59,59,13,19,1,2,"Malad West, Mumbai"
2025-10-31,52,65,11,17, ,4,"Malad West, Mumbai"
2025-11-01,55,54,5,15, ,4,"Malad West, Mumbai"
2025-11-02,48,50,13,14,1,5,"Malad West, Mumbai"
2025-11-03,43,57,23,13, ,3,"Malad West, Mumbai"
2025-11-04,54,60,25,20, ,2,"Malad West, Mumbai"
2025-11-05,54,92,48,16, ,3,"Malad West, Mumbai"
2025-11-06,91,100,80,20,99,9,"Malad West, Mumbai"
2025-11-07,106,102,52,21,2,5,"Malad West, Mumbai"
2025-11-08,108,85,55,18, ,3,"Malad West, Mumbai"
2025-11-09,91,112,62,32,1,8,"Malad West, Mumbai"
2025-11-10,131,111,76,29,1,9,"Malad West, Mumbai"
2025-11-11,128,122,53,29,1,9,"Malad West, Mumbai"
2025-11-12,142,119,64,29,1,9,"Malad West, Mumbai"
2025-11-13,144,127,67,29,1,9,"Malad West, Mumbai"
2025-11-14,153,129,76,27,1,9,"Malad West, Mumbai"
2025-11-15,188,121,67,23,1,7,"Malad West, Mumbai"
2025-11-16,183,111,79,18,2,4,"Malad West, Mumbai"
2025-11-17,161,130,74,26,2,8,"Malad West, Mumbai"
2025-11-18,172,146,53,29,2,11,"Malad West, Mumbai"
2025-11-19,163,133,66,37,1,13,"Malad West, Mumbai"
2025-11-20,158,144,73,33,3,10,"Malad West, Mumbai"
2025-11-21,166,171,93,37,2,14,"Malad West, Mumbai"
2025-11-22,171,158,73,39,1,15,"Malad West, Mumbai"
2025-11-23,165,154,69,29,1,11,"Malad West, Mumbai"
2025-11-24,166,129,73,28,1,10,"Malad West, Mumbai"
2025-11-25,163,139,92,30,1,12,"Malad West, Mumbai"
2025-11-26,175,107,41,26,1,8,"Malad West, Mumbai"
2025-11-27,145,102,26,24,1,8,"Malad West, Mumbai"
2025-11-28,152,91,38,24,1,6,"Malad West, Mumbai"
2025-11-29,131,104,49,35,3,9,"Malad West, Mumbai"
2025-11-30,135,93,45,25,3,4,"Malad West, Mumbai"
2025-12-01,136,108,77,30,62,9,"Malad West, Mumbai"
2025-12-02,131,111,63,26,2,9,"Malad West, Mumbai"
2025-12-03,151,114,46,29,1,8,"Malad West, Mumbai"
2025-12-04,156,101,59,21,1,6,"Malad West, Mumbai"
2025-12-05,152,89,63,15,2,4,"Malad West, Mumbai"
2025-12-06,133,145,86,16,1,4,"Malad West, Mumbai"
2025-12-07,127,93,71,23,1,5,"Malad West, Mumbai"
2025-12-08,126,85,55,23,2,6,"Malad West, Mumbai"
2025-12-09,102,78,44,25,2,7,"Malad West, Mumbai"
2025-12-10,86,89,54,23,3,10,"Malad West, Mumbai"
2025-12-11,109,88,48,26,1,10,"Malad West, Mumbai"
2025-12-12,125,119,69,8,3,9,"Malad West, Mumbai"
2025-12-13,128,125,102,9,3,8,"Malad West, Mumbai"
2025-12-14,132,97,61,15,1,6,"Malad West, Mumbai"
2025-12-15,117,105,89,22,4,5,"Malad West, Mumbai"
2025-12-16,115,118,69,33,4,8,"Malad West, Mumbai"
2025-12-17,134,123,73,32,4,7,"Malad West, Mumbai"
2025-12-18,144,114,64,31,6,9,"Malad West, Mumbai"
2025-12-19,131,92,41,28,5,10,"Malad West, Mumbai"
2025-12-20,97,89,52,27,5,11,"Malad West, Mumbai"
2025-12-21,87,92,48,31,6,11,"Malad West, Mumbai"
2025-12-22,118,88,64,28,6,10,"Malad West, Mumbai"
2025-12-23,116,67,65,20,4,4,"Malad West, Mumbai"
2025-12-24,77,93,75,26,4,8,"Malad West, Mumbai"
2025-12-25,110,103,104,25,5,8,"Malad West, Mumbai"
2025-12-26,137,103,85,10,5,9,"Malad West, Mumbai"
2025-12-27,132,101,102,21,6,8,"Malad West, Mumbai"
2025-12-28,144, , , , , ,"Malad West, Mumbai"
2025-12-31, ,59,27,21,3,4,"Malad West, Mumbai"
2026-01-01,80,78,63,20,5,4,"Malad West, Mumbai"
2026-01-02,116,86,54,25,6,5,"Malad West, Mumbai"
2026-01-03,117,103,48,26,5,7,"Malad West, Mumbai"
2026-01-04,156,102,76,26,7,7,"Malad West, Mumbai"
2026-01-05,152,112,76,34,7,8,"Malad West, Mumbai"
2026-01-06,154,105,81,34,67,9,"Malad West, Mumbai"
2026-01-07,134,105,67,36,4,9,"Malad West, Mumbai"
2026-01-08,131,96,80,26,3,7,"Malad West, Mumbai"
2026-01-09,132,87,72,21,2,4,"Malad West, Mumbai"
2026-01-10,124,85,73,19,4,4,"Malad West, Mumbai"
2026-01-11,120,101,84,32,5,7,"Malad West, Mumbai"
2026-01-12,153,108,92,38,2,10,"Malad West, Mumbai"
2026-01-13,147,101,88,25,3,5,"Malad West, Mumbai"
2026-01-14,147,76,78,17,4,1,"Malad West, Mumbai"
2026-01-15,120,97,35,24,4,6,"Malad West, Mumbai"
2026-01-16,143,73,26,15,1,3,"Malad West, Mumbai"
2026-01-17,104,64,22,14,1,2,"Malad West, Mumbai"
2026-01-18,82,63,22,14,3,2,"Malad West, Mumbai"
2026-01-19,76,69,20,18,4,2,"Malad West, Mumbai"
2026-01-20,85,109,30,39,5,13,"Malad West, Mumbai"
2026-01-21,147,117,28,49,5,10,"Malad West, Mumbai"
2026-01-22,154,73,21,21,1,1,"Malad West, Mumbai"
2026-01-23,97,73,6,22,3,1,"Malad West, Mumbai"
2026-01-24,79,86,3,24,4,3,"Malad West, Mumbai"
2026-01-25,110,112,3,28,4,7,"Malad West, Mumbai"
2026-01-26,155,73,3,14,2,2,"Malad West, Mumbai"
2026-01-27,100,68,22,16,4,2,"Malad West, Mumbai"
2026-01-28,71,82,2,27,3,6,"Malad West, Mumbai"
2026-01-29,100,110,26,31,5,11,"Malad West, Mumbai"
2026-01-30,149,86,3,18,1,4,"Malad West, Mumbai"
2026-01-31,121,92,3,20,2,4,"Malad West, Mumbai"
2026-02-01,135,113,5,31,77,10,"Malad West, Mumbai"
2026-02-02,121,123,2,36,5,14,"Malad West, Mumbai"
2026-02-03,157,107, ,23,4,7,"Malad West, Mumbai"
2026-02-04,149,109,57,29,10,11,"Malad West, Mumbai"
2026-02-05,147,106,83,29,9,5,"Malad West, Mumbai"
2026-02-06,143,92,68,27,9,6,"Malad West, Mumbai"
2026-02-07,134,119,18,41,12,13,"Malad West, Mumbai"
2026-02-08,154, , , , , ,"Malad West, Mumbai"
2026-02-12, ,87,96,24,5,4,"Malad West, Mumbai"
2026-02-13,132,116,147,34,10,7,"Malad West, Mumbai"
2026-02-14,151,115,128,30,12,8,"Malad West, Mumbai"
2026-02-15,141,88,128,26,11,3,"Malad West, Mumbai"
2026-02-16,120,79,115,7,7,3,"Malad West, Mumbai"
2026-02-17,80,59,67,5,1, ,"Malad West, Mumbai"
2026-02-18,75, , , , , ,"Malad West, Mumbai"
