date, pm25, pm10, o3, no2, co,location
2021-12-27, ,69,14,4,1,"Siddharth Nagar-Worli, Mumbai"
2021-12-28,146,53,28,4,2,"Siddharth Nagar-Worli, Mumbai"
2021-12-29,111,70,10,4,4,"Siddharth Nagar-Worli, Mumbai"
2021-12-30,143,73,11,10,5,"Siddharth Nagar-Worli, Mumbai"
2021-12-31,147,65,11,8,6,"Siddharth Nagar-Worli, Mumbai"
2022-01-01,132,22,15,7,5,"Siddharth Nagar-Worli, Mumbai"
2022-01-02,48,39,17,6,6,"Siddharth Nagar-Worli, Mumbai"
2022-01-03,80,70,33,16,6,"Siddharth Nagar-Worli, Mumbai"
2022-01-04,145,91,20,7,6,"Siddharth Nagar-Worli, Mumbai"
2022-01-05,156,63,23,16,4,"Siddharth Nagar-Worli, Mumbai"
2022-01-06,124,81,27,16,5,"Siddharth Nagar-Worli, Mumbai"
2022-01-07,152,49,14,6,4,"Siddharth Nagar-Worli, Mumbai"
2022-01-08,108,30,14,6,3,"Siddharth Nagar-Worli, Mumbai"
2022-01-09,67,38,25,7,3,"Siddharth Nagar-Worli, Mumbai"
2022-01-10,82,61,20,6,5,"Siddharth Nagar-Worli, Mumbai"
2022-01-11,124,55,19,5,4,"Siddharth Nagar-Worli, Mumbai"
2022-01-12,113,65,22,4,5,"Siddharth Nagar-Worli, Mumbai"
2022-01-13,138,70,23,4,6,"Siddharth Nagar-Worli, Mumbai"
2022-01-14,143,67,25,18,5,"Siddharth Nagar-Worli, Mumbai"
2022-01-15,135,62,14,4,5,"Siddharth Nagar-Worli, Mumbai"
2022-01-16,125,60,11,4,5,"Siddharth Nagar-Worli, Mumbai"
2022-01-17,122,64,17,4,5,"Siddharth Nagar-Worli, Mumbai"
2022-01-18,132,65,52,18,6,"Siddharth Nagar-Worli, Mumbai"
2022-01-19,136,47,21,7,4,"Siddharth Nagar-Worli, Mumbai"
2022-01-20,99,34,8,10,4,"Siddharth Nagar-Worli, Mumbai"
2022-01-21,76,38,15,7,4,"Siddharth Nagar-Worli, Mumbai"
2022-01-22,84,338,18,10,2,"Siddharth Nagar-Worli, Mumbai"
2022-01-23,304,146,37,16,3,"Siddharth Nagar-Worli, Mumbai"
2022-01-24,210,116,23,9,5,"Siddharth Nagar-Worli, Mumbai"
2022-01-25,182,102,37,6,5,"Siddharth Nagar-Worli, Mumbai"
2022-01-26,176,80,18,4,6,"Siddharth Nagar-Worli, Mumbai"
2022-01-27,157,70,14,4,5,"Siddharth Nagar-Worli, Mumbai"
2022-01-28,151,65,14,4,4,"Siddharth Nagar-Worli, Mumbai"
2022-01-29,140,67,18,4,6,"Siddharth Nagar-Worli, Mumbai"
2022-01-30,143,66,45,4,6,"Siddharth Nagar-Worli, Mumbai"
2022-01-31,139,59,33,4,5,"Siddharth Nagar-Worli, Mumbai"
2022-02-01,127, , , , ,"Siddharth Nagar-Worli, Mumbai"
2022-02-03, ,107,23,16,3,"Siddharth Nagar-Worli, Mumbai"
2022-02-04,178, , , , ,"Siddharth Nagar-Worli, Mumbai"
2022-02-06, ,60,27,4,4,"Siddharth Nagar-Worli, Mumbai"
2022-02-07,130,40,26,19,4,"Siddharth Nagar-Worli, Mumbai"
2022-02-08,83,49,20,5,4,"Siddharth Nagar-Worli, Mumbai"
2022-02-09,105,66,21,5,6,"Siddharth Nagar-Worli, Mumbai"
2022-02-10,141,74,15,4,6,"Siddharth Nagar-Worli, Mumbai"
2022-02-11,144,64,17,6,6,"Siddharth Nagar-Worli, Mumbai"
2022-02-12,132,62,34,4,6,"Siddharth Nagar-Worli, Mumbai"
2022-02-13,127,54,26,17,7,"Siddharth Nagar-Worli, Mumbai"
2022-02-14,113,42,30,17,5,"Siddharth Nagar-Worli, Mumbai"
2022-02-15,82,22,9,5,4,"Siddharth Nagar-Worli, Mumbai"
2022-02-16,57,34,9,4,5,"Siddharth Nagar-Worli, Mumbai"
2022-02-17,77,46,13,6,6,"Siddharth Nagar-Worli, Mumbai"
2022-02-18,96,67,25,5,6,"Siddharth Nagar-Worli, Mumbai"
2022-02-19,139,67,37,18,6,"Siddharth Nagar-Worli, Mumbai"
2022-02-20,140,77,48,4,7,"Siddharth Nagar-Worli, Mumbai"
2022-02-21,154,73,12,4,6,"Siddharth Nagar-Worli, Mumbai"
2022-02-22,138,66,18,4,8,"Siddharth Nagar-Worli, Mumbai"
2022-02-23,138,83,55,4,7,"Siddharth Nagar-Worli, Mumbai"
2022-02-24,162,118,67,4,8,"Siddharth Nagar-Worli, Mumbai"
2022-02-25,186,100,32,4,7,"Siddharth Nagar-Worli, Mumbai"
2022-02-26,174,88,28,4,6,"Siddharth Nagar-Worli, Mumbai"
2022-02-27,166,99,30,4,8,"Siddharth Nagar-Worli, Mumbai"
2022-02-28,172,91,56,5,7,"Siddharth Nagar-Worli, Mumbai"
2022-03-01,167,96,20,19,8,"Siddharth Nagar-Worli, Mumbai"
2022-03-02,169,97,23,4,9,"Siddharth Nagar-Worli, Mumbai"
2022-03-03,170,83,21,5,7,"Siddharth Nagar-Worli, Mumbai"
2022-03-04,160,90,42,18,7,"Siddharth Nagar-Worli, Mumbai"
2022-03-05,166,90,21,4,10,"Siddharth Nagar-Worli, Mumbai"
2022-03-06,165,77,17,4,8,"Siddharth Nagar-Worli, Mumbai"
2022-03-07,154,91,14,4,8,"Siddharth Nagar-Worli, Mumbai"
2022-03-08,162,104,39,5,11,"Siddharth Nagar-Worli, Mumbai"
2022-03-09,175,92,29,4,10,"Siddharth Nagar-Worli, Mumbai"
2022-03-10,165,93,37,4,10,"Siddharth Nagar-Worli, Mumbai"
2022-03-11,167,54,52,4,8,"Siddharth Nagar-Worli, Mumbai"
2022-03-12,105,62,26,18,9,"Siddharth Nagar-Worli, Mumbai"
2022-03-13,124,61,43,5,8,"Siddharth Nagar-Worli, Mumbai"
2022-03-14,121,72,22,4,9,"Siddharth Nagar-Worli, Mumbai"
2022-03-15,139,69,22,4,7,"Siddharth Nagar-Worli, Mumbai"
2022-03-16,130,59,39,18,7,"Siddharth Nagar-Worli, Mumbai"
2022-03-17,111,59,36,4,9,"Siddharth Nagar-Worli, Mumbai"
2022-03-18,119,53,9,3,7,"Siddharth Nagar-Worli, Mumbai"
2022-03-19,102,54,15,18,6,"Siddharth Nagar-Worli, Mumbai"
2022-03-20,111,82,19,18,7,"Siddharth Nagar-Worli, Mumbai"
2022-03-21,153,70,18,4,8,"Siddharth Nagar-Worli, Mumbai"
2022-03-22,139,64,14,4,6,"Siddharth Nagar-Worli, Mumbai"
2022-03-23,130, , , , ,"Siddharth Nagar-Worli, Mumbai"
2022-03-28, ,70,22,4,7,"Siddharth Nagar-Worli, Mumbai"
2022-03-29,126,35,13,4,7,"Siddharth Nagar-Worli, Mumbai"
2022-03-30,76,72,11,4,7,"Siddharth Nagar-Worli, Mumbai"
2022-03-31,107,61,17,4,7,"Siddharth Nagar-Worli, Mumbai"
2022-04-01,130,60,9,19,7,"Siddharth Nagar-Worli, Mumbai"
2022-04-02,127,48,18,4,8,"Siddharth Nagar-Worli, Mumbai"
2022-04-03,103,43,18,19,8,"Siddharth Nagar-Worli, Mumbai"
2022-04-04,95,57,21,4,6,"Siddharth Nagar-Worli, Mumbai"
2022-04-05,99,37,21,4,5,"Siddharth Nagar-Worli, Mumbai"
2022-04-06,78,39,28,19,6,"Siddharth Nagar-Worli, Mumbai"
2022-04-07,89,36,25,18,6,"Siddharth Nagar-Worli, Mumbai"
2022-04-08,78,39,21,4,6,"Siddharth Nagar-Worli, Mumbai"
2022-04-09,82,37,11,19,5,"Siddharth Nagar-Worli, Mumbai"
2022-04-10,73,52,25,4,5,"Siddharth Nagar-Worli, Mumbai"
2022-04-11,95,31,17,4,6,"Siddharth Nagar-Worli, Mumbai"
2022-04-12,71,45,22,4,7,"Siddharth Nagar-Worli, Mumbai"
2022-04-13,92,34,13,19,6,"Siddharth Nagar-Worli, Mumbai"
2022-04-14,71,47,21,4,7,"Siddharth Nagar-Worli, Mumbai"
2022-04-15,97, , , , ,"Siddharth Nagar-Worli, Mumbai"
2022-04-17, ,31,23,4,5,"Siddharth Nagar-Worli, Mumbai"
2022-04-18,63,40,11,4,6,"Siddharth Nagar-Worli, Mumbai"
2022-04-19,84,29,10,4,6,"Siddharth Nagar-Worli, Mumbai"
2022-04-20,67, , , , ,"Siddharth Nagar-Worli, Mumbai"
2022-04-28, ,42,10,4,7,"Siddharth Nagar-Worli, Mumbai"
2022-04-29,90,35,21,19,8,"Siddharth Nagar-Worli, Mumbai"
2022-04-30,78,29,14,4,7,"Siddharth Nagar-Worli, Mumbai"
2022-05-01,69,35,15,19,7,"Siddharth Nagar-Worli, Mumbai"
2022-05-02,77,50,16,19,7,"Siddharth Nagar-Worli, Mumbai"
2022-05-03,101,55,17,19,7,"Siddharth Nagar-Worli, Mumbai"
2022-05-04,113,63,18,18,7,"Siddharth Nagar-Worli, Mumbai"
2022-05-05,137,95,8,19,7,"Siddharth Nagar-Worli, Mumbai"
2022-05-06,169,92,18,4,9,"Siddharth Nagar-Worli, Mumbai"
2022-05-07,168,56,9,22,11,"Siddharth Nagar-Worli, Mumbai"
2022-05-08,124,59,12,5,9,"Siddharth Nagar-Worli, Mumbai"
2022-05-09,97,39,4,19,11,"Siddharth Nagar-Worli, Mumbai"
2022-05-10,66,34,6,5,9,"Siddharth Nagar-Worli, Mumbai"
2022-05-11,78,50,13,18,11,"Siddharth Nagar-Worli, Mumbai"
2022-05-12,102,28,12,19,10,"Siddharth Nagar-Worli, Mumbai"
2022-05-13,67,29,8,19,10,"Siddharth Nagar-Worli, Mumbai"
2022-05-14,63,30,5,18,10,"Siddharth Nagar-Worli, Mumbai"
2022-05-15,66,36,26,18,7,"Siddharth Nagar-Worli, Mumbai"
2022-05-16,76,38,27,19,5,"Siddharth Nagar-Worli, Mumbai"
2022-05-17,82,56,15,19,5,"Siddharth Nagar-Worli, Mumbai"
2022-05-18,110,92,24,18,5,"Siddharth Nagar-Worli, Mumbai"
2022-05-19,156,104,12, ,5,"Siddharth Nagar-Worli, Mumbai"
2022-05-20,176,79,9, ,4,"Siddharth Nagar-Worli, Mumbai"
2022-05-21,158,50,8, ,4,"Siddharth Nagar-Worli, Mumbai"
2022-05-22,103,35,3, ,3,"Siddharth Nagar-Worli, Mumbai"
2022-05-23,76,40,8, ,4,"Siddharth Nagar-Worli, Mumbai"
2022-05-24,83,44,7, ,4,"Siddharth Nagar-Worli, Mumbai"
2022-05-25,92,50,7, ,5,"Siddharth Nagar-Worli, Mumbai"
2022-05-26,106,38,7, ,4,"Siddharth Nagar-Worli, Mumbai"
2022-05-27,80,32,8, ,5,"Siddharth Nagar-Worli, Mumbai"
2022-05-28,70,37,4, ,4,"Siddharth Nagar-Worli, Mumbai"
2022-05-29,77,48,8, ,4,"Siddharth Nagar-Worli, Mumbai"
2022-05-30,99,51,4, ,4,"Siddharth Nagar-Worli, Mumbai"
2022-05-31,107,53,9, ,4,"Siddharth Nagar-Worli, Mumbai"
2022-06-01,112,59,10, ,4,"Siddharth Nagar-Worli, Mumbai"
2022-06-02,127,61,5, ,4,"Siddharth Nagar-Worli, Mumbai"
2022-06-03,133,48,7, ,5,"Siddharth Nagar-Worli, Mumbai"
2022-06-04,99,38,10, ,5,"Siddharth Nagar-Worli, Mumbai"
2022-06-05,83,39,9, ,5,"Siddharth Nagar-Worli, Mumbai"
2022-06-06,83,34,9, ,5,"Siddharth Nagar-Worli, Mumbai"
2022-06-07,76,18,9, ,5,"Siddharth Nagar-Worli, Mumbai"
2022-06-08,47,17,10, ,6,"Siddharth Nagar-Worli, Mumbai"
2022-06-09,43,27,4, ,6,"Siddharth Nagar-Worli, Mumbai"
2022-06-10,58,14,3, ,6,"Siddharth Nagar-Worli, Mumbai"
2022-06-11,36,9,5, ,7,"Siddharth Nagar-Worli, Mumbai"
2022-06-12,26,23,3, ,6,"Siddharth Nagar-Worli, Mumbai"
2022-06-13,55,35,6, ,6,"Siddharth Nagar-Worli, Mumbai"
2022-06-14,78,34,7, ,7,"Siddharth Nagar-Worli, Mumbai"
2022-06-15,75,32,3, ,6,"Siddharth Nagar-Worli, Mumbai"
2022-06-16,70,34,7, ,7,"Siddharth Nagar-Worli, Mumbai"
2022-06-17,74,28,2,7,7,"Siddharth Nagar-Worli, Mumbai"
2022-06-18,67,17,3,8,8,"Siddharth Nagar-Worli, Mumbai"
2022-06-19,44,14,3,3,8,"Siddharth Nagar-Worli, Mumbai"
2022-06-20,39,26,3,4,8,"Siddharth Nagar-Worli, Mumbai"
2022-06-21,54,35,4,7,7,"Siddharth Nagar-Worli, Mumbai"
2022-06-22,65,29,10,4,9,"Siddharth Nagar-Worli, Mumbai"
2022-06-23,59,30,5,10,9,"Siddharth Nagar-Worli, Mumbai"
2022-06-24,68,15,8,3,9,"Siddharth Nagar-Worli, Mumbai"
2022-06-25,38,21,4,4,8,"Siddharth Nagar-Worli, Mumbai"
2022-06-26,54,27,6,6,9,"Siddharth Nagar-Worli, Mumbai"
2022-06-27,64,31,8,8,10,"Siddharth Nagar-Worli, Mumbai"
2022-06-28,68,93,8,3,6,"Siddharth Nagar-Worli, Mumbai"
2022-06-29,126,22,4,5,3,"Siddharth Nagar-Worli, Mumbai"
2022-06-30,49,34,5,7,4,"Siddharth Nagar-Worli, Mumbai"
2022-07-01,78,68,8,1,3,"Siddharth Nagar-Worli, Mumbai"
2022-07-02,143,62,9, ,4,"Siddharth Nagar-Worli, Mumbai"
2022-07-03,137,49,10, ,4,"Siddharth Nagar-Worli, Mumbai"
2022-07-04,108,48,5, ,4,"Siddharth Nagar-Worli, Mumbai"
2022-07-05,106,49,10, ,3,"Siddharth Nagar-Worli, Mumbai"
2022-07-06,108,56,10, ,4,"Siddharth Nagar-Worli, Mumbai"
2022-07-07,126,49,12,1,4,"Siddharth Nagar-Worli, Mumbai"
2022-07-08,107,44,13,3,5,"Siddharth Nagar-Worli, Mumbai"
2022-07-09,92,44,14,3,6,"Siddharth Nagar-Worli, Mumbai"
2022-07-10,89,46,14,3,6,"Siddharth Nagar-Worli, Mumbai"
2022-07-11,97,29,7,3,8,"Siddharth Nagar-Worli, Mumbai"
2022-07-12,61, , , , ,"Siddharth Nagar-Worli, Mumbai"
2022-07-13, ,39,14,4,7,"Siddharth Nagar-Worli, Mumbai"
2022-07-14,75,50,8,4,6,"Siddharth Nagar-Worli, Mumbai"
2022-07-15,110,53,14,5,1,"Siddharth Nagar-Worli, Mumbai"
2022-07-16,117,41,10,14,2,"Siddharth Nagar-Worli, Mumbai"
2022-07-17,93,37,6,5,1,"Siddharth Nagar-Worli, Mumbai"
2022-07-18,81,41,7,5,2,"Siddharth Nagar-Worli, Mumbai"
2022-07-19,87,28,13,16,2,"Siddharth Nagar-Worli, Mumbai"
2022-07-20,66,25,9,12,2,"Siddharth Nagar-Worli, Mumbai"
2022-07-21,62,37,14,3,3,"Siddharth Nagar-Worli, Mumbai"
2022-07-22,84,30,14,3,5,"Siddharth Nagar-Worli, Mumbai"
2022-07-23,69,23,6,2,5,"Siddharth Nagar-Worli, Mumbai"
2022-07-24,59,24,6, ,6,"Siddharth Nagar-Worli, Mumbai"
2022-07-25,60,24,6,6,5,"Siddharth Nagar-Worli, Mumbai"
2022-07-26,62,23,10,11,6,"Siddharth Nagar-Worli, Mumbai"
2022-07-27,57,36,5,2,6,"Siddharth Nagar-Worli, Mumbai"
2022-07-28,80,31,9,4,6,"Siddharth Nagar-Worli, Mumbai"
2022-07-29,69,25,9, ,5,"Siddharth Nagar-Worli, Mumbai"
2022-07-30,58,16,5, ,5,"Siddharth Nagar-Worli, Mumbai"
2022-07-31,40,11,11,3,6,"Siddharth Nagar-Worli, Mumbai"
2022-08-01,28,8,12, ,6,"Siddharth Nagar-Worli, Mumbai"
2022-08-02,23,10,12,1,7,"Siddharth Nagar-Worli, Mumbai"
2022-08-03,29,9,8,1,7,"Siddharth Nagar-Worli, Mumbai"
2022-08-04,29,9,6,2,6,"Siddharth Nagar-Worli, Mumbai"
2022-08-05,27, , , , ,"Siddharth Nagar-Worli, Mumbai"
2022-08-07, ,11,15,5, ,"Siddharth Nagar-Worli, Mumbai"
2022-08-08,29,31,17,3, ,"Siddharth Nagar-Worli, Mumbai"
2022-08-09,73, , , , ,"Siddharth Nagar-Worli, Mumbai"
2022-08-11, ,49,12,6,3,"Siddharth Nagar-Worli, Mumbai"
2022-08-12,107,41,13,19, ,"Siddharth Nagar-Worli, Mumbai"
2022-08-13,94, , , , ,"Siddharth Nagar-Worli, Mumbai"
2022-08-17, ,21,11,10,1,"Siddharth Nagar-Worli, Mumbai"
2022-08-18,59,20,12,21,2,"Siddharth Nagar-Worli, Mumbai"
2022-08-19,54,18,12,22,1,"Siddharth Nagar-Worli, Mumbai"
2022-08-20,51,21,12,23,2,"Siddharth Nagar-Worli, Mumbai"
2022-08-21,52,23,11,22,1,"Siddharth Nagar-Worli, Mumbai"
2022-08-22,58,20,12,24,3,"Siddharth Nagar-Worli, Mumbai"
2022-08-23,54,22,12,23,2,"Siddharth Nagar-Worli, Mumbai"
2022-08-24,56,26,11,27,3,"Siddharth Nagar-Worli, Mumbai"
2022-08-25,64,31,12,15,2,"Siddharth Nagar-Worli, Mumbai"
2022-08-26,70,50,11,31,3,"Siddharth Nagar-Worli, Mumbai"
2022-08-27,100,40,11,31,3,"Siddharth Nagar-Worli, Mumbai"
2022-08-28,84,32,4,16,3,"Siddharth Nagar-Worli, Mumbai"
2022-08-29,70,56,15,33,4,"Siddharth Nagar-Worli, Mumbai"
2022-08-30,115,50,19,32,4,"Siddharth Nagar-Worli, Mumbai"
2022-08-31,101,39,8,18,6,"Siddharth Nagar-Worli, Mumbai"
2022-09-01,81,55,9,17,6,"Siddharth Nagar-Worli, Mumbai"
2022-09-02,112,41,25,36,7,"Siddharth Nagar-Worli, Mumbai"
2022-09-03,88,28,12,18,6,"Siddharth Nagar-Worli, Mumbai"
2022-09-04,61,21,3,18,5,"Siddharth Nagar-Worli, Mumbai"
2022-09-05,52,25,4,37,5,"Siddharth Nagar-Worli, Mumbai"
2022-09-06,55,36,7,34,5,"Siddharth Nagar-Worli, Mumbai"
2022-09-07,77, , , , ,"Siddharth Nagar-Worli, Mumbai"
2022-09-11, ,58,10,20,7,"Siddharth Nagar-Worli, Mumbai"
2022-09-12,91,10,10,20,7,"Siddharth Nagar-Worli, Mumbai"
2022-09-13,30,13,20,32,6,"Siddharth Nagar-Worli, Mumbai"
2022-09-14,38,18,8,31,6,"Siddharth Nagar-Worli, Mumbai"
2022-09-15,48,20,8,34,6,"Siddharth Nagar-Worli, Mumbai"
2022-09-16,53,19,12,35,6,"Siddharth Nagar-Worli, Mumbai"
2022-09-17,51,11,7,37,7,"Siddharth Nagar-Worli, Mumbai"
2022-09-18,31,23,5,43,8,"Siddharth Nagar-Worli, Mumbai"
2022-09-19,56,33,6,44,9,"Siddharth Nagar-Worli, Mumbai"
2022-09-20,73,27,3,44,7,"Siddharth Nagar-Worli, Mumbai"
2022-09-21,62,43,2,24,8,"Siddharth Nagar-Worli, Mumbai"
2022-09-22,85,37,3,45,8,"Siddharth Nagar-Worli, Mumbai"
2022-09-23,80,20,7,42,9,"Siddharth Nagar-Worli, Mumbai"
2022-09-24,38,16,10,43,7,"Siddharth Nagar-Worli, Mumbai"
2022-09-25,33,20,7,44,7,"Siddharth Nagar-Worli, Mumbai"
2022-09-26,48,26,3,23,8,"Siddharth Nagar-Worli, Mumbai"
2022-09-27,62,53,11,47,9,"Siddharth Nagar-Worli, Mumbai"
2022-09-28,103,48,18,42,8,"Siddharth Nagar-Worli, Mumbai"
2022-09-29,98,51,19,43,8,"Siddharth Nagar-Worli, Mumbai"
2022-09-30,106,50,10,43,10,"Siddharth Nagar-Worli, Mumbai"
2022-10-01,101,10,5,23,9,"Siddharth Nagar-Worli, Mumbai"
2022-10-02,27,27,6,42,8,"Siddharth Nagar-Worli, Mumbai"
2022-10-03,61,39,8,23,9,"Siddharth Nagar-Worli, Mumbai"
2022-10-04,82,38,21,22,10,"Siddharth Nagar-Worli, Mumbai"
2022-10-05,79,21,14,43,10,"Siddharth Nagar-Worli, Mumbai"
2022-10-06,54,26,11,23,9,"Siddharth Nagar-Worli, Mumbai"
2022-10-07,61,15,10,44,10,"Siddharth Nagar-Worli, Mumbai"
2022-10-08,38,13,4,23,9,"Siddharth Nagar-Worli, Mumbai"
2022-10-09,33,43,7,25,11,"Siddharth Nagar-Worli, Mumbai"
2022-10-10,87,40,9,43,12,"Siddharth Nagar-Worli, Mumbai"
2022-10-11,82,46,8,47,14,"Siddharth Nagar-Worli, Mumbai"
2022-10-12,97,57,5,26,15,"Siddharth Nagar-Worli, Mumbai"
2022-10-13,117,48,5,45,13,"Siddharth Nagar-Worli, Mumbai"
2022-10-14,93,48,7,25,16,"Siddharth Nagar-Worli, Mumbai"
2022-10-15,95,63,28,45,12,"Siddharth Nagar-Worli, Mumbai"
2022-10-16,119, , , , ,"Siddharth Nagar-Worli, Mumbai"
2022-10-23, ,50,4,48,16,"Siddharth Nagar-Worli, Mumbai"
2022-10-24,95,46,24,45,15,"Siddharth Nagar-Worli, Mumbai"
2022-10-25,88,55,19,45,15,"Siddharth Nagar-Worli, Mumbai"
2022-10-26,102,60,23,46,15,"Siddharth Nagar-Worli, Mumbai"
2022-10-27,114,54,23,46,14,"Siddharth Nagar-Worli, Mumbai"
2022-10-28,104,58,12,46,13,"Siddharth Nagar-Worli, Mumbai"
2022-10-29,108,50,18,48,11,"Siddharth Nagar-Worli, Mumbai"
2022-10-30,96,56,23,54,12,"Siddharth Nagar-Worli, Mumbai"
2022-10-31,109,57,26,59,12,"Siddharth Nagar-Worli, Mumbai"
2022-11-01,109,52,31,59,12,"Siddharth Nagar-Worli, Mumbai"
2022-11-02,95,51,21,61,13,"Siddharth Nagar-Worli, Mumbai"
2022-11-03,99,57,15,58,13,"Siddharth Nagar-Worli, Mumbai"
2022-11-04,111,59,25,52,9,"Siddharth Nagar-Worli, Mumbai"
2022-11-05,111,74,22,52,3,"Siddharth Nagar-Worli, Mumbai"
2022-11-06,133,72,29,52,3,"Siddharth Nagar-Worli, Mumbai"
2022-11-07,139,71,23,50,3,"Siddharth Nagar-Worli, Mumbai"
2022-11-08,139,79,27,49,4,"Siddharth Nagar-Worli, Mumbai"
2022-11-09,146,76,19,51,4,"Siddharth Nagar-Worli, Mumbai"
2022-11-10,142,68,19,49,2,"Siddharth Nagar-Worli, Mumbai"
2022-11-11,133,65,26,48,1,"Siddharth Nagar-Worli, Mumbai"
2022-11-12,129,68,35,45,1,"Siddharth Nagar-Worli, Mumbai"
2022-11-13,131,76,43,42,3,"Siddharth Nagar-Worli, Mumbai"
2022-11-14,147,89,39,21,5,"Siddharth Nagar-Worli, Mumbai"
2022-11-15,157,77,24,16,4,"Siddharth Nagar-Worli, Mumbai"
2022-11-16,141,70,22,15,1,"Siddharth Nagar-Worli, Mumbai"
2022-11-17,132,60,19,29,1,"Siddharth Nagar-Worli, Mumbai"
2022-11-18,115,59,25,33,1,"Siddharth Nagar-Worli, Mumbai"
2022-11-19,113,66,28,32,1,"Siddharth Nagar-Worli, Mumbai"
2022-11-20,127,61,38,34, ,"Siddharth Nagar-Worli, Mumbai"
2022-11-21,118,75,36,32,1,"Siddharth Nagar-Worli, Mumbai"
2022-11-22,142,80,40,35,3,"Siddharth Nagar-Worli, Mumbai"
2022-11-23,144,82,34,32,3,"Siddharth Nagar-Worli, Mumbai"
2022-11-24,156,87,24,35,4,"Siddharth Nagar-Worli, Mumbai"
2022-11-25,159,100,26,34,7,"Siddharth Nagar-Worli, Mumbai"
2022-11-26,171,95,33,34,6,"Siddharth Nagar-Worli, Mumbai"
2022-11-27,165,70,30,33,5,"Siddharth Nagar-Worli, Mumbai"
2022-11-28,142,68,28,32,3,"Siddharth Nagar-Worli, Mumbai"
2022-11-29,139,91,30,34,7,"Siddharth Nagar-Worli, Mumbai"
2022-11-30,165,86,35,33,4,"Siddharth Nagar-Worli, Mumbai"
2022-12-01,160,92,27,33,7,"Siddharth Nagar-Worli, Mumbai"
2022-12-02,162,84,27,31,4,"Siddharth Nagar-Worli, Mumbai"
2022-12-03,158,93,30,31,6,"Siddharth Nagar-Worli, Mumbai"
2022-12-04,162,94,9,30,8,"Siddharth Nagar-Worli, Mumbai"
2022-12-05,167,100, ,32,9,"Siddharth Nagar-Worli, Mumbai"
2022-12-06,171,97,26,31,9,"Siddharth Nagar-Worli, Mumbai"
2022-12-07,169,92,18,35,8,"Siddharth Nagar-Worli, Mumbai"
2022-12-08,164,69,25,33,3,"Siddharth Nagar-Worli, Mumbai"
2022-12-09,134,68,28,36,3,"Siddharth Nagar-Worli, Mumbai"
2022-12-10,135,76,26,33,5,"Siddharth Nagar-Worli, Mumbai"
2022-12-11,150,79,13,33,4,"Siddharth Nagar-Worli, Mumbai"
2022-12-12,138, , , , ,"Siddharth Nagar-Worli, Mumbai"
2022-12-14, ,36,21,11,4,"Siddharth Nagar-Worli, Mumbai"
2022-12-15,75,45,18,6,3,"Siddharth Nagar-Worli, Mumbai"
2022-12-16,90,33,18,9,3,"Siddharth Nagar-Worli, Mumbai"
2022-12-17,69,38,27,11,3,"Siddharth Nagar-Worli, Mumbai"
2022-12-18,73,27,33,11,2,"Siddharth Nagar-Worli, Mumbai"
2022-12-19,60,43,48,12,4,"Siddharth Nagar-Worli, Mumbai"
2022-12-20,85,87,40,12,7,"Siddharth Nagar-Worli, Mumbai"
2022-12-21,159,93,57,13,8,"Siddharth Nagar-Worli, Mumbai"
2022-12-22,163,100,37,13,7,"Siddharth Nagar-Worli, Mumbai"
2022-12-23,163,72,37,13,4,"Siddharth Nagar-Worli, Mumbai"
2022-12-24,134,89,32,13,5,"Siddharth Nagar-Worli, Mumbai"
2022-12-25,156,80,62,13,6,"Siddharth Nagar-Worli, Mumbai"
2022-12-26,150,100,60,13,7,"Siddharth Nagar-Worli, Mumbai"
2022-12-27,171,82,58,13,7,"Siddharth Nagar-Worli, Mumbai"
2022-12-28,155,92,43,14,9,"Siddharth Nagar-Worli, Mumbai"
2022-12-29,164,123,64,14,7,"Siddharth Nagar-Worli, Mumbai"
2022-12-30,179,69,36,13,5,"Siddharth Nagar-Worli, Mumbai"
2022-12-31,135,69,46,14,4,"Siddharth Nagar-Worli, Mumbai"
2023-01-01,121,71,57,13,5,"Siddharth Nagar-Worli, Mumbai"
2023-01-02,145,78,61,14,6,"Siddharth Nagar-Worli, Mumbai"
2023-01-03,150,75,39,14,6,"Siddharth Nagar-Worli, Mumbai"
2023-01-04,146,96,47,14,8,"Siddharth Nagar-Worli, Mumbai"
2023-01-05,167,91,36,14,8,"Siddharth Nagar-Worli, Mumbai"
2023-01-06,159,134,30,13,7,"Siddharth Nagar-Worli, Mumbai"
2023-01-07,173,75,19,12,6,"Siddharth Nagar-Worli, Mumbai"
2023-01-08,148,60,34,12,4,"Siddharth Nagar-Worli, Mumbai"
2023-01-09,120,65,69,12,4,"Siddharth Nagar-Worli, Mumbai"
2023-01-10,127,83,70,12,5,"Siddharth Nagar-Worli, Mumbai"
2023-01-11,144,63,52,12,3,"Siddharth Nagar-Worli, Mumbai"
2023-01-12,128,78,28,12,1,"Siddharth Nagar-Worli, Mumbai"
2023-01-13,140,84,53,12, ,"Siddharth Nagar-Worli, Mumbai"
2023-01-14,154,84,71,12,5,"Siddharth Nagar-Worli, Mumbai"
2023-01-15,157,83,82,12,6,"Siddharth Nagar-Worli, Mumbai"
2023-01-16,157,85,83,12,7,"Siddharth Nagar-Worli, Mumbai"
2023-01-17,159,98,76,12,9,"Siddharth Nagar-Worli, Mumbai"
2023-01-18,172,101,78,10,9,"Siddharth Nagar-Worli, Mumbai"
2023-01-19,174,80,70,5,3,"Siddharth Nagar-Worli, Mumbai"
2023-01-20,155,66,73,4,3,"Siddharth Nagar-Worli, Mumbai"
2023-01-21,137,67,58,3,2,"Siddharth Nagar-Worli, Mumbai"
2023-01-22,135,67,57,4,1,"Siddharth Nagar-Worli, Mumbai"
2023-01-23,136,71,62,3,1,"Siddharth Nagar-Worli, Mumbai"
2023-01-24,146,102,74,4,2,"Siddharth Nagar-Worli, Mumbai"
2023-01-25,165,104,58,4,5,"Siddharth Nagar-Worli, Mumbai"
2023-01-26,164,96,47,5,8,"Siddharth Nagar-Worli, Mumbai"
2023-01-27,167,63,52,5,5,"Siddharth Nagar-Worli, Mumbai"
2023-01-28,115,77,44,6,14,"Siddharth Nagar-Worli, Mumbai"
2023-01-29,146,73,70,4,4,"Siddharth Nagar-Worli, Mumbai"
2023-01-30,142,98,69,5,6,"Siddharth Nagar-Worli, Mumbai"
2023-01-31,163,83,48,5,11,"Siddharth Nagar-Worli, Mumbai"
2023-02-01,157, , , , ,"Siddharth Nagar-Worli, Mumbai"
2023-02-03, ,84,74,6,4,"Siddharth Nagar-Worli, Mumbai"
2023-02-04,148,83,76,2,4,"Siddharth Nagar-Worli, Mumbai"
2023-02-05,160,72,69,6,3,"Siddharth Nagar-Worli, Mumbai"
2023-02-06,147,67,72,8,1,"Siddharth Nagar-Worli, Mumbai"
2023-02-07,138,88,74,8,3,"Siddharth Nagar-Worli, Mumbai"
2023-02-08,164,90,62,8,3,"Siddharth Nagar-Worli, Mumbai"
2023-02-09,164,68,69,8,3,"Siddharth Nagar-Worli, Mumbai"
2023-02-10,143,52,63,8,3,"Siddharth Nagar-Worli, Mumbai"
2023-02-11,107,73,83,8,5,"Siddharth Nagar-Worli, Mumbai"
2023-02-12,145,74,70,8,2,"Siddharth Nagar-Worli, Mumbai"
2023-02-13,150,75,75,8,3,"Siddharth Nagar-Worli, Mumbai"
2023-02-14,148,81,71,8,5,"Siddharth Nagar-Worli, Mumbai"
2023-02-15,156,87,74,8,6,"Siddharth Nagar-Worli, Mumbai"
2023-02-16,160,84,81,8,5,"Siddharth Nagar-Worli, Mumbai"
2023-02-17,160,90,79,8,5,"Siddharth Nagar-Worli, Mumbai"
2023-02-18,164,78,64,8,4,"Siddharth Nagar-Worli, Mumbai"
2023-02-19,155,64,64,8,4,"Siddharth Nagar-Worli, Mumbai"
2023-02-20,134,75,56,8,5,"Siddharth Nagar-Worli, Mumbai"
2023-02-21,141,53,41,8,2,"Siddharth Nagar-Worli, Mumbai"
2023-02-22,111,73,69,8,4,"Siddharth Nagar-Worli, Mumbai"
2023-02-23,150,77,68,8,4,"Siddharth Nagar-Worli, Mumbai"
2023-02-24,152,70,78,8,3,"Siddharth Nagar-Worli, Mumbai"
2023-02-25,149,82,64,8,4,"Siddharth Nagar-Worli, Mumbai"
2023-02-26,159,84,19,9,7,"Siddharth Nagar-Worli, Mumbai"
2023-02-27,162,66,51,8,2,"Siddharth Nagar-Worli, Mumbai"
2023-02-28,129,73,54,8,4,"Siddharth Nagar-Worli, Mumbai"
2023-03-01,142,94,52,8,9,"Siddharth Nagar-Worli, Mumbai"
2023-03-02,167,113,58,8,13,"Siddharth Nagar-Worli, Mumbai"
2023-03-03,181,114,57,8,13,"Siddharth Nagar-Worli, Mumbai"
2023-03-04,182,121,69,8,13,"Siddharth Nagar-Worli, Mumbai"
2023-03-05,182,109,61,8,9,"Siddharth Nagar-Worli, Mumbai"
2023-03-06,173,67,46,8,4,"Siddharth Nagar-Worli, Mumbai"
2023-03-07,126,60,57,8,6,"Siddharth Nagar-Worli, Mumbai"
2023-03-08,124,75,64,8,5,"Siddharth Nagar-Worli, Mumbai"
2023-03-09,148,60,59,8,3,"Siddharth Nagar-Worli, Mumbai"
2023-03-10,123,74,73,8,6,"Siddharth Nagar-Worli, Mumbai"
2023-03-11,144,84,56,8,8,"Siddharth Nagar-Worli, Mumbai"
2023-03-12,159,91,59,8,10,"Siddharth Nagar-Worli, Mumbai"
2023-03-13,161,85,60,8,8,"Siddharth Nagar-Worli, Mumbai"
2023-03-14,154,61,49,8,6,"Siddharth Nagar-Worli, Mumbai"
2023-03-15,125,57,40,8,7,"Siddharth Nagar-Worli, Mumbai"
2023-03-16,118,67,41,8,7,"Siddharth Nagar-Worli, Mumbai"
2023-03-17,121,56,35,8,6,"Siddharth Nagar-Worli, Mumbai"
2023-03-18,111,39,27,8,5,"Siddharth Nagar-Worli, Mumbai"
2023-03-19,82,59,23,8,3,"Siddharth Nagar-Worli, Mumbai"
2023-03-20,94,27,22,3,4,"Siddharth Nagar-Worli, Mumbai"
2023-03-21,61,35,23,6,5,"Siddharth Nagar-Worli, Mumbai"
2023-03-22,78,36,23,6,5,"Siddharth Nagar-Worli, Mumbai"
2023-03-23,77,31,25,6,6,"Siddharth Nagar-Worli, Mumbai"
2023-03-24,70,41,41,6,5,"Siddharth Nagar-Worli, Mumbai"
2023-03-25,86,39,39,2,4,"Siddharth Nagar-Worli, Mumbai"
2023-03-26,81, , , , ,"Siddharth Nagar-Worli, Mumbai"
2023-03-27, ,60,43,2,12,"Siddharth Nagar-Worli, Mumbai"
2023-03-28,133,62,34,4,7,"Siddharth Nagar-Worli, Mumbai"
2023-03-29,130,37,27,4,7,"Siddharth Nagar-Worli, Mumbai"
2023-03-30,82,35,22,3,8,"Siddharth Nagar-Worli, Mumbai"
2023-03-31,80, , , , ,"Siddharth Nagar-Worli, Mumbai"
2023-04-02, ,7,27,5,10,"Siddharth Nagar-Worli, Mumbai"
2023-04-03,22,4,29,3,10,"Siddharth Nagar-Worli, Mumbai"
2023-04-04,13,21,21,4,11,"Siddharth Nagar-Worli, Mumbai"
2023-04-05,46,53,77,4,10,"Siddharth Nagar-Worli, Mumbai"
2023-04-06,111,67,53,6,10,"Siddharth Nagar-Worli, Mumbai"
2023-04-07,144,69,57,10,13,"Siddharth Nagar-Worli, Mumbai"
2023-04-08,145,85,52,12,15,"Siddharth Nagar-Worli, Mumbai"
2023-04-09,144,64,61,8,12,"Siddharth Nagar-Worli, Mumbai"
2023-04-10,136,46,48,3,12,"Siddharth Nagar-Worli, Mumbai"
2023-04-11,101,50,78,4,12,"Siddharth Nagar-Worli, Mumbai"
2023-04-12,109,51,65,2,13,"Siddharth Nagar-Worli, Mumbai"
2023-04-13,111,54,45,2,13,"Siddharth Nagar-Worli, Mumbai"
2023-04-14,100,50,23,5,13,"Siddharth Nagar-Worli, Mumbai"
2023-04-15,104,41,23,2,13,"Siddharth Nagar-Worli, Mumbai"
2023-04-16,87,40,25,3,13,"Siddharth Nagar-Worli, Mumbai"
2023-04-17,88,43,23,2,14,"Siddharth Nagar-Worli, Mumbai"
2023-04-18,71, , , , ,"Siddharth Nagar-Worli, Mumbai"
2023-04-19, ,37,35,2,16,"Siddharth Nagar-Worli, Mumbai"
2023-04-20,83,33,26,1,14,"Siddharth Nagar-Worli, Mumbai"
2023-04-21,76,35,20,1,14,"Siddharth Nagar-Worli, Mumbai"
2023-04-22,73,25,28,1,20,"Siddharth Nagar-Worli, Mumbai"
2023-04-23,61,47,36,7,30,"Siddharth Nagar-Worli, Mumbai"
2023-04-24,96,97,36,12, ,"Siddharth Nagar-Worli, Mumbai"
2023-04-25,166,97,35,12,11,"Siddharth Nagar-Worli, Mumbai"
2023-04-26,166,38,26,9,18,"Siddharth Nagar-Worli, Mumbai"
2023-04-27,78,31,18,4,13,"Siddharth Nagar-Worli, Mumbai"
2023-04-28,69,31,18,4,13,"Siddharth Nagar-Worli, Mumbai"
2023-04-29,72,20,21,4,13,"Siddharth Nagar-Worli, Mumbai"
2023-04-30,50,21,26,4,14,"Siddharth Nagar-Worli, Mumbai"
2023-05-01,54,25,23,4,13,"Siddharth Nagar-Worli, Mumbai"
2023-05-02,59,30,25,3,12,"Siddharth Nagar-Worli, Mumbai"
2023-05-03,69,33,21,5,13,"Siddharth Nagar-Worli, Mumbai"
2023-05-04,77,33,18,7,14,"Siddharth Nagar-Worli, Mumbai"
2023-05-05,75,34,19,7,14,"Siddharth Nagar-Worli, Mumbai"
2023-05-06,72,28,18,6,15,"Siddharth Nagar-Worli, Mumbai"
2023-05-07,65,37,17,4,15,"Siddharth Nagar-Worli, Mumbai"
2023-05-08,79,41,18,3,15,"Siddharth Nagar-Worli, Mumbai"
2023-05-09,88,59,19,3,16,"Siddharth Nagar-Worli, Mumbai"
2023-05-10,128,59,25,4,19,"Siddharth Nagar-Worli, Mumbai"
2023-05-11,128,53,21,3,19,"Siddharth Nagar-Worli, Mumbai"
2023-05-12,111,34,18,2,19,"Siddharth Nagar-Worli, Mumbai"
2023-05-13,77,12,15,2,20,"Siddharth Nagar-Worli, Mumbai"
2023-05-14,36, , , , ,"Siddharth Nagar-Worli, Mumbai"
2023-05-16, ,62,20,3,20,"Siddharth Nagar-Worli, Mumbai"
2023-05-17,174,37,19,2,19,"Siddharth Nagar-Worli, Mumbai"
2023-05-18,77,31,22,2,19,"Siddharth Nagar-Worli, Mumbai"
2023-05-19,70, , , , ,"Siddharth Nagar-Worli, Mumbai"
2023-05-21, ,44,25,2,20,"Siddharth Nagar-Worli, Mumbai"
2023-05-22,87,35,19,2,20,"Siddharth Nagar-Worli, Mumbai"
2023-05-23,70,36,15,2,20,"Siddharth Nagar-Worli, Mumbai"
2023-05-24,76,49,13,2,21,"Siddharth Nagar-Worli, Mumbai"
2023-05-25,75,30,14,3,22,"Siddharth Nagar-Worli, Mumbai"
2023-05-26,70,21,14,2,22,"Siddharth Nagar-Worli, Mumbai"
2023-05-27,55,18,18,1,22,"Siddharth Nagar-Worli, Mumbai"
2023-05-28,44,21,19,2,23,"Siddharth Nagar-Worli, Mumbai"
2023-05-29,51,19,27,2,23,"Siddharth Nagar-Worli, Mumbai"
2023-05-30,46,26,23,2,24,"Siddharth Nagar-Worli, Mumbai"
2023-05-31,62,29,18,2,25,"Siddharth Nagar-Worli, Mumbai"
2023-06-01,52,20,13,3,25,"Siddharth Nagar-Worli, Mumbai"
2023-06-02,50,10,16,2,26,"Siddharth Nagar-Worli, Mumbai"
2023-06-03,29,16,18,1,25,"Siddharth Nagar-Worli, Mumbai"
2023-06-04,41,19,13,2,26,"Siddharth Nagar-Worli, Mumbai"
2023-06-05,48,24,18,3,26,"Siddharth Nagar-Worli, Mumbai"
2023-06-06,60,26,13,2,26,"Siddharth Nagar-Worli, Mumbai"
2023-06-07,62,20,19,3,26,"Siddharth Nagar-Worli, Mumbai"
2023-06-08,50,13,20,2,27,"Siddharth Nagar-Worli, Mumbai"
2023-06-09,37,10,21,3,28,"Siddharth Nagar-Worli, Mumbai"
2023-06-10,29,8,24,3,27,"Siddharth Nagar-Worli, Mumbai"
2023-06-11,22,17,12,3,28,"Siddharth Nagar-Worli, Mumbai"
2023-06-12,46,25,29,2,6,"Siddharth Nagar-Worli, Mumbai"
2023-06-13,57, , , , ,"Siddharth Nagar-Worli, Mumbai"
2023-06-14, ,34,11,3,18,"Siddharth Nagar-Worli, Mumbai"
2023-06-15,77,39,14,3,14,"Siddharth Nagar-Worli, Mumbai"
2023-06-16,84,46,15,4,12,"Siddharth Nagar-Worli, Mumbai"
2023-06-17,71,28,15,7,12,"Siddharth Nagar-Worli, Mumbai"
2023-06-18,65,33,11,7,13,"Siddharth Nagar-Worli, Mumbai"
2023-06-19,72,39,11,7,13,"Siddharth Nagar-Worli, Mumbai"
2023-06-20,79,35,13,7,17,"Siddharth Nagar-Worli, Mumbai"
2023-06-21,74,32,11,7,16,"Siddharth Nagar-Worli, Mumbai"
2023-06-22,69,26,12,5,16,"Siddharth Nagar-Worli, Mumbai"
2023-06-23,60,21,15,4,16,"Siddharth Nagar-Worli, Mumbai"
2023-06-24,48,17,14,4,18,"Siddharth Nagar-Worli, Mumbai"
2023-06-25,39,29,18,3,15,"Siddharth Nagar-Worli, Mumbai"
2023-06-26,63,26,15,7,20,"Siddharth Nagar-Worli, Mumbai"
2023-06-27,61,28,20,3,16,"Siddharth Nagar-Worli, Mumbai"
2023-06-28,58, , , , ,"Siddharth Nagar-Worli, Mumbai"
2023-07-06, ,672,13,8,12,"Siddharth Nagar-Worli, Mumbai"
2023-07-07,538,837,33,5, ,"Siddharth Nagar-Worli, Mumbai"
2023-07-08,609, ,10,3, ,"Siddharth Nagar-Worli, Mumbai"
2023-07-12, ,837, , , ,"Siddharth Nagar-Worli, Mumbai"
2023-07-13,609,837,9,2, ,"Siddharth Nagar-Worli, Mumbai"
2023-07-14,609,837,8,3, ,"Siddharth Nagar-Worli, Mumbai"
2023-07-15,609,837,9,3, ,"Siddharth Nagar-Worli, Mumbai"
2023-07-16,609,837,8,3, ,"Siddharth Nagar-Worli, Mumbai"
2023-07-17,609,837,8,3, ,"Siddharth Nagar-Worli, Mumbai"
2023-07-18,609,837,8,3, ,"Siddharth Nagar-Worli, Mumbai"
2023-07-19,609, ,8,3, ,"Siddharth Nagar-Worli, Mumbai"
2023-07-20, , ,8,3, ,"Siddharth Nagar-Worli, Mumbai"
2023-07-21, , ,8,2, ,"Siddharth Nagar-Worli, Mumbai"
2023-07-22, , ,8,2, ,"Siddharth Nagar-Worli, Mumbai"
2023-07-23, , ,8,3, ,"Siddharth Nagar-Worli, Mumbai"
2023-07-24, , ,8,3, ,"Siddharth Nagar-Worli, Mumbai"
2023-07-25, , ,8,3, ,"Siddharth Nagar-Worli, Mumbai"
2023-08-24, ,20, , , ,"Siddharth Nagar-Worli, Mumbai"
2023-08-25,53,21,16,5,32,"Siddharth Nagar-Worli, Mumbai"
2023-08-26,53,21,16,5,26,"Siddharth Nagar-Worli, Mumbai"
2023-08-27,53,21,16,5,27,"Siddharth Nagar-Worli, Mumbai"
2023-08-28,53,21,16,5,27,"Siddharth Nagar-Worli, Mumbai"
2023-08-29,53, ,17,5,27,"Siddharth Nagar-Worli, Mumbai"
2023-08-30, ,21, , , ,"Siddharth Nagar-Worli, Mumbai"
2023-08-31,53,21,16,5,26,"Siddharth Nagar-Worli, Mumbai"
2023-09-01,54, ,16,5,26,"Siddharth Nagar-Worli, Mumbai"
2023-09-05, ,21, , , ,"Siddharth Nagar-Worli, Mumbai"
2023-09-06,53,21,16,5,26,"Siddharth Nagar-Worli, Mumbai"
2023-09-07,53,21,16,5,27,"Siddharth Nagar-Worli, Mumbai"
2023-09-08,53, ,16,5,27,"Siddharth Nagar-Worli, Mumbai"
2023-09-09, , ,16,5,27,"Siddharth Nagar-Worli, Mumbai"
2023-09-10, ,24,16,5,26,"Siddharth Nagar-Worli, Mumbai"
2023-09-11,66,17,17,5,19,"Siddharth Nagar-Worli, Mumbai"
2023-09-12,47,18,15,5,6,"Siddharth Nagar-Worli, Mumbai"
2023-09-13,53,24,16,12,8,"Siddharth Nagar-Worli, Mumbai"
2023-09-14,71,23,17,29,11,"Siddharth Nagar-Worli, Mumbai"
2023-09-15,70,25,17,25,13,"Siddharth Nagar-Worli, Mumbai"
2023-09-16,72,36,17,21,11,"Siddharth Nagar-Worli, Mumbai"
2023-09-17,90,37,18,18,13,"Siddharth Nagar-Worli, Mumbai"
2023-09-18,91,43,18,15,14,"Siddharth Nagar-Worli, Mumbai"
2023-09-19,105,33,16,13,15,"Siddharth Nagar-Worli, Mumbai"
2023-09-20,83,18,15,11,16,"Siddharth Nagar-Worli, Mumbai"
2023-09-21,51,14,20,10,17,"Siddharth Nagar-Worli, Mumbai"
2023-09-22,47,17,7,9,19,"Siddharth Nagar-Worli, Mumbai"
2023-09-23,57,14,14,9,20,"Siddharth Nagar-Worli, Mumbai"
2023-09-24,48,18,17,8,21,"Siddharth Nagar-Worli, Mumbai"
2023-09-25,58,32,16,8,20,"Siddharth Nagar-Worli, Mumbai"
2023-09-26,88,38,17,5,20,"Siddharth Nagar-Worli, Mumbai"
2023-09-27,97,45,25, ,23,"Siddharth Nagar-Worli, Mumbai"
2023-09-28,118,57,22, ,25,"Siddharth Nagar-Worli, Mumbai"
2023-09-29,135,36,39,3,25,"Siddharth Nagar-Worli, Mumbai"
2023-09-30,94,48,34,13,24,"Siddharth Nagar-Worli, Mumbai"
2023-10-01,120,2,31,13,24,"Siddharth Nagar-Worli, Mumbai"
2023-10-02,9,11,32,13,21,"Siddharth Nagar-Worli, Mumbai"
2023-10-03,30,41,30,13,21,"Siddharth Nagar-Worli, Mumbai"
2023-10-04,105,39,23,13,22,"Siddharth Nagar-Worli, Mumbai"
2023-10-05,99,37,10,1,22,"Siddharth Nagar-Worli, Mumbai"
2023-10-06,96,44,8, ,24,"Siddharth Nagar-Worli, Mumbai"
2023-10-07,106,52,11, ,23,"Siddharth Nagar-Worli, Mumbai"
2023-10-08,114,57,11,2,25,"Siddharth Nagar-Worli, Mumbai"
2023-10-09,138,31,11,5,24,"Siddharth Nagar-Worli, Mumbai"
2023-10-10,80,22,7,5,26,"Siddharth Nagar-Worli, Mumbai"
2023-10-11,62,45,19,5,28,"Siddharth Nagar-Worli, Mumbai"
2023-10-12,95,54,16,5,30,"Siddharth Nagar-Worli, Mumbai"
2023-10-13,127,75,31,5,16,"Siddharth Nagar-Worli, Mumbai"
2023-10-14,153,56,20,6,2,"Siddharth Nagar-Worli, Mumbai"
2023-10-15,135,71,18,5,68,"Siddharth Nagar-Worli, Mumbai"
2023-10-16,159,76,12,5,52,"Siddharth Nagar-Worli, Mumbai"
2023-10-17,159,75,13,5,10,"Siddharth Nagar-Worli, Mumbai"
2023-10-18,150,65,18,5,8,"Siddharth Nagar-Worli, Mumbai"
2023-10-19,150,74,30,6,9,"Siddharth Nagar-Worli, Mumbai"
2023-10-20,158,61,18,12,8,"Siddharth Nagar-Worli, Mumbai"
2023-10-21,105,78,30,12,8,"Siddharth Nagar-Worli, Mumbai"
2023-10-22,140,68,16,12,8,"Siddharth Nagar-Worli, Mumbai"
2023-10-23,120,81,24,12,7,"Siddharth Nagar-Worli, Mumbai"
2023-10-24,139,69,23,15,7,"Siddharth Nagar-Worli, Mumbai"
2023-10-25,122,64,12,32,5,"Siddharth Nagar-Worli, Mumbai"
2023-10-26,111,64,27,29,2,"Siddharth Nagar-Worli, Mumbai"
2023-10-27,112,72,53,25,3,"Siddharth Nagar-Worli, Mumbai"
2023-10-28,128,65,56,35,2,"Siddharth Nagar-Worli, Mumbai"
2023-10-29,114,69,60,30,3,"Siddharth Nagar-Worli, Mumbai"
2023-10-30,122,77,50,25,5,"Siddharth Nagar-Worli, Mumbai"
2023-10-31,137,76,61,24,15,"Siddharth Nagar-Worli, Mumbai"
2023-11-01,177,62,52,19,16,"Siddharth Nagar-Worli, Mumbai"
2023-11-02,117,63,37,21,17,"Siddharth Nagar-Worli, Mumbai"
2023-11-03,113,66,32,27,17,"Siddharth Nagar-Worli, Mumbai"
2023-11-04,120,65,46,12,18,"Siddharth Nagar-Worli, Mumbai"
2023-11-05,118,66,45,12,17,"Siddharth Nagar-Worli, Mumbai"
2023-11-06,119,65,54,16,17,"Siddharth Nagar-Worli, Mumbai"
2023-11-07,118,50,27,14,18,"Siddharth Nagar-Worli, Mumbai"
2023-11-08,91,52,53,19,20,"Siddharth Nagar-Worli, Mumbai"
2023-11-09,90,46,36,13,19,"Siddharth Nagar-Worli, Mumbai"
2023-11-10,80,44,5,12,19,"Siddharth Nagar-Worli, Mumbai"
2023-11-11,76, , , , ,"Siddharth Nagar-Worli, Mumbai"
2023-11-18, ,68,20,12,16,"Siddharth Nagar-Worli, Mumbai"
2023-11-19,137,52,7,22,15,"Siddharth Nagar-Worli, Mumbai"
2023-11-20,90, , , , ,"Siddharth Nagar-Worli, Mumbai"
2023-11-21, ,63,22,12,15,"Siddharth Nagar-Worli, Mumbai"
2023-11-22,98,69,47,4,15,"Siddharth Nagar-Worli, Mumbai"
2023-11-23,146,85, ,7,16,"Siddharth Nagar-Worli, Mumbai"
2023-11-24,159,44,21,12,17,"Siddharth Nagar-Worli, Mumbai"
2023-11-25,76,46,19,11,17,"Siddharth Nagar-Worli, Mumbai"
2023-11-26,73, , , , ,"Siddharth Nagar-Worli, Mumbai"
2023-11-29, ,40,23,12,14,"Siddharth Nagar-Worli, Mumbai"
2023-11-30,82,72,48,4,16,"Siddharth Nagar-Worli, Mumbai"
2023-12-01,137,64,56,4,17,"Siddharth Nagar-Worli, Mumbai"
2023-12-02,132,67,67,4,20,"Siddharth Nagar-Worli, Mumbai"
2023-12-03,69,70,43,12,20,"Siddharth Nagar-Worli, Mumbai"
2023-12-04,64,69,22,5,18,"Siddharth Nagar-Worli, Mumbai"
2023-12-05,132, , , , ,"Siddharth Nagar-Worli, Mumbai"
2023-12-08, ,56,43,12,19,"Siddharth Nagar-Worli, Mumbai"
2023-12-09,113,57,22,13,16,"Siddharth Nagar-Worli, Mumbai"
2023-12-10,116,57,19,4,18,"Siddharth Nagar-Worli, Mumbai"
2023-12-11,111,51,22,13,15,"Siddharth Nagar-Worli, Mumbai"
2023-12-12,45, , , , ,"Siddharth Nagar-Worli, Mumbai"
2023-12-13, ,58,64,11,14,"Siddharth Nagar-Worli, Mumbai"
2023-12-14,47, , , , ,"Siddharth Nagar-Worli, Mumbai"
2023-12-18, ,67,11,5,20,"Siddharth Nagar-Worli, Mumbai"
2023-12-19,136,55,9,13,14,"Siddharth Nagar-Worli, Mumbai"
2023-12-20,85,72,30,5,16,"Siddharth Nagar-Worli, Mumbai"
2023-12-21,142,91,20,13,17,"Siddharth Nagar-Worli, Mumbai"
2023-12-22,129,87,52,13,20,"Siddharth Nagar-Worli, Mumbai"
2023-12-23,158,76,60,5,19,"Siddharth Nagar-Worli, Mumbai"
2023-12-24,150,72,30,5,16,"Siddharth Nagar-Worli, Mumbai"
2023-12-25,150,93,95,20,20,"Siddharth Nagar-Worli, Mumbai"
2023-12-26,164,84,36,15,17,"Siddharth Nagar-Worli, Mumbai"
2023-12-27,101,98,13,11,17,"Siddharth Nagar-Worli, Mumbai"
2023-12-28,119,90,26,6,18,"Siddharth Nagar-Worli, Mumbai"
2023-12-29,162,113,11,29,21,"Siddharth Nagar-Worli, Mumbai"
2023-12-30,70,56,79,5,17,"Siddharth Nagar-Worli, Mumbai"
2023-12-31,105,50,80,16,20,"Siddharth Nagar-Worli, Mumbai"
2024-01-01,53,52,61,13,14,"Siddharth Nagar-Worli, Mumbai"
2024-01-02,47,81,64, ,6,"Siddharth Nagar-Worli, Mumbai"
2024-01-03,142,85,2, ,9,"Siddharth Nagar-Worli, Mumbai"
2024-01-04,156, , , , ,"Siddharth Nagar-Worli, Mumbai"
2024-01-08, ,73,58,56,8,"Siddharth Nagar-Worli, Mumbai"
2024-01-09,144,77,40,61,5,"Siddharth Nagar-Worli, Mumbai"
2024-01-10,134,130,12,62,5,"Siddharth Nagar-Worli, Mumbai"
2024-01-11,179,110,63,57,8,"Siddharth Nagar-Worli, Mumbai"
2024-01-12,158, , , , ,"Siddharth Nagar-Worli, Mumbai"
2024-01-14, ,50,34,27,2,"Siddharth Nagar-Worli, Mumbai"
2024-01-15,107,71,50,26,1,"Siddharth Nagar-Worli, Mumbai"
2024-01-16,107,85,43,28,1,"Siddharth Nagar-Worli, Mumbai"
2024-01-17,154,89,24,13,1,"Siddharth Nagar-Worli, Mumbai"
2024-01-18,150,108,33,14,2,"Siddharth Nagar-Worli, Mumbai"
2024-01-19,167,120,20,30,5,"Siddharth Nagar-Worli, Mumbai"
2024-01-20,172, , , , ,"Siddharth Nagar-Worli, Mumbai"
2024-01-21, ,104,77,22,2,"Siddharth Nagar-Worli, Mumbai"
2024-01-22,165,97,24,13,1,"Siddharth Nagar-Worli, Mumbai"
2024-01-23,156,98,51,32,2,"Siddharth Nagar-Worli, Mumbai"
2024-01-24,162,95,63,31,1,"Siddharth Nagar-Worli, Mumbai"
2024-01-25,143,109,80,34,5,"Siddharth Nagar-Worli, Mumbai"
2024-01-26,159,101,39,28,3,"Siddharth Nagar-Worli, Mumbai"
2024-01-27,156, , , , ,"Siddharth Nagar-Worli, Mumbai"
2024-01-28, ,130,5,68,3,"Siddharth Nagar-Worli, Mumbai"
2024-01-29,177,117,19, ,2,"Siddharth Nagar-Worli, Mumbai"
2024-01-30,157, , , , ,"Siddharth Nagar-Worli, Mumbai"
2024-02-01, ,70, ,27,1,"Siddharth Nagar-Worli, Mumbai"
2024-02-02,140,103,18,9,6,"Siddharth Nagar-Worli, Mumbai"
2024-02-03,165,138,35,16,14,"Siddharth Nagar-Worli, Mumbai"
2024-02-04,180,117,30,23,12,"Siddharth Nagar-Worli, Mumbai"
2024-02-05,171,109,36,16,11,"Siddharth Nagar-Worli, Mumbai"
2024-02-06,166,99,55,14,5,"Siddharth Nagar-Worli, Mumbai"
2024-02-07,143,109,40,30, ,"Siddharth Nagar-Worli, Mumbai"
2024-02-08,149,108,38,14,1,"Siddharth Nagar-Worli, Mumbai"
2024-02-09,166,101,24,19,5,"Siddharth Nagar-Worli, Mumbai"
2024-02-10,163,102,25,11,5,"Siddharth Nagar-Worli, Mumbai"
2024-02-11,163,117,45,21,5,"Siddharth Nagar-Worli, Mumbai"
2024-02-12,158,107,40,12,5,"Siddharth Nagar-Worli, Mumbai"
2024-02-13,162, , , , ,"Siddharth Nagar-Worli, Mumbai"
2024-02-14, ,132,79,25,6,"Siddharth Nagar-Worli, Mumbai"
2024-02-15,178,168,47,32,10,"Siddharth Nagar-Worli, Mumbai"
2024-02-16,179,188,119,42,12,"Siddharth Nagar-Worli, Mumbai"
2024-02-17,187,91,18,7,5,"Siddharth Nagar-Worli, Mumbai"
2024-02-18,156,97,30,28,8,"Siddharth Nagar-Worli, Mumbai"
2024-02-19,152, , , , ,"Siddharth Nagar-Worli, Mumbai"
2024-02-20, ,4,9,11, ,"Siddharth Nagar-Worli, Mumbai"
2024-02-21,44,63,22,8,6,"Siddharth Nagar-Worli, Mumbai"
2024-02-22,128,77,14,19,7,"Siddharth Nagar-Worli, Mumbai"
2024-02-23,92,90, ,22,6,"Siddharth Nagar-Worli, Mumbai"
2024-02-24,158,103, ,29,3,"Siddharth Nagar-Worli, Mumbai"
2024-02-25,125,139,98,43,8,"Siddharth Nagar-Worli, Mumbai"
2024-02-26,160,154,44,90,8,"Siddharth Nagar-Worli, Mumbai"
2024-02-27,189,125,32,25,12,"Siddharth Nagar-Worli, Mumbai"
2024-02-28,161,140,24,43,7,"Siddharth Nagar-Worli, Mumbai"
2024-02-29,183,120,34,35,9,"Siddharth Nagar-Worli, Mumbai"
2024-03-01,172,57,8,5,9,"Siddharth Nagar-Worli, Mumbai"
2024-03-02,116,51,14,12,7,"Siddharth Nagar-Worli, Mumbai"
2024-03-03,91,60,32,19,6,"Siddharth Nagar-Worli, Mumbai"
2024-03-04,81,100,62,34,8,"Siddharth Nagar-Worli, Mumbai"
2024-03-05,128,91,62,24,7,"Siddharth Nagar-Worli, Mumbai"
2024-03-06,190,68,49,4,5,"Siddharth Nagar-Worli, Mumbai"
2024-03-07,68,97,22,22,2,"Siddharth Nagar-Worli, Mumbai"
2024-03-08,141,102,45,24,1,"Siddharth Nagar-Worli, Mumbai"
2024-03-09,206,74,35,13,1,"Siddharth Nagar-Worli, Mumbai"
2024-03-10,180,72,16,9,1,"Siddharth Nagar-Worli, Mumbai"
2024-03-11,169,79,17,3,1,"Siddharth Nagar-Worli, Mumbai"
2024-03-12,194, , , , ,"Siddharth Nagar-Worli, Mumbai"
2024-03-18, ,93,19,3,3,"Siddharth Nagar-Worli, Mumbai"
2024-03-19,235,94,55,22,3,"Siddharth Nagar-Worli, Mumbai"
2024-03-20,199,115,27,14,3,"Siddharth Nagar-Worli, Mumbai"
2024-03-21,228,95,36,13,6,"Siddharth Nagar-Worli, Mumbai"
2024-03-22,147,77,28,5,4,"Siddharth Nagar-Worli, Mumbai"
2024-03-23,140, , , , ,"Siddharth Nagar-Worli, Mumbai"
2024-03-29, ,89,31,6,4,"Siddharth Nagar-Worli, Mumbai"
2024-03-30,104,72,35,6,4,"Siddharth Nagar-Worli, Mumbai"
2024-03-31,172,93,37,22,3,"Siddharth Nagar-Worli, Mumbai"
2024-04-01,178, , , , ,"Siddharth Nagar-Worli, Mumbai"
2024-04-02, ,105,30,13,6,"Siddharth Nagar-Worli, Mumbai"
2024-04-03,244,62,14,9,3,"Siddharth Nagar-Worli, Mumbai"
2024-04-04,170,91,41,8,6,"Siddharth Nagar-Worli, Mumbai"
2024-04-05,107, , , , ,"Siddharth Nagar-Worli, Mumbai"
2024-04-09, ,55,35,2,8,"Siddharth Nagar-Worli, Mumbai"
2024-04-10,160,71,17,11,6,"Siddharth Nagar-Worli, Mumbai"
2024-04-11,88, , , , ,"Siddharth Nagar-Worli, Mumbai"
2024-04-12, ,54,23,10,2,"Siddharth Nagar-Worli, Mumbai"
2024-04-13,154,56,14,10,3,"Siddharth Nagar-Worli, Mumbai"
2024-04-14,152,52,10,6,7,"Siddharth Nagar-Worli, Mumbai"
2024-04-15,91, , , , ,"Siddharth Nagar-Worli, Mumbai"
2024-04-24, ,65,13,8,5,"Siddharth Nagar-Worli, Mumbai"
2024-04-25,77, , , , ,"Siddharth Nagar-Worli, Mumbai"
2024-04-26, ,74,58,9,9,"Siddharth Nagar-Worli, Mumbai"
2024-04-27,172,94,61,9,9,"Siddharth Nagar-Worli, Mumbai"
2024-04-28,201,91,41,9,5,"Siddharth Nagar-Worli, Mumbai"
2024-04-29,101,96,51,10,7,"Siddharth Nagar-Worli, Mumbai"
2024-04-30,104,85,34,7,5,"Siddharth Nagar-Worli, Mumbai"
2024-05-01,85,90,32,2,5,"Siddharth Nagar-Worli, Mumbai"
2024-05-02,154,90,28,34,4,"Siddharth Nagar-Worli, Mumbai"
2024-05-03,155,66,11,6,9,"Siddharth Nagar-Worli, Mumbai"
2024-05-04,120,57,17,5,14,"Siddharth Nagar-Worli, Mumbai"
2024-05-05,103,56,17,4,13,"Siddharth Nagar-Worli, Mumbai"
2024-05-06,97,61,12,2,11,"Siddharth Nagar-Worli, Mumbai"
2024-05-07,67,54,24,1,13,"Siddharth Nagar-Worli, Mumbai"
2024-05-08,95,47,25,1,14,"Siddharth Nagar-Worli, Mumbai"
2024-05-09,79,49,12,1,11,"Siddharth Nagar-Worli, Mumbai"
2024-05-10,80,51,12,5,11,"Siddharth Nagar-Worli, Mumbai"
2024-05-11,75, , , , ,"Siddharth Nagar-Worli, Mumbai"
2024-05-12, ,90,23,14,14,"Siddharth Nagar-Worli, Mumbai"
2024-05-13,162,73,84,21,16,"Siddharth Nagar-Worli, Mumbai"
2024-05-14,136,66,8,28,14,"Siddharth Nagar-Worli, Mumbai"
2024-05-15,86, , , , ,"Siddharth Nagar-Worli, Mumbai"
2024-05-16, ,67,27,7,11,"Siddharth Nagar-Worli, Mumbai"
2024-05-17,117,66,13,5,8,"Siddharth Nagar-Worli, Mumbai"
2024-05-18,116,77,26,12,10,"Siddharth Nagar-Worli, Mumbai"
2024-05-19,93,59,10,12,9,"Siddharth Nagar-Worli, Mumbai"
2024-05-20,73,55,12,10,11,"Siddharth Nagar-Worli, Mumbai"
2024-05-21,89,70,18,12,8,"Siddharth Nagar-Worli, Mumbai"
2024-05-22,70,65,19,18,11,"Siddharth Nagar-Worli, Mumbai"
2024-05-23,119,62,10,12,11,"Siddharth Nagar-Worli, Mumbai"
2024-05-24,76,56,8,11,9,"Siddharth Nagar-Worli, Mumbai"
2024-05-25,98,57,19,10,12,"Siddharth Nagar-Worli, Mumbai"
2024-05-26,73,66,15,10,10,"Siddharth Nagar-Worli, Mumbai"
2024-05-27,80,57,8,11,10,"Siddharth Nagar-Worli, Mumbai"
2024-05-28,65,73,8,4,8,"Siddharth Nagar-Worli, Mumbai"
2024-05-29,128,72,15,11,8,"Siddharth Nagar-Worli, Mumbai"
2024-05-30,80,60,14,11,9,"Siddharth Nagar-Worli, Mumbai"
2024-05-31,67,48,8,4,2,"Siddharth Nagar-Worli, Mumbai"
2024-06-01,83,41,10,4,3,"Siddharth Nagar-Worli, Mumbai"
2024-06-02,77,66,9,11,3,"Siddharth Nagar-Worli, Mumbai"
2024-06-03,117,64,19,14,8,"Siddharth Nagar-Worli, Mumbai"
2024-06-04,139,58,5,16,12,"Siddharth Nagar-Worli, Mumbai"
2024-06-05,54,53,5,6,11,"Siddharth Nagar-Worli, Mumbai"
2024-06-06,41,48,16,7,13,"Siddharth Nagar-Worli, Mumbai"
2024-06-07,21,42,8,15,9,"Siddharth Nagar-Worli, Mumbai"
2024-06-08,42,36,8,16,10,"Siddharth Nagar-Worli, Mumbai"
2024-06-09,23, , , , ,"Siddharth Nagar-Worli, Mumbai"
2024-06-10, ,29,13,3,11,"Siddharth Nagar-Worli, Mumbai"
2024-06-11,16,37,7,9,8,"Siddharth Nagar-Worli, Mumbai"
2024-06-12,18, , , , ,"Siddharth Nagar-Worli, Mumbai"
2024-06-13, ,34,5,4,8,"Siddharth Nagar-Worli, Mumbai"
2024-06-14,34,28,12,43,9,"Siddharth Nagar-Worli, Mumbai"
2024-06-15,21,33,9,29,8,"Siddharth Nagar-Worli, Mumbai"
2024-06-16,24,40,5,4,7,"Siddharth Nagar-Worli, Mumbai"
2024-06-17,17,42,6,17,9,"Siddharth Nagar-Worli, Mumbai"
2024-06-18,37,36,12,8,8,"Siddharth Nagar-Worli, Mumbai"
2024-06-19,20,50,6,6,9,"Siddharth Nagar-Worli, Mumbai"
2024-06-20,11,54,5,2,10,"Siddharth Nagar-Worli, Mumbai"
2024-06-21,26,48,7,9,11,"Siddharth Nagar-Worli, Mumbai"
2024-06-22,28,51,8,8,8,"Siddharth Nagar-Worli, Mumbai"
2024-06-23,41,28,17,2,9,"Siddharth Nagar-Worli, Mumbai"
2024-06-24,20,31,6,9,9,"Siddharth Nagar-Worli, Mumbai"
2024-06-25,30,31,16,4,9,"Siddharth Nagar-Worli, Mumbai"
2024-06-26,22,39,15,5,9,"Siddharth Nagar-Worli, Mumbai"
2024-06-27,13,54,15,4,9,"Siddharth Nagar-Worli, Mumbai"
2024-06-28,23,64,9,5,10,"Siddharth Nagar-Worli, Mumbai"
2024-06-29,22,58,5,4,10,"Siddharth Nagar-Worli, Mumbai"
2024-06-30,27,66,9,1,8,"Siddharth Nagar-Worli, Mumbai"
2024-07-01,17, , , , ,"Siddharth Nagar-Worli, Mumbai"
2024-07-02, ,67,4, ,6,"Siddharth Nagar-Worli, Mumbai"
2024-07-03,53,44,4, ,7,"Siddharth Nagar-Worli, Mumbai"
2024-07-04,61,2,10, ,10,"Siddharth Nagar-Worli, Mumbai"
2024-07-05,67,37,12,2,8,"Siddharth Nagar-Worli, Mumbai"
2024-07-06,52,50,12,3,9,"Siddharth Nagar-Worli, Mumbai"
2024-07-07,69,39,9,14,7,"Siddharth Nagar-Worli, Mumbai"
2024-07-08,63,18,3,7,8,"Siddharth Nagar-Worli, Mumbai"
2024-07-09,12, , , , ,"Siddharth Nagar-Worli, Mumbai"
2024-07-10, ,22,3,5,6,"Siddharth Nagar-Worli, Mumbai"
2024-07-11,7,32,8,4,7,"Siddharth Nagar-Worli, Mumbai"
2024-07-12,6, , , , ,"Siddharth Nagar-Worli, Mumbai"
2024-08-09, ,7,1, , ,"Siddharth Nagar-Worli, Mumbai"
2024-08-10,3, , , , ,"Siddharth Nagar-Worli, Mumbai"
2024-08-11, ,13,3,1,1,"Siddharth Nagar-Worli, Mumbai"
2024-08-12,7, , , , ,"Siddharth Nagar-Worli, Mumbai"
2024-08-13, ,17, , ,2,"Siddharth Nagar-Worli, Mumbai"
2024-08-14,8, , , , ,"Siddharth Nagar-Worli, Mumbai"
2024-08-17, ,9, , ,1,"Siddharth Nagar-Worli, Mumbai"
2024-08-18,12, , , , ,"Siddharth Nagar-Worli, Mumbai"
2024-09-22, ,6,4,1,1,"Siddharth Nagar-Worli, Mumbai"
2024-09-23,27, , , , ,"Siddharth Nagar-Worli, Mumbai"
2024-09-24, ,23,25,4,4,"Siddharth Nagar-Worli, Mumbai"
2024-09-25,64,6,13,3, ,"Siddharth Nagar-Worli, Mumbai"
2024-09-26,48,9,11,3, ,"Siddharth Nagar-Worli, Mumbai"
2024-09-27,34,9,22,5,5,"Siddharth Nagar-Worli, Mumbai"
2024-09-28,27,6,21,8, ,"Siddharth Nagar-Worli, Mumbai"
2024-09-29,31,23,16,9,6,"Siddharth Nagar-Worli, Mumbai"
2024-09-30,58,39,18,8, ,"Siddharth Nagar-Worli, Mumbai"
2024-10-01,85,59,32,9, ,"Siddharth Nagar-Worli, Mumbai"
2024-10-02,140,28,23,4,6,"Siddharth Nagar-Worli, Mumbai"
2024-10-03,76,19,16,5, ,"Siddharth Nagar-Worli, Mumbai"
2024-10-04,38,26,13,12, ,"Siddharth Nagar-Worli, Mumbai"
2024-10-05,56,37,44,10,6,"Siddharth Nagar-Worli, Mumbai"
2024-10-06,69,60,33,18, ,"Siddharth Nagar-Worli, Mumbai"
2024-10-07,136,79,34,19,7,"Siddharth Nagar-Worli, Mumbai"
2024-10-08,156, , , , ,"Siddharth Nagar-Worli, Mumbai"
2024-10-14, ,46,42,17,8,"Siddharth Nagar-Worli, Mumbai"
2024-10-15,90,57,22,21,8,"Siddharth Nagar-Worli, Mumbai"
2024-10-16,110,55,19,15, ,"Siddharth Nagar-Worli, Mumbai"
2024-10-17,126,50,16,12, ,"Siddharth Nagar-Worli, Mumbai"
2024-10-18,120,19,99,17,1,"Siddharth Nagar-Worli, Mumbai"
2024-10-19,46,30,26,15,6,"Siddharth Nagar-Worli, Mumbai"
2024-10-20,68,25,6,18,7,"Siddharth Nagar-Worli, Mumbai"
2024-10-21,64,37,20,119, ,"Siddharth Nagar-Worli, Mumbai"
2024-10-22,86,48,55,93, ,"Siddharth Nagar-Worli, Mumbai"
2024-10-23,109,77,69,19,11,"Siddharth Nagar-Worli, Mumbai"
2024-10-24,159,85,35,20,11,"Siddharth Nagar-Worli, Mumbai"
2024-10-25,164,88,79,20, ,"Siddharth Nagar-Worli, Mumbai"
2024-10-26,160,92,34,18, ,"Siddharth Nagar-Worli, Mumbai"
2024-10-27,158,82,24,15, ,"Siddharth Nagar-Worli, Mumbai"
2024-10-28,140,65,17,11, ,"Siddharth Nagar-Worli, Mumbai"
2024-10-29,100,82,46,18,12,"Siddharth Nagar-Worli, Mumbai"
2024-10-30,124,99,56,20, ,"Siddharth Nagar-Worli, Mumbai"
2024-10-31,151,95,21,15, ,"Siddharth Nagar-Worli, Mumbai"
2024-11-01,139,96,26,17,10,"Siddharth Nagar-Worli, Mumbai"
2024-11-02,140,86,65,18,7,"Siddharth Nagar-Worli, Mumbai"
2024-11-03,138,112,63,20,8,"Siddharth Nagar-Worli, Mumbai"
2024-11-04,144,88,79,19, ,"Siddharth Nagar-Worli, Mumbai"
2024-11-05,136,83,65,24,8,"Siddharth Nagar-Worli, Mumbai"
2024-11-06,117,87,77,18,7,"Siddharth Nagar-Worli, Mumbai"
2024-11-07,157,88,59,20, ,"Siddharth Nagar-Worli, Mumbai"
2024-11-08,164,90,22,22,7,"Siddharth Nagar-Worli, Mumbai"
2024-11-09,164,94,45,25,5,"Siddharth Nagar-Worli, Mumbai"
2024-11-10,164,87,16,27,4,"Siddharth Nagar-Worli, Mumbai"
2024-11-11,167,75,16,20,1,"Siddharth Nagar-Worli, Mumbai"
2024-11-12,161,87,31,22, ,"Siddharth Nagar-Worli, Mumbai"
2024-11-13,164,82,78,43, ,"Siddharth Nagar-Worli, Mumbai"
2024-11-14,157,88,46,28, ,"Siddharth Nagar-Worli, Mumbai"
2024-11-15,164,99,33,25,10,"Siddharth Nagar-Worli, Mumbai"
2024-11-16,174,93,28,18, ,"Siddharth Nagar-Worli, Mumbai"
2024-11-17,183,79,55,21,7,"Siddharth Nagar-Worli, Mumbai"
2024-11-18,155,72,32,22, ,"Siddharth Nagar-Worli, Mumbai"
2024-11-19,147,76,96,16,4,"Siddharth Nagar-Worli, Mumbai"
2024-11-20,155,95,25,31, ,"Siddharth Nagar-Worli, Mumbai"
2024-11-21,154,79,77,15,2,"Siddharth Nagar-Worli, Mumbai"
2024-11-22,166,96,83,27, ,"Siddharth Nagar-Worli, Mumbai"
2024-11-23,172,106,97,23, ,"Siddharth Nagar-Worli, Mumbai"
2024-11-24,176,92,63,22, ,"Siddharth Nagar-Worli, Mumbai"
2024-11-25,161,81,30,23,4,"Siddharth Nagar-Worli, Mumbai"
2024-11-26,157,73,60,25, ,"Siddharth Nagar-Worli, Mumbai"
2024-11-27,152,71,46,26,2,"Siddharth Nagar-Worli, Mumbai"
2024-11-28,150,67,25,23, ,"Siddharth Nagar-Worli, Mumbai"
2024-11-29,133,76,66,20,2,"Siddharth Nagar-Worli, Mumbai"
2024-11-30,155,141,28,20, ,"Siddharth Nagar-Worli, Mumbai"
2024-12-01,165,86,73,19,10,"Siddharth Nagar-Worli, Mumbai"
2024-12-02,172,74,22,14,2,"Siddharth Nagar-Worli, Mumbai"
2024-12-03,159,68,54,19, ,"Siddharth Nagar-Worli, Mumbai"
2024-12-04,156,75,57,22, ,"Siddharth Nagar-Worli, Mumbai"
2024-12-05,162,75,61,19, ,"Siddharth Nagar-Worli, Mumbai"
2024-12-06,161,62,29,14, ,"Siddharth Nagar-Worli, Mumbai"
2024-12-07,134,58,27,15,1,"Siddharth Nagar-Worli, Mumbai"
2024-12-08,106,60,46,21, ,"Siddharth Nagar-Worli, Mumbai"
2024-12-09,107,66,28,20, ,"Siddharth Nagar-Worli, Mumbai"
2024-12-10,112,75,30,22, ,"Siddharth Nagar-Worli, Mumbai"
2024-12-11,151,72,49,22, ,"Siddharth Nagar-Worli, Mumbai"
2024-12-12,152,69,47,20,4,"Siddharth Nagar-Worli, Mumbai"
2024-12-13,144,70,60,24,3,"Siddharth Nagar-Worli, Mumbai"
2024-12-14,141,68,64,21,4,"Siddharth Nagar-Worli, Mumbai"
2024-12-15,141,76,76,31, ,"Siddharth Nagar-Worli, Mumbai"
2024-12-16,152,87,78,47, ,"Siddharth Nagar-Worli, Mumbai"
2024-12-17,159,89,45,33,5,"Siddharth Nagar-Worli, Mumbai"
2024-12-18,163,103,81,37,6,"Siddharth Nagar-Worli, Mumbai"
2024-12-19,174,53,11,7, ,"Siddharth Nagar-Worli, Mumbai"
2024-12-20,129, , , , ,"Siddharth Nagar-Worli, Mumbai"
2024-12-22, ,79,37,10, ,"Siddharth Nagar-Worli, Mumbai"
2024-12-23,163,83,57,11, ,"Siddharth Nagar-Worli, Mumbai"
2024-12-24,164,95,54,13, ,"Siddharth Nagar-Worli, Mumbai"
2024-12-25,175,147,49,10, ,"Siddharth Nagar-Worli, Mumbai"
2024-12-26,174,82,38,15, ,"Siddharth Nagar-Worli, Mumbai"
2024-12-27,164,96,48,9, ,"Siddharth Nagar-Worli, Mumbai"
2024-12-28,180,91,24,12, ,"Siddharth Nagar-Worli, Mumbai"
2024-12-29,176, , , , ,"Siddharth Nagar-Worli, Mumbai"
2024-12-31, ,39,29,7,5,"Siddharth Nagar-Worli, Mumbai"
2025-01-01,110,53,29,13,8,"Siddharth Nagar-Worli, Mumbai"
2025-01-02,123,68,54,23,6,"Siddharth Nagar-Worli, Mumbai"
2025-01-03,138,68,32,30,10,"Siddharth Nagar-Worli, Mumbai"
2025-01-04,140,86,32,33,10,"Siddharth Nagar-Worli, Mumbai"
2025-01-05,159,65,52,15,4,"Siddharth Nagar-Worli, Mumbai"
2025-01-06,140,77,24,13,5,"Siddharth Nagar-Worli, Mumbai"
2025-01-07,157,74,25,18, ,"Siddharth Nagar-Worli, Mumbai"
2025-01-08,156,75,57,16,8,"Siddharth Nagar-Worli, Mumbai"
2025-01-09,150,52,22,25, ,"Siddharth Nagar-Worli, Mumbai"
2025-01-10,154,51,24,10,6,"Siddharth Nagar-Worli, Mumbai"
2025-01-11,155,51,32,12, ,"Siddharth Nagar-Worli, Mumbai"
2025-01-12,148,65,43,15, ,"Siddharth Nagar-Worli, Mumbai"
2025-01-13,183,108,27,20, ,"Siddharth Nagar-Worli, Mumbai"
2025-01-14,177,110,45,24, ,"Siddharth Nagar-Worli, Mumbai"
2025-01-15,180,105,50,16,7,"Siddharth Nagar-Worli, Mumbai"
2025-01-16,177,108,44,42,10,"Siddharth Nagar-Worli, Mumbai"
2025-01-17,175,102,49,29,1,"Siddharth Nagar-Worli, Mumbai"
2025-01-18,165,109,32,18, ,"Siddharth Nagar-Worli, Mumbai"
2025-01-19,173,110,59,25, ,"Siddharth Nagar-Worli, Mumbai"
2025-01-20,173,111,59,25, ,"Siddharth Nagar-Worli, Mumbai"
2025-01-21,172,119,66,25,11,"Siddharth Nagar-Worli, Mumbai"
2025-01-22,183,93,57,12,6,"Siddharth Nagar-Worli, Mumbai"
2025-01-23,157,102,54,21,7,"Siddharth Nagar-Worli, Mumbai"
2025-01-24,161,120,66,27, ,"Siddharth Nagar-Worli, Mumbai"
2025-01-25,178,121,75,20,12,"Siddharth Nagar-Worli, Mumbai"
2025-01-26,182,107,70,16, ,"Siddharth Nagar-Worli, Mumbai"
2025-01-27,175,91,31,16,10,"Siddharth Nagar-Worli, Mumbai"
2025-01-28,158,77,49,15, ,"Siddharth Nagar-Worli, Mumbai"
2025-01-29,137,105,71,17,9,"Siddharth Nagar-Worli, Mumbai"
2025-01-30,172,67,32,11,6,"Siddharth Nagar-Worli, Mumbai"
2025-01-31,86,64,22,12,1,"Siddharth Nagar-Worli, Mumbai"
2025-02-01,93, , , , ,"Siddharth Nagar-Worli, Mumbai"
2025-02-02, ,84,43,9,1,"Siddharth Nagar-Worli, Mumbai"
2025-02-03,113,77,49,15,2,"Siddharth Nagar-Worli, Mumbai"
2025-02-04,118,87,30,14, ,"Siddharth Nagar-Worli, Mumbai"
2025-02-05,123,90,28,20,7,"Siddharth Nagar-Worli, Mumbai"
2025-02-06,148,109,56,27, ,"Siddharth Nagar-Worli, Mumbai"
2025-02-07,166,137,34,41,11,"Siddharth Nagar-Worli, Mumbai"
2025-02-08,182,99,68,23, ,"Siddharth Nagar-Worli, Mumbai"
2025-02-09,171,43,54,24, ,"Siddharth Nagar-Worli, Mumbai"
2025-02-10,139,82,64,12,3,"Siddharth Nagar-Worli, Mumbai"
2025-02-11,160,76,53,14,4,"Siddharth Nagar-Worli, Mumbai"
2025-02-12,148,98,29,27,9,"Siddharth Nagar-Worli, Mumbai"
2025-02-13,154,91,16,27,1,"Siddharth Nagar-Worli, Mumbai"
2025-02-14,158,86,25,1,8,"Siddharth Nagar-Worli, Mumbai"
2025-02-15,146,84,53,1, ,"Siddharth Nagar-Worli, Mumbai"
2025-02-16,137,59,39,18,5,"Siddharth Nagar-Worli, Mumbai"
2025-02-17,90,77,21,15, ,"Siddharth Nagar-Worli, Mumbai"
2025-02-18,123,86,52,17, ,"Siddharth Nagar-Worli, Mumbai"
2025-02-19,143,82,60,11,10,"Siddharth Nagar-Worli, Mumbai"
2025-02-20,147,86,27,28, ,"Siddharth Nagar-Worli, Mumbai"
2025-02-21,130,91,71,32,8,"Siddharth Nagar-Worli, Mumbai"
2025-02-22,128,99,64,26, ,"Siddharth Nagar-Worli, Mumbai"
2025-02-23,111,79,57,22, ,"Siddharth Nagar-Worli, Mumbai"
2025-02-24,51,86,30,20, ,"Siddharth Nagar-Worli, Mumbai"
2025-02-25,113,102,68,20,9,"Siddharth Nagar-Worli, Mumbai"
2025-02-26,157,119,98,18, ,"Siddharth Nagar-Worli, Mumbai"
2025-02-27,181,106,46, , ,"Siddharth Nagar-Worli, Mumbai"
2025-02-28,157,73,24, , ,"Siddharth Nagar-Worli, Mumbai"
2025-03-01,97,87,51, ,6,"Siddharth Nagar-Worli, Mumbai"
2025-03-02,108,91,34, , ,"Siddharth Nagar-Worli, Mumbai"
2025-03-03,111,95,49, , ,"Siddharth Nagar-Worli, Mumbai"
2025-03-04,116,95,56,46, ,"Siddharth Nagar-Worli, Mumbai"
2025-03-05,94,88,73,47,5,"Siddharth Nagar-Worli, Mumbai"
2025-03-06,111,106,43,45, ,"Siddharth Nagar-Worli, Mumbai"
2025-03-07,148,93,29,32, ,"Siddharth Nagar-Worli, Mumbai"
2025-03-08,127,67,15,28,9,"Siddharth Nagar-Worli, Mumbai"
2025-03-09,65,94,39,27,11,"Siddharth Nagar-Worli, Mumbai"
2025-03-10,106,122,105,40,16,"Siddharth Nagar-Worli, Mumbai"
2025-03-11,141,102,82,46,2,"Siddharth Nagar-Worli, Mumbai"
2025-03-12,117, , , , ,"Siddharth Nagar-Worli, Mumbai"
2025-03-14, ,50,35,13, ,"Siddharth Nagar-Worli, Mumbai"
2025-03-15,10,63,49,12,7,"Siddharth Nagar-Worli, Mumbai"
2025-03-16,23,71,26,11, ,"Siddharth Nagar-Worli, Mumbai"
2025-03-17,45,58,45,8, ,"Siddharth Nagar-Worli, Mumbai"
2025-03-18,22,60,39,10, ,"Siddharth Nagar-Worli, Mumbai"
2025-03-19,39,66,77,13, ,"Siddharth Nagar-Worli, Mumbai"
2025-03-20,69,60,31,10, ,"Siddharth Nagar-Worli, Mumbai"
2025-03-21,48,50,33,10, ,"Siddharth Nagar-Worli, Mumbai"
2025-03-22,23,62,40,10,9,"Siddharth Nagar-Worli, Mumbai"
2025-03-23,56,61,47,11, ,"Siddharth Nagar-Worli, Mumbai"
2025-03-24,75,67,40,11,7,"Siddharth Nagar-Worli, Mumbai"
2025-03-25,96,49,17,9, ,"Siddharth Nagar-Worli, Mumbai"
2025-03-26,38,39,28,9,3,"Siddharth Nagar-Worli, Mumbai"
2025-03-27,14,65,41,11, ,"Siddharth Nagar-Worli, Mumbai"
2025-03-28,54,93,85,15,3,"Siddharth Nagar-Worli, Mumbai"
2025-03-29,100,84,80,11, ,"Siddharth Nagar-Worli, Mumbai"
2025-03-30,86,66,29,9,6,"Siddharth Nagar-Worli, Mumbai"
2025-03-31,66,70,50,12, ,"Siddharth Nagar-Worli, Mumbai"
2025-04-01,73,77,33,23, ,"Siddharth Nagar-Worli, Mumbai"
2025-04-02,101,70,24,10,5,"Siddharth Nagar-Worli, Mumbai"
2025-04-03,93,85,26,10,10,"Siddharth Nagar-Worli, Mumbai"
2025-04-04,66,65,16,11,10,"Siddharth Nagar-Worli, Mumbai"
2025-04-05,79,59,14,14, ,"Siddharth Nagar-Worli, Mumbai"
2025-04-06,66,67,62,11, ,"Siddharth Nagar-Worli, Mumbai"
2025-04-07,85,66,49,12,6,"Siddharth Nagar-Worli, Mumbai"
2025-04-08,80,56,36,9, ,"Siddharth Nagar-Worli, Mumbai"
2025-04-09,57,45,23,7,10,"Siddharth Nagar-Worli, Mumbai"
2025-04-10,28,43,8,7, ,"Siddharth Nagar-Worli, Mumbai"
2025-04-11,27,35,18,6, ,"Siddharth Nagar-Worli, Mumbai"
2025-04-12,19,46,20,5, ,"Siddharth Nagar-Worli, Mumbai"
2025-04-13,36,47,23,9, ,"Siddharth Nagar-Worli, Mumbai"
2025-04-14,34,57,23,6, ,"Siddharth Nagar-Worli, Mumbai"
2025-04-15,42,39,8,5,5,"Siddharth Nagar-Worli, Mumbai"
2025-04-16,22,37,9,5, ,"Siddharth Nagar-Worli, Mumbai"
2025-04-17,20,34,24,5, ,"Siddharth Nagar-Worli, Mumbai"
2025-04-18,56,39,10,5, ,"Siddharth Nagar-Worli, Mumbai"
2025-04-19,53,57,24,7, ,"Siddharth Nagar-Worli, Mumbai"
2025-04-20,60,51,14,6, ,"Siddharth Nagar-Worli, Mumbai"
2025-04-21,53,78,19,10,7,"Siddharth Nagar-Worli, Mumbai"
2025-04-22,79,78,23,5, ,"Siddharth Nagar-Worli, Mumbai"
2025-04-23,79,61,22,1, ,"Siddharth Nagar-Worli, Mumbai"
2025-04-24,61, , , , ,"Siddharth Nagar-Worli, Mumbai"
2025-04-27, ,59,9,15, ,"Siddharth Nagar-Worli, Mumbai"
2025-04-28,66,59,15,10, ,"Siddharth Nagar-Worli, Mumbai"
2025-04-29,66,51,16,13, ,"Siddharth Nagar-Worli, Mumbai"
2025-04-30,51,43,21,14, ,"Siddharth Nagar-Worli, Mumbai"
2025-05-01,58,49,11,14,9,"Siddharth Nagar-Worli, Mumbai"
2025-05-02,56,43,18,14, ,"Siddharth Nagar-Worli, Mumbai"
2025-05-03,54,42,16,14, ,"Siddharth Nagar-Worli, Mumbai"
2025-05-04,54,44,7,13, ,"Siddharth Nagar-Worli, Mumbai"
2025-05-05,56,43,12,13, ,"Siddharth Nagar-Worli, Mumbai"
2025-05-06,59,52,23,14, ,"Siddharth Nagar-Worli, Mumbai"
2025-05-07,55,31,18,83,4,"Siddharth Nagar-Worli, Mumbai"
2025-05-08,7,23,18,8, ,"Siddharth Nagar-Worli, Mumbai"
2025-05-09,8,34,9,9, ,"Siddharth Nagar-Worli, Mumbai"
2025-05-10,8,32,24,7,2,"Siddharth Nagar-Worli, Mumbai"
2025-05-11,9,26,14,7,2,"Siddharth Nagar-Worli, Mumbai"
2025-05-12,45,33,14,6, ,"Siddharth Nagar-Worli, Mumbai"
2025-05-13,48,46,10,11, ,"Siddharth Nagar-Worli, Mumbai"
2025-05-14,57,29,10,13, ,"Siddharth Nagar-Worli, Mumbai"
2025-05-15,92,60,14,6, ,"Siddharth Nagar-Worli, Mumbai"
2025-05-16,57,59,10,6, ,"Siddharth Nagar-Worli, Mumbai"
2025-05-17,46,63,14,6, ,"Siddharth Nagar-Worli, Mumbai"
2025-05-18,50,57,15,5, ,"Siddharth Nagar-Worli, Mumbai"
2025-05-19,60,12,19,7, ,"Siddharth Nagar-Worli, Mumbai"
2025-05-20,53,52,31,10, ,"Siddharth Nagar-Worli, Mumbai"
2025-05-21,62,38,15,12, ,"Siddharth Nagar-Worli, Mumbai"
2025-05-22,57,63,25,19, ,"Siddharth Nagar-Worli, Mumbai"
2025-05-23,99,71,16,16, ,"Siddharth Nagar-Worli, Mumbai"
2025-05-24,101,47,9,6,3,"Siddharth Nagar-Worli, Mumbai"
2025-05-25,65,56,6,4,4,"Siddharth Nagar-Worli, Mumbai"
2025-05-26,53,44,11,8,1,"Siddharth Nagar-Worli, Mumbai"
2025-05-27,55,59,11,17, ,"Siddharth Nagar-Worli, Mumbai"
2025-05-28,72,69,4,13, ,"Siddharth Nagar-Worli, Mumbai"
2025-05-29,76,73,9,5, ,"Siddharth Nagar-Worli, Mumbai"
2025-05-30,76,71,9,4,4,"Siddharth Nagar-Worli, Mumbai"
2025-05-31,72, , , , ,"Siddharth Nagar-Worli, Mumbai"
2025-06-01, ,63,5,5, ,"Siddharth Nagar-Worli, Mumbai"
2025-06-02,63,63,7,4, ,"Siddharth Nagar-Worli, Mumbai"
2025-06-03,63,37,19,21,7,"Siddharth Nagar-Worli, Mumbai"
2025-06-04,54,66,7,13,6,"Siddharth Nagar-Worli, Mumbai"
2025-06-05,84,54,15,12, ,"Siddharth Nagar-Worli, Mumbai"
2025-06-06,87,26,7,13, ,"Siddharth Nagar-Worli, Mumbai"
2025-06-07,53,49,13,12, ,"Siddharth Nagar-Worli, Mumbai"
2025-06-08,75,51,12,4, ,"Siddharth Nagar-Worli, Mumbai"
2025-06-09,71,40,6,5, ,"Siddharth Nagar-Worli, Mumbai"
2025-06-10,60,24,11,5, ,"Siddharth Nagar-Worli, Mumbai"
2025-06-11,40,30,11,5, ,"Siddharth Nagar-Worli, Mumbai"
2025-06-12,37,39,10,7,2,"Siddharth Nagar-Worli, Mumbai"
2025-06-13,51,21,9,8, ,"Siddharth Nagar-Worli, Mumbai"
2025-06-14,55, ,15,13, ,"Siddharth Nagar-Worli, Mumbai"
2025-06-15,61,30,9,4, ,"Siddharth Nagar-Worli, Mumbai"
2025-06-16,41,37,8,4, ,"Siddharth Nagar-Worli, Mumbai"
2025-06-17,65,10,16,4,7,"Siddharth Nagar-Worli, Mumbai"
2025-06-18,47,47,12,4,9,"Siddharth Nagar-Worli, Mumbai"
2025-06-19,50,45,8,4, ,"Siddharth Nagar-Worli, Mumbai"
2025-06-20,55,44,9,3, ,"Siddharth Nagar-Worli, Mumbai"
2025-06-21,56,42,5,3, ,"Siddharth Nagar-Worli, Mumbai"
2025-06-22,55,37,9,3,4,"Siddharth Nagar-Worli, Mumbai"
2025-06-23,52,90,9,5, ,"Siddharth Nagar-Worli, Mumbai"
2025-06-24,82,53,11,4, ,"Siddharth Nagar-Worli, Mumbai"
2025-06-25,55,51,12,4, ,"Siddharth Nagar-Worli, Mumbai"
2025-06-26,61,52,12,4, ,"Siddharth Nagar-Worli, Mumbai"
2025-06-27,59,63,11,4, ,"Siddharth Nagar-Worli, Mumbai"
2025-06-28,68,45,14,3, ,"Siddharth Nagar-Worli, Mumbai"
2025-06-29,56,43,11,3, ,"Siddharth Nagar-Worli, Mumbai"
2025-06-30,65,42,11,3, ,"Siddharth Nagar-Worli, Mumbai"
2025-07-01,54,35,9,2,6,"Siddharth Nagar-Worli, Mumbai"
2025-07-02,54,32,19,110, ,"Siddharth Nagar-Worli, Mumbai"
2025-07-03,46,45,13,48, ,"Siddharth Nagar-Worli, Mumbai"
2025-07-04,53,46,12,12, ,"Siddharth Nagar-Worli, Mumbai"
2025-07-05,62,51,6,13, ,"Siddharth Nagar-Worli, Mumbai"
2025-07-06,61,51,11,39, ,"Siddharth Nagar-Worli, Mumbai"
2025-07-07,61,44,6,50, ,"Siddharth Nagar-Worli, Mumbai"
2025-07-08,57,45,10,30, ,"Siddharth Nagar-Worli, Mumbai"
2025-07-09,64,45,11,16, ,"Siddharth Nagar-Worli, Mumbai"
2025-07-10,66,40,10,15, ,"Siddharth Nagar-Worli, Mumbai"
2025-07-11,64,42,9,13,4,"Siddharth Nagar-Worli, Mumbai"
2025-07-12,56,34,10,13,3,"Siddharth Nagar-Worli, Mumbai"
2025-07-13,56,12,5,12, ,"Siddharth Nagar-Worli, Mumbai"
2025-07-14,39,49,9, , ,"Siddharth Nagar-Worli, Mumbai"
2025-07-15,62,60,8, , ,"Siddharth Nagar-Worli, Mumbai"
2025-07-16,62,39,9,109,7,"Siddharth Nagar-Worli, Mumbai"
2025-07-17,53,40,9,47,5,"Siddharth Nagar-Worli, Mumbai"
2025-07-18,66,34,11,17, ,"Siddharth Nagar-Worli, Mumbai"
2025-07-19,59,24,5,15, ,"Siddharth Nagar-Worli, Mumbai"
2025-07-20,56,23,9,15, ,"Siddharth Nagar-Worli, Mumbai"
2025-07-21,56,24,11,14, ,"Siddharth Nagar-Worli, Mumbai"
2025-07-22,48,35,12,13, ,"Siddharth Nagar-Worli, Mumbai"
2025-07-23, ,49,12,10, ,"Siddharth Nagar-Worli, Mumbai"
2025-07-24,52,50,8,8, ,"Siddharth Nagar-Worli, Mumbai"
2025-07-25,57, , , , ,"Siddharth Nagar-Worli, Mumbai"
2025-07-28, ,36,8,13,2,"Siddharth Nagar-Worli, Mumbai"
2025-07-29,37,58,5,8,1,"Siddharth Nagar-Worli, Mumbai"
2025-07-30,64,58,10,7, ,"Siddharth Nagar-Worli, Mumbai"
2025-07-31,65,58,6,6,4,"Siddharth Nagar-Worli, Mumbai"
2025-08-01,59,44,10,6,3,"Siddharth Nagar-Worli, Mumbai"
2025-08-02,51,46,6,5,3,"Siddharth Nagar-Worli, Mumbai"
2025-08-03,45,46,10,5,3,"Siddharth Nagar-Worli, Mumbai"
2025-08-04,50,35,43,18,2,"Siddharth Nagar-Worli, Mumbai"
2025-08-05,46,37,8,25,9,"Siddharth Nagar-Worli, Mumbai"
2025-08-06,51,32,5,19, ,"Siddharth Nagar-Worli, Mumbai"
2025-08-07,54,47,4,11, ,"Siddharth Nagar-Worli, Mumbai"
2025-08-08,53,46,3,14,6,"Siddharth Nagar-Worli, Mumbai"
2025-08-09,59,46,3,10, ,"Siddharth Nagar-Worli, Mumbai"
2025-08-10,58,41,4,8, ,"Siddharth Nagar-Worli, Mumbai"
2025-08-11,52,36,7,8,2,"Siddharth Nagar-Worli, Mumbai"
2025-08-12,57,31,3,14,6,"Siddharth Nagar-Worli, Mumbai"
2025-08-13,40,26,10,12, ,"Siddharth Nagar-Worli, Mumbai"
2025-08-14,42,24,6,8,3,"Siddharth Nagar-Worli, Mumbai"
2025-08-15,34,33,4,7,2,"Siddharth Nagar-Worli, Mumbai"
2025-08-16,48,29,11,9,1,"Siddharth Nagar-Worli, Mumbai"
2025-08-17,46,40,11,7,2,"Siddharth Nagar-Worli, Mumbai"
2025-08-18,45,48,13,6, ,"Siddharth Nagar-Worli, Mumbai"
2025-08-19,49,58,8,9, ,"Siddharth Nagar-Worli, Mumbai"
2025-08-20,54,50,5,7, ,"Siddharth Nagar-Worli, Mumbai"
2025-08-21,55,38,9,7, ,"Siddharth Nagar-Worli, Mumbai"
2025-08-22,45,37,9,6, ,"Siddharth Nagar-Worli, Mumbai"
2025-08-23,43,35,10,6, ,"Siddharth Nagar-Worli, Mumbai"
2025-08-24,38,31,9,7, ,"Siddharth Nagar-Worli, Mumbai"
2025-08-25,27,33,4,7, ,"Siddharth Nagar-Worli, Mumbai"
2025-08-26,41,37,4,7,4,"Siddharth Nagar-Worli, Mumbai"
2025-08-27,49,44,7,9, ,"Siddharth Nagar-Worli, Mumbai"
2025-08-28,61,35,6,13, ,"Siddharth Nagar-Worli, Mumbai"
2025-08-29,57,26,8,8, ,"Siddharth Nagar-Worli, Mumbai"
2025-08-30,49,38,8,6, ,"Siddharth Nagar-Worli, Mumbai"
2025-08-31,54,38,5,6, ,"Siddharth Nagar-Worli, Mumbai"
2025-09-01,43,41,5,6, ,"Siddharth Nagar-Worli, Mumbai"
2025-09-02,53,43,6,6, ,"Siddharth Nagar-Worli, Mumbai"
2025-09-03,49,41,9,6, ,"Siddharth Nagar-Worli, Mumbai"
2025-09-04,52,36,10,6, ,"Siddharth Nagar-Worli, Mumbai"
2025-09-05,36,11,5,5,13,"Siddharth Nagar-Worli, Mumbai"
2025-09-06,40,41,4,7, ,"Siddharth Nagar-Worli, Mumbai"
2025-09-07, ,38,4,22, ,"Siddharth Nagar-Worli, Mumbai"
2025-09-08, ,50,32,14, ,"Siddharth Nagar-Worli, Mumbai"
2025-09-09,42,55,12,13, ,"Siddharth Nagar-Worli, Mumbai"
2025-09-10,66,50,4,18, ,"Siddharth Nagar-Worli, Mumbai"
2025-09-11,31,43,6,35, ,"Siddharth Nagar-Worli, Mumbai"
2025-09-12,47,44,11,41, ,"Siddharth Nagar-Worli, Mumbai"
2025-09-13,67,33,13,26, ,"Siddharth Nagar-Worli, Mumbai"
2025-09-14,69,43,6,33,11,"Siddharth Nagar-Worli, Mumbai"
2025-09-15,45,36, ,51,14,"Siddharth Nagar-Worli, Mumbai"
2025-09-16,61,21,7,29, ,"Siddharth Nagar-Worli, Mumbai"
2025-09-17,35,22,6,26,11,"Siddharth Nagar-Worli, Mumbai"
2025-09-18,38,26,6,28, ,"Siddharth Nagar-Worli, Mumbai"
2025-09-19,39,32,3,25, ,"Siddharth Nagar-Worli, Mumbai"
2025-09-20,48,25,7,24, ,"Siddharth Nagar-Worli, Mumbai"
2025-09-21,35,30,7,37, ,"Siddharth Nagar-Worli, Mumbai"
2025-09-22,44,37,9,25, ,"Siddharth Nagar-Worli, Mumbai"
2025-09-23,64,31,3,15, ,"Siddharth Nagar-Worli, Mumbai"
2025-09-24,37,26,8,18, ,"Siddharth Nagar-Worli, Mumbai"
2025-09-25,45,41,3,22, ,"Siddharth Nagar-Worli, Mumbai"
2025-09-26,58,29,4,14, ,"Siddharth Nagar-Worli, Mumbai"
2025-09-27,49,26,18,12, ,"Siddharth Nagar-Worli, Mumbai"
2025-09-28,48,43,9,20, ,"Siddharth Nagar-Worli, Mumbai"
2025-09-29,61,30,5,18, ,"Siddharth Nagar-Worli, Mumbai"
2025-09-30,54,29,5,16, ,"Siddharth Nagar-Worli, Mumbai"
2025-10-01,45,28,2,16,18,"Siddharth Nagar-Worli, Mumbai"
2025-10-02,45,30,6,16, ,"Siddharth Nagar-Worli, Mumbai"
2025-10-03,43,31,7,15, ,"Siddharth Nagar-Worli, Mumbai"
2025-10-04,37,46,6,17, ,"Siddharth Nagar-Worli, Mumbai"
2025-10-05,58,36,8,15,2,"Siddharth Nagar-Worli, Mumbai"
2025-10-06,50,30,23,37, ,"Siddharth Nagar-Worli, Mumbai"
2025-10-07,51,53,6,19, ,"Siddharth Nagar-Worli, Mumbai"
2025-10-08,69,74,11,18, ,"Siddharth Nagar-Worli, Mumbai"
2025-10-09,108,95,12,21, ,"Siddharth Nagar-Worli, Mumbai"
2025-10-10,146,120,13,21,7,"Siddharth Nagar-Worli, Mumbai"
2025-10-11,155,112,26,22, ,"Siddharth Nagar-Worli, Mumbai"
2025-10-12,158,91,27,21, ,"Siddharth Nagar-Worli, Mumbai"
2025-10-13,150,84,30,22,6,"Siddharth Nagar-Worli, Mumbai"
2025-10-14,146,78,33,25, ,"Siddharth Nagar-Worli, Mumbai"
2025-10-15,107,63,13,24,8,"Siddharth Nagar-Worli, Mumbai"
2025-10-16,121,52,25,19, ,"Siddharth Nagar-Worli, Mumbai"
2025-10-17,108,65,17,21, ,"Siddharth Nagar-Worli, Mumbai"
2025-10-18,152,81,27,20, ,"Siddharth Nagar-Worli, Mumbai"
2025-10-19,160,94,25,19, ,"Siddharth Nagar-Worli, Mumbai"
2025-10-20,175,109,18,20, ,"Siddharth Nagar-Worli, Mumbai"
2025-10-21,204,76,15,18, ,"Siddharth Nagar-Worli, Mumbai"
2025-10-22,152,54,15,18, ,"Siddharth Nagar-Worli, Mumbai"
2025-10-23,116,32,8,15, ,"Siddharth Nagar-Worli, Mumbai"
2025-10-24,70,31,6,18,7,"Siddharth Nagar-Worli, Mumbai"
2025-10-25,47,32,8,15,5,"Siddharth Nagar-Worli, Mumbai"
2025-10-26,40,25,11,15, ,"Siddharth Nagar-Worli, Mumbai"
2025-10-27,39,46,8,14, ,"Siddharth Nagar-Worli, Mumbai"
2025-10-28,74,58,14,14, ,"Siddharth Nagar-Worli, Mumbai"
2025-10-29,87,41,13,12, ,"Siddharth Nagar-Worli, Mumbai"
2025-10-30,69,42,7,15, ,"Siddharth Nagar-Worli, Mumbai"
2025-10-31,58,41,11,13,3,"Siddharth Nagar-Worli, Mumbai"
2025-11-01,63,32,3,12,3,"Siddharth Nagar-Worli, Mumbai"
2025-11-02,55,29,14,13,4,"Siddharth Nagar-Worli, Mumbai"
2025-11-03,48,29,15,8,3,"Siddharth Nagar-Worli, Mumbai"
2025-11-04,59,43,8,8, ,"Siddharth Nagar-Worli, Mumbai"
2025-11-05,66,68,23,31, ,"Siddharth Nagar-Worli, Mumbai"
2025-11-06,99,89,51,15,4,"Siddharth Nagar-Worli, Mumbai"
2025-11-07,153,67,40,25,8,"Siddharth Nagar-Worli, Mumbai"
2025-11-08,122,68,43,35,6,"Siddharth Nagar-Worli, Mumbai"
2025-11-09,125,60,23,29, ,"Siddharth Nagar-Worli, Mumbai"
2025-11-10,118,74,34,35, ,"Siddharth Nagar-Worli, Mumbai"
2025-11-11,129,77,43,34,6,"Siddharth Nagar-Worli, Mumbai"
2025-11-12,152,81,25,32, ,"Siddharth Nagar-Worli, Mumbai"
2025-11-13,156,88,68,35,6,"Siddharth Nagar-Worli, Mumbai"
2025-11-14,159,96,11,48,10,"Siddharth Nagar-Worli, Mumbai"
2025-11-15,151, , , , ,"Siddharth Nagar-Worli, Mumbai"
2025-11-16, ,76,55,23,3,"Siddharth Nagar-Worli, Mumbai"
2025-11-17,158,87,49,34,7,"Siddharth Nagar-Worli, Mumbai"
2025-11-18,164,91,56,39, ,"Siddharth Nagar-Worli, Mumbai"
2025-11-19,167,85,51,34,6,"Siddharth Nagar-Worli, Mumbai"
2025-11-20,165,95,30,35, ,"Siddharth Nagar-Worli, Mumbai"
2025-11-21,170,94,33,35, ,"Siddharth Nagar-Worli, Mumbai"
2025-11-22,169,114,54,48,10,"Siddharth Nagar-Worli, Mumbai"
2025-11-23,168,110,27,38, ,"Siddharth Nagar-Worli, Mumbai"
2025-11-24,169,107,45,22, ,"Siddharth Nagar-Worli, Mumbai"
2025-11-25,189,122,48,28,12,"Siddharth Nagar-Worli, Mumbai"
2025-11-26,181,102,32,24,10,"Siddharth Nagar-Worli, Mumbai"
2025-11-27,138,97,26,29,6,"Siddharth Nagar-Worli, Mumbai"
2025-11-28,148,91,40,25, ,"Siddharth Nagar-Worli, Mumbai"
2025-11-29,134,83,43,32,3,"Siddharth Nagar-Worli, Mumbai"
2025-11-30,154,89,56,29, ,"Siddharth Nagar-Worli, Mumbai"
2025-12-01,165,94,46,36,5,"Siddharth Nagar-Worli, Mumbai"
2025-12-02,165,95,42,33,5,"Siddharth Nagar-Worli, Mumbai"
2025-12-03,168,96,18,34,5,"Siddharth Nagar-Worli, Mumbai"
2025-12-04,168,95,21,31, ,"Siddharth Nagar-Worli, Mumbai"
2025-12-05,168,83,41,29,5,"Siddharth Nagar-Worli, Mumbai"
2025-12-06,156,83,28,28, ,"Siddharth Nagar-Worli, Mumbai"
2025-12-07,152,81,45,33,5,"Siddharth Nagar-Worli, Mumbai"
2025-12-08,144,82,21,44, ,"Siddharth Nagar-Worli, Mumbai"
2025-12-09,127,65,41,43,2,"Siddharth Nagar-Worli, Mumbai"
2025-12-10,101,66,25,52, ,"Siddharth Nagar-Worli, Mumbai"
2025-12-11,137,72,28,21, ,"Siddharth Nagar-Worli, Mumbai"
2025-12-12,148,94,36,40, ,"Siddharth Nagar-Worli, Mumbai"
2025-12-13,160,95,66,41,4,"Siddharth Nagar-Worli, Mumbai"
2025-12-14,162,83,46,34,2,"Siddharth Nagar-Worli, Mumbai"
2025-12-15,151,93,56,33, ,"Siddharth Nagar-Worli, Mumbai"
2025-12-16,155,96,60,30,3,"Siddharth Nagar-Worli, Mumbai"
2025-12-17,166,97,47,34,4,"Siddharth Nagar-Worli, Mumbai"
2025-12-18,168,90,11,32, ,"Siddharth Nagar-Worli, Mumbai"
2025-12-19,151,53,35,29, ,"Siddharth Nagar-Worli, Mumbai"
2025-12-20,102,83,12,39, ,"Siddharth Nagar-Worli, Mumbai"
2025-12-21,134,69,24,30, ,"Siddharth Nagar-Worli, Mumbai"
2025-12-22,154,72,24,22, ,"Siddharth Nagar-Worli, Mumbai"
2025-12-23,141,68,20,29, ,"Siddharth Nagar-Worli, Mumbai"
2025-12-24,116,87,26,34, ,"Siddharth Nagar-Worli, Mumbai"
2025-12-25,148,103,71,38, ,"Siddharth Nagar-Worli, Mumbai"
2025-12-26,169,96,58,31,5,"Siddharth Nagar-Worli, Mumbai"
2025-12-27,166,106,36,37, ,"Siddharth Nagar-Worli, Mumbai"
2025-12-28,170, , , , ,"Siddharth Nagar-Worli, Mumbai"
2025-12-31, ,59,21,20, ,"Siddharth Nagar-Worli, Mumbai"
2026-01-01,126,85,27,30,7,"Siddharth Nagar-Worli, Mumbai"
2026-01-02,154,90,19,22, ,"Siddharth Nagar-Worli, Mumbai"
2026-01-03,163,110,33,24,8,"Siddharth Nagar-Worli, Mumbai"
2026-01-04,183,102,43,24,7,"Siddharth Nagar-Worli, Mumbai"
2026-01-05,174,107,48,30,8,"Siddharth Nagar-Worli, Mumbai"
2026-01-06,178,109,28,21, ,"Siddharth Nagar-Worli, Mumbai"
2026-01-07,181,94,50,7, ,"Siddharth Nagar-Worli, Mumbai"
2026-01-08,169,86,95,13,9,"Siddharth Nagar-Worli, Mumbai"
2026-01-09,163,98,62,13,7,"Siddharth Nagar-Worli, Mumbai"
2026-01-10,167,107,65,13,9,"Siddharth Nagar-Worli, Mumbai"
2026-01-11,169,87,68,7, ,"Siddharth Nagar-Worli, Mumbai"
2026-01-12,161,111,97,7,12,"Siddharth Nagar-Worli, Mumbai"
2026-01-13,172,108,77,36,12,"Siddharth Nagar-Worli, Mumbai"
2026-01-14,172,74,71,48, ,"Siddharth Nagar-Worli, Mumbai"
2026-01-15,148,87,67,10,9,"Siddharth Nagar-Worli, Mumbai"
2026-01-16,157,63,27,27, ,"Siddharth Nagar-Worli, Mumbai"
2026-01-17,133,54,51,31, ,"Siddharth Nagar-Worli, Mumbai"
2026-01-18,107,52,22,32, ,"Siddharth Nagar-Worli, Mumbai"
2026-01-19,92,73,59,38,7,"Siddharth Nagar-Worli, Mumbai"
2026-01-20,127,115,37,58, ,"Siddharth Nagar-Worli, Mumbai"
2026-01-21,176,102,63,50, ,"Siddharth Nagar-Worli, Mumbai"
2026-01-22,165,43,17,18, ,"Siddharth Nagar-Worli, Mumbai"
2026-01-23,109,44,49,28,6,"Siddharth Nagar-Worli, Mumbai"
2026-01-24,88,62,28,29, ,"Siddharth Nagar-Worli, Mumbai"
2026-01-25,123,74,78,27,10,"Siddharth Nagar-Worli, Mumbai"
2026-01-26,157,47,48,13, ,"Siddharth Nagar-Worli, Mumbai"
2026-01-27,113,40,59,16, ,"Siddharth Nagar-Worli, Mumbai"
2026-01-28,78,57,58,29, ,"Siddharth Nagar-Worli, Mumbai"
2026-01-29,106,72,43,35,10,"Siddharth Nagar-Worli, Mumbai"
2026-01-30,145,60,42,22,11,"Siddharth Nagar-Worli, Mumbai"
2026-01-31,136,67,26,12, ,"Siddharth Nagar-Worli, Mumbai"
2026-02-01,156,82,46,25,12,"Siddharth Nagar-Worli, Mumbai"
2026-02-02,164,76,52,41,10,"Siddharth Nagar-Worli, Mumbai"
2026-02-03,157,92,42,18, ,"Siddharth Nagar-Worli, Mumbai"
2026-02-04,159,78,60,21,8,"Siddharth Nagar-Worli, Mumbai"
2026-02-05,150,83,68,23, ,"Siddharth Nagar-Worli, Mumbai"
2026-02-06,150,73,54,15,8,"Siddharth Nagar-Worli, Mumbai"
2026-02-07,142,81,5,36,12,"Siddharth Nagar-Worli, Mumbai"
2026-02-08,131, , , , ,"Siddharth Nagar-Worli, Mumbai"
2026-02-12, ,69,25,13, ,"Siddharth Nagar-Worli, Mumbai"
2026-02-13,140,93,71,24,13,"Siddharth Nagar-Worli, Mumbai"
2026-02-14,153,86,68,19, ,"Siddharth Nagar-Worli, Mumbai"
2026-02-15,144,66,59,13, ,"Siddharth Nagar-Worli, Mumbai"
2026-02-16,113,44,70,22,7,"Siddharth Nagar-Worli, Mumbai"
2026-02-17,89,39,31,17, ,"Siddharth Nagar-Worli, Mumbai"
2026-02-18,80, , , , ,"Siddharth Nagar-Worli, Mumbai"
